case_id,mode,pattern_type,visible_text,fragments,fragment_count,injected_error_count,source_family,source_target,source_type,source_word_shape,split
partial_000607fa3f7594e3,parts,full_name_two_parts,RATI LYALIGHTENING,RATI;LYALIGHTENING,2,0,RATILYA LIGHTENING,RATILYALIGHTENING,base,multi_word,development
partial_00120521235e1b6d,parts,full_name_three_parts,FUC ITHA LMIC,FUC;ITHA;LMIC,3,0,FUCITHALMIC,FUCITHALMIC,base,single_word,development
partial_001f805beecf1d85,parts,full_name_two_parts,PIROXIF AR,PIROXIF;AR,2,0,PIROXIFAR,PIROXIFAR,base,single_word,development
partial_0035c33acf44b3a4,parts,full_name_two_parts,VERIOLI GHT,VERIOLI;GHT,2,0,VERIOLIGHT,VERIOLIGHT,base,single_word,development
partial_0038b37c9c24a002,parts,full_name_two_parts,IGEAMA RINECOLLAGEN,IGEAMA;RINECOLLAGEN,2,0,IGEA MARINE COLLAGEN,IGEAMARINECOLLAGEN,base,multi_word,development
partial_004a3152e2d4f90d,parts,two_edges_second_typo,REMA EMIN,REMA;EMIN,2,1,REMAZAMIN,REMAZAMIN,base,single_word,development
partial_007d958a1ac83db4,parts,two_edges_exact,COLO ERIN,COLO;ERIN,2,0,COLOVERIN,COLOVERIN,base,single_word,development
partial_008ba2df1d33a9ed,parts,full_name_two_parts,CERED ERMPLASTERANCHOR22CM,CERED;ERMPLASTERANCHOR22CM,2,0,CEREDERM,CEREDERMPLASTERANCHOR22CM,base,multi_word,holdout
partial_00902670a959f619,parts,full_name_two_parts,BAMB INOMAAGHARIBE,BAMB;INOMAAGHARIBE,2,0,BAMBINO MAA GHARIBE,BAMBINOMAAGHARIBE,base,multi_word,development
partial_009b648e0d91f276,parts,two_edges_first_typo,NOAM CARD,NOAM;CARD,2,1,NORMOCARD,NORMOCARD,base,single_word,development
partial_00a5613ed2cdae83,parts,one_internal_exact,LAGF,LAGF,1,0,COLLAG FLEX,COLLAGFLEX,base,multi_word,development
partial_00ad25d0963ddc02,parts,two_edges_first_typo,FLEA STRA,FLEA;STRA,2,1,FLEXASTRA,FLEXASTRA,base,single_word,development
partial_00bdc107787b9f76,parts,one_internal_typo,LAXL,LAXL,1,1,OMEGALOX,OMEGALOXLIQUID,base,multi_word,development
partial_00c2245a7fdeab35,parts,full_name_two_parts,NUXEREVED EMIELFACECLEANSING,NUXEREVED;EMIELFACECLEANSING,2,0,NUXE REVE DE MIEL FACE CLEANSING,NUXEREVEDEMIELFACECLEANSING,base,multi_word,development
partial_00c28231c57da864,parts,full_name_two_parts,LIMITLESSCO NCEIVEQ,LIMITLESSCO;NCEIVEQ,2,0,LIMITLESS,LIMITLESSCONCEIVEQ,base,multi_word,holdout
partial_00dc33bde535551a,parts,one_internal_typo,ISAO,ISAO,1,1,NOVISTORIC,NOVISTORIC,base,single_word,holdout
partial_00df42539a05cb19,parts,one_internal_exact,LSOO,LSOO,1,0,SWIVEL,SWIVELSOOTHING,base,multi_word,development
partial_00e2577c08e1581f,parts,one_suffix_exact,LGIN,LGIN,1,0,ANALGIN,ANALGIN,base,single_word,development
partial_0141175a908f35f5,parts,full_name_two_parts,BMEL TINSTANTDISSOLVE,BMEL;TINSTANTDISSOLVE,2,0,B MELT INSTANT DISSOLVE,BMELTINSTANTDISSOLVE,base,multi_word,development
partial_0181713bc7cb2964,parts,full_name_two_parts,NEWV ITALL,NEWV;ITALL,2,0,NEW VITALL,NEWVITALL,base,multi_word,development
partial_0181fbb4746b2a22,parts,full_name_two_parts,HOSTAT RIO,HOSTAT;RIO,2,0,HOSTATRIO,HOSTATRIO,base,single_word,development
partial_0185b19ab63a08ed,parts,full_name_two_parts,PAR AGESICBABY,PAR;AGESICBABY,2,0,PARAGESIC,PARAGESICBABY,base,multi_word,holdout
partial_01a38318ebdad43a,parts,three_ordered_exact,ALL EVI MIN,ALL;EVI;MIN,3,0,ALL ONE VITAMIN,ALLONEVITAMIN,base,multi_word,development
partial_01ad762c12942b76,parts,three_ordered_middle_typo,AVE RAC ING,AVE;RAC;ING,3,1,AVENE,AVENEULTRARICHCLEANSING,base,multi_word,holdout
partial_01b0815a21ad5dc6,parts,full_name_two_parts,AGGRA STAT,AGGRA;STAT,2,0,AGGRASTAT,AGGRASTAT,base,single_word,development
partial_01c168dc96c20295,parts,full_name_two_parts,MIRRAMORCA REMASSAGE,MIRRAMORCA;REMASSAGE,2,0,MIRRAMORCARE,MIRRAMORCAREMASSAGE,base,multi_word,holdout
partial_01c337d56cbcc131,parts,full_name_two_parts,GENGIGELMOUTHRI NSE,GENGIGELMOUTHRI;NSE,2,0,GENGIGEL,GENGIGELMOUTHRINSE,base,multi_word,holdout
partial_01c7d426e9c4ee72,parts,one_internal_exact,EYON,EYON,1,0,NUTRIBEYOND SILICA,NUTRIBEYONDSILICA,base,multi_word,development
partial_01ceefbb307abbc2,parts,full_name_two_parts,NEXIMA SH,NEXIMA;SH,2,0,NEXIMASH,NEXIMASH,base,single_word,holdout
partial_01d6c55080b1a271,parts,one_prefix_exact,VANV,VANV,1,0,VANVILDA,VANVILDA,base,single_word,development
partial_01db6269e481c864,parts,two_edges_second_typo,TWEE HAAM,TWEE;HAAM,2,1,TWEETOHEAM,TWEETOHEAM,base,single_word,development
partial_01ffc5ddf19059aa,parts,full_name_two_parts,NORE PEZIL,NORE;PEZIL,2,0,NOREPEZIL,NOREPEZIL,base,single_word,development
partial_020230595bb160f0,parts,full_name_two_parts,OXAP RINMISR,OXAP;RINMISR,2,0,OXAPRIN MISR,OXAPRINMISR,base,multi_word,development
partial_02059f4c719077ec,parts,full_name_two_parts,TE MOVY,TE;MOVY,2,0,TEMOVY,TEMOVY,base,single_word,development
partial_0227575424d57fcd,parts,full_name_three_parts,TAY SEB ONE,TAY;SEB;ONE,3,0,TAYSEBONE,TAYSEBONE,base,single_word,development
partial_0229e3e201360838,parts,full_name_two_parts,COUGH SED,COUGH;SED,2,0,COUGHSED,COUGHSED,family_head,single_word,holdout
partial_024590a0e989f527,parts,full_name_two_parts,ISOLI FT,ISOLI;FT,2,0,ISOLIFT,ISOLIFT,base,single_word,development
partial_024f8e35d1112969,parts,one_internal_exact,TYMY,TYMY,1,0,SYSTYMYCIN,SYSTYMYCIN,base,single_word,development
partial_025d1ba5cf305d3c,parts,full_name_two_parts,FINEPAN THENOL,FINEPAN;THENOL,2,0,FINEPANTHENOL,FINEPANTHENOL,base,single_word,development
partial_028e0d4b2d20c504,parts,full_name_two_parts,ATENO LOL,ATENO;LOL,2,0,ATENOLOL,ATENOLOL,base,single_word,development
partial_029551f87d0648a0,parts,full_name_three_parts,TRY PSO XIR,TRY;PSO;XIR,3,0,TRYPSOXIR,TRYPSOXIR,base,single_word,development
partial_02b3de96596fa6cd,parts,three_ordered_exact,STA IGH ACE,STA;IGH;ACE,3,0,STARLIGHT FACE,STARLIGHTFACE,base,multi_word,development
partial_02b8ed91cd1e1aa2,parts,full_name_two_parts,AVI ROX,AVI;ROX,2,0,AVIROX,AVIROX,base,single_word,development
partial_02da009b12364562,parts,full_name_two_parts,BON GICA,BON;GICA,2,0,BONGICA,BONGICA,base,single_word,development
partial_02eabb696d871c90,parts,full_name_two_parts,LIMITLESSLAC TOFERRIN,LIMITLESSLAC;TOFERRIN,2,0,LIMITLESS,LIMITLESSLACTOFERRIN,base,multi_word,holdout
partial_02f070d073c1500e,parts,full_name_two_parts,COL ACHOND,COL;ACHOND,2,0,COLA CHOND,COLACHOND,base,multi_word,development
partial_02f7e712a2c55d7b,parts,two_edges_first_typo,ENAE NDRY,ENAE;NDRY,2,1,ENTEROMYCIN DRY,ENTEROMYCINDRY,base,multi_word,development
partial_03081ebf0066a4e2,parts,full_name_two_parts,OLO PAT,OLO;PAT,2,0,OLOPAT,OLOPAT,base,single_word,development
partial_031a41936aeb296c,parts,two_edges_first_typo,AXMA SAGE,AXMA;SAGE,2,1,MASSAGE,RXMASSAGE,base,multi_word,holdout
partial_0327ba60c5dcff45,parts,full_name_two_parts,REG EFACT,REG;EFACT,2,0,REGEFACT,REGEFACT,base,single_word,development
partial_03456aac8e8dd4e1,parts,full_name_two_parts,URIMAG ICTAM,URIMAG;ICTAM,2,0,URIMAGICTAM,URIMAGICTAM,base,single_word,development
partial_036d0e92a6ade930,parts,full_name_two_parts,VICHY DERCOSAMINEXILCLINICALMENMONODOSEHAIR,VICHY;DERCOSAMINEXILCLINICALMENMONODOSEHAIR,2,0,VICHY,VICHYDERCOSAMINEXILCLINICALMENMONODOSEHAIR,base,multi_word,development
partial_038246906956cd59,parts,two_edges_second_typo,TETA OXAN,TETA;OXAN,2,1,TETANUS ANTITOXIN,TETANUSANTITOXIN,base,multi_word,development
partial_03935c0fe6486fd5,parts,full_name_two_parts,FUROR ETIC,FUROR;ETIC,2,0,FURORETIC,FURORETIC,base,single_word,development
partial_03ad520703428ba3,parts,full_name_two_parts,REGET AL,REGET;AL,2,0,REGETAL,REGETAL,base,single_word,holdout
partial_03ae0ec61289ab5e,parts,full_name_two_parts,CHEST YTRI,CHEST;YTRI,2,0,CHESTY TRI,CHESTYTRI,base,multi_word,development
partial_03d0d4c165c05260,parts,two_edges_exact,CYCL FLEX,CYCL;FLEX,2,0,CYCLOFLEX,CYCLOFLEX,base,single_word,development
partial_03d348073f40b548,parts,full_name_two_parts,OSTEOCA REORIGINALLIQUID,OSTEOCA;REORIGINALLIQUID,2,0,OSTEOCARE,OSTEOCAREORIGINALLIQUID,base,multi_word,holdout
partial_03d6b30062379c66,parts,three_ordered_exact,BEE NIN SPF,BEE;NIN;SPF,3,0,BEESLINE,BEESLINEWHITENINGSUNFILTERSPF,base,multi_word,holdout
partial_03d9e04402edf2e8,parts,full_name_three_parts,ENC EPH ABOL,ENC;EPH;ABOL,3,0,ENCEPHABOL,ENCEPHABOL,base,single_word,development
partial_03df5f0674fcb32b,parts,two_edges_first_typo,MINA TROS,MINA;TROS,2,1,MINVITROS,MINVITROS,base,single_word,development
partial_03dfa3bb0f65a11d,parts,full_name_two_parts,PEGIN TRON,PEGIN;TRON,2,0,PEG INTRON,PEGINTRON,base,multi_word,development
partial_03e3a6bf5b061886,parts,two_edges_exact,SANS EGNA,SANS;EGNA,2,0,SANSO,SANSOPREGNA,base,multi_word,development
partial_03e802aa23f6143f,parts,two_edges_exact,CHWA ATED,CHWA;ATED,2,0,CHWAZEM ENTERIC COATED,CHWAZEMENTERICCOATED,base,multi_word,development
partial_042eb4e9c950ef59,parts,full_name_two_parts,GLAS UCHOND,GLAS;UCHOND,2,0,GLASUCHOND,GLASUCHOND,base,single_word,development
partial_04392ad1c0ae84b1,parts,two_edges_second_typo,CESA HAIA,CESA;HAIA,2,1,CESAR HAIR,CESARHAIR,base,multi_word,development
partial_04524b6a3448370f,parts,full_name_two_parts,PAROX EDURXL,PAROX;EDURXL,2,0,PAROXEDUR XL,PAROXEDURXL,base,multi_word,development
partial_0460a131f3294c01,parts,full_name_three_parts,GLY PRE SSIN,GLY;PRE;SSIN,3,0,GLYPRESSIN,GLYPRESSIN,base,single_word,development
partial_0467ce1b96bfe688,parts,full_name_two_parts,PRIMO VIST,PRIMO;VIST,2,0,PRIMOVIST,PRIMOVIST,base,single_word,development
partial_049a014c91a13159,parts,full_name_two_parts,SELE NIX,SELE;NIX,2,0,SELENIX,SELENIX,base,single_word,development
partial_049ee29a0f5a6f86,parts,full_name_two_parts,SELLES TA,SELLES;TA,2,0,SELLESTA,SELLESTA,base,single_word,development
partial_04abc1c8a9b470c9,parts,full_name_two_parts,NEUTHAN TIACNEPOREMINIMIZINGMATTIFYINGTONER,NEUTHAN;TIACNEPOREMINIMIZINGMATTIFYINGTONER,2,0,NEUTH,NEUTHANTIACNEPOREMINIMIZINGMATTIFYINGTONER,base,multi_word,development
partial_04c09888f7b5dfe7,parts,full_name_two_parts,NUTRIVIL LESLIMMING,NUTRIVIL;LESLIMMING,2,0,NUTRIVILLE,NUTRIVILLESLIMMING,base,multi_word,development
partial_04d641177f95dbf5,parts,full_name_two_parts,ECTOI NSCALPTONIC,ECTOI;NSCALPTONIC,2,0,ECTOIN,ECTOINSCALPTONIC,base,multi_word,development
partial_04d79fc0b95517ae,parts,full_name_two_parts,SENSITELIALEM OLLIENTCARE,SENSITELIALEM;OLLIENTCARE,2,0,SENSITELIAL,SENSITELIALEMOLLIENTCARE,base,multi_word,development
partial_04e8cf191083e8fb,parts,full_name_two_parts,ICOSANECT IN,ICOSANECT;IN,2,0,ICOSANECTIN,ICOSANECTIN,base,single_word,development
partial_04e9b0e1557373c2,parts,full_name_two_parts,TYLECAR EANTIDANDRUFF,TYLECAR;EANTIDANDRUFF,2,0,TYLECARE ANTI DANDRUFF,TYLECAREANTIDANDRUFF,base,multi_word,development
partial_04f8f55b61409279,parts,full_name_two_parts,AVERTO LFACIAL,AVERTO;LFACIAL,2,0,AVERTOL FACIAL,AVERTOLFACIAL,base,multi_word,development
partial_05855b2d6a198b2f,parts,two_edges_first_typo,VICA YTIC,VICA;YTIC,2,1,VICKSOLYTIC,VICKSOLYTIC,base,single_word,development
partial_05990121ebe499cc,parts,full_name_two_parts,AKIVAFACIALFOA MINGCLEANSER,AKIVAFACIALFOA;MINGCLEANSER,2,0,AKIVA,AKIVAFACIALFOAMINGCLEANSER,base,multi_word,development
partial_05b4a500e45e7452,parts,full_name_two_parts,ZALHIN APEX,ZALHIN;APEX,2,0,ZALHINAPEX,ZALHINAPEX,base,single_word,development
partial_05b65f14e0e8c55b,parts,full_name_two_parts,CLEAROGENCLARIFYIN GTONER,CLEAROGENCLARIFYIN;GTONER,2,0,CLEAROGEN,CLEAROGENCLARIFYINGTONER,base,multi_word,development
partial_05da21be2b2e4d3d,parts,full_name_two_parts,SE SERINE,SE;SERINE,2,0,SESERINE,SESERINE,base,single_word,development
partial_05dae09e2c73dfea,parts,full_name_two_parts,AK NEMYCIN,AK;NEMYCIN,2,0,AKNEMYCIN,AKNEMYCIN,base,single_word,development
partial_0604bdbcf2fa3f35,parts,one_suffix_exact,RPIC,RPIC,1,0,ELARPIC,ELARPIC,base,single_word,development
partial_060c10e64e2548f5,parts,full_name_two_parts,LIMIT LESSBCOMPLEXODF,LIMIT;LESSBCOMPLEXODF,2,0,LIMITLESS,LIMITLESSBCOMPLEXODF,base,multi_word,holdout
partial_060c4c4a48493059,parts,two_edges_second_typo,MERV OAED,MERV;OAED,2,1,MERVA D3 SCORED,MERVAD3SCORED,base,multi_word,development
partial_061466443e29194d,parts,one_internal_exact,AINA,AINA,1,0,PAINAVA,PAINAVA,base,single_word,development
partial_062a48401c066b45,parts,two_edges_second_typo,LIDS CARA,LIDS;CARA,2,1,LIDSOFT CARE,LIDSOFTCARE,base,multi_word,development
partial_062e9ff0164ae3ad,parts,two_edges_second_typo,ANDO EAIT,ANDO;EAIT,2,1,ANDOVIT,ANDOVITIMMUNEVIT,base,multi_word,holdout
partial_0646cbc16551e72b,parts,full_name_two_parts,PEMET REXEDACCORD,PEMET;REXEDACCORD,2,0,PEMETREXED ACCORD,PEMETREXEDACCORD,base,multi_word,development
partial_0666f102906404c5,parts,two_edges_exact,INDA KIDS,INDA;KIDS,2,0,INDALOCK KIDS,INDALOCKKIDS,base,multi_word,development
partial_067c7189f472c417,parts,full_name_two_parts,FLAMINALFORTEENZYMEALGIN OGEL,FLAMINALFORTEENZYMEALGIN;OGEL,2,0,FLAMINAL,FLAMINALFORTEENZYMEALGINOGEL,base,multi_word,development
partial_068a59935a1a4ba8,parts,full_name_three_parts,CAFA MOLE XTRA,CAFA;MOLE;XTRA,3,0,CAFAMOL,CAFAMOLEXTRA,base,multi_word,development
partial_068cde86fe484623,parts,full_name_two_parts,PHYSICOOLMAS SAGE,PHYSICOOLMAS;SAGE,2,0,PHYSICOOL MASSAGE,PHYSICOOLMASSAGE,base,multi_word,development
partial_0694fb0b1713e9ce,parts,two_edges_exact,SODI RIDE,SODI;RIDE,2,0,SODIUM,SODIUMCHLORIDE,base,multi_word,development
partial_06b9274e53cd0e58,parts,one_prefix_exact,LUBM,LUBM,1,0,LUBMO SACRAL BELT,LUBMOSACRALBELT,base,multi_word,development
partial_06c3eba6f1b56d51,parts,one_internal_typo,DAOA,DAOA,1,1,DEFENCE,DEFENCEDEOACTIVE72H,base,multi_word,development
partial_06cea9739b082647,parts,full_name_two_parts,PHARMIXANTIBACTERIALHANDCLEAN SING,PHARMIXANTIBACTERIALHANDCLEAN;SING,2,0,PHARMIX,PHARMIXANTIBACTERIALHANDCLEANSING,base,multi_word,development
partial_06d66aa841105915,parts,three_ordered_middle_typo,KON AAI ASK,KON;AAI;ASK,3,1,KONDA HAIR MASK,KONDAHAIRMASK,base,multi_word,development
partial_06f96c149afbf475,parts,two_edges_second_typo,PREG ZINA,PREG;ZINA,2,1,PREGVIT ZINC,PREGVITZINC,base,multi_word,development
partial_073f6a56d099869e,parts,full_name_two_parts,DERMENUMHAIRCOND ITIONER,DERMENUMHAIRCOND;ITIONER,2,0,DERMENUM,DERMENUMHAIRCONDITIONER,base,multi_word,development
partial_076891b28c3f1550,parts,full_name_two_parts,NUXEMICE LLARCLEANSINGWATERROSEPETALS,NUXEMICE;LLARCLEANSINGWATERROSEPETALS,2,0,NUXE MICELLAR CLEANSING WATER ROSE PETALS,NUXEMICELLARCLEANSINGWATERROSEPETALS,base,multi_word,development
partial_076ed32e8ea80015,parts,full_name_three_parts,TA LOP RAM,TA;LOP;RAM,3,0,TALOPRAM,TALOPRAM,base,single_word,development
partial_077281a85f2c6b60,parts,full_name_two_parts,LITUPWHITENINGCLEANSI NG,LITUPWHITENINGCLEANSI;NG,2,0,LIT UP WHITENING CLEANSING,LITUPWHITENINGCLEANSING,base,multi_word,development
partial_077738b5821540ad,parts,full_name_two_parts,OC TOCONVAL,OC;TOCONVAL,2,0,OCTOCONVAL,OCTOCONVAL,base,single_word,holdout
partial_077c639e80573aab,parts,full_name_two_parts,SOFOCIV IR,SOFOCIV;IR,2,0,SOFOCIVIR,SOFOCIVIR,base,single_word,development
partial_079cb8ae9a0630b1,parts,full_name_two_parts,CENTRAV ITAOSTEOP,CENTRAV;ITAOSTEOP,2,0,CENTRAVITA,CENTRAVITAOSTEOP,base,multi_word,development
partial_079d6906b9e4263e,parts,full_name_two_parts,GARD INOVA,GARD;INOVA,2,0,GARDINOVA,GARDINOVA,base,single_word,development
partial_07e36f5593f1041b,parts,one_internal_typo,UNOA,UNOA,1,1,IMMUNO,IMMUNOMASH,base,multi_word,holdout
partial_07fa7c3823bca3f3,parts,full_name_two_parts,MEGADRO XIL,MEGADRO;XIL,2,0,MEGADROXIL,MEGADROXIL,base,single_word,development
partial_0806d1a48cdeaf86,parts,full_name_two_parts,FUMIP AN,FUMIP;AN,2,0,FUMIPAN,FUMIPAN,base,single_word,development
partial_081a5355e81407d1,parts,full_name_two_parts,VENTAMORFACI AL,VENTAMORFACI;AL,2,0,VENTAMOR,VENTAMORFACIAL,base,multi_word,holdout
partial_084b8ef1b6a3b5f8,parts,three_ordered_middle_typo,KIT DAA AIR,KIT;DAA;AIR,3,1,KITADAN HAIR,KITADANHAIR,base,multi_word,development
partial_0864b2eda2135d6e,parts,two_edges_exact,FARM NGCM,FARM;NGCM,2,0,FARMACTIVE,FARMACTIVEALGINATEDRESSINGCM,base,multi_word,development
partial_089faf0e2bb27eb1,parts,two_edges_second_typo,LEVO ENET,LEVO;ENET,2,1,LEVOFLOTANET,LEVOFLOTANET,base,single_word,development
partial_08a0973a59e4b2cf,parts,three_ordered_middle_typo,ITA ROA RON,ITA;ROA;RON,3,1,ITA TRON IRON,ITATRONIRON,base,multi_word,development
partial_08adbd311c529185,parts,three_ordered_middle_typo,AVE AEC ENT,AVE;AEC;ENT,3,1,AVENE,AVENETRIXERASELECTIOSEEMOLLIENT,base,multi_word,holdout
partial_08b6fd340e77e4dd,parts,three_ordered_middle_typo,RAM RAL OMP,RAM;RAL;OMP,3,1,RAMIPRIL,RAMIPRILCOMP,base,multi_word,development
partial_08d5e25f5de9de49,parts,full_name_three_parts,WES TABR EATH,WES;TABR;EATH,3,0,WESTABREATH,WESTABREATH,base,single_word,development
partial_08d62f5ddfa8bc41,parts,full_name_two_parts,ACNEF ENCE,ACNEF;ENCE,2,0,ACNEFENCE,ACNEFENCE,base,single_word,development
partial_08ee3bbdf2f6c061,parts,three_ordered_exact,SUP SCU AIR,SUP;SCU;AIR,3,0,SUPERKIDS,SUPERKIDSCURLYHAIR,base,multi_word,development
partial_08f4793c2761f0ef,parts,full_name_two_parts,GONEANTIDANDRU FF,GONEANTIDANDRU;FF,2,0,GONE ANTI DANDRUFF,GONEANTIDANDRUFF,base,multi_word,development
partial_08f9a1608b9da2bb,parts,full_name_two_parts,UVEBL OCKSPFTINTED,UVEBL;OCKSPFTINTED,2,0,UVEBLOCK,UVEBLOCKSPFTINTED,base,multi_word,development
partial_0915b190d27aaff6,parts,full_name_two_parts,VENDO TY,VENDO;TY,2,0,VENDOTY,VENDOTY,base,single_word,holdout
partial_0921b45e88821d71,parts,full_name_two_parts,REXSOLNIXODILTONICHAIRSCALPSUPERREV ITALIZER,REXSOLNIXODILTONICHAIRSCALPSUPERREV;ITALIZER,2,0,REXSOL,REXSOLNIXODILTONICHAIRSCALPSUPERREVITALIZER,base,multi_word,holdout
partial_09265a745f1fa871,parts,two_edges_second_typo,OTRI AUMS,OTRI;AUMS,2,1,OTRI KIDS MUMS,OTRIKIDSMUMS,base,multi_word,development
partial_0933382ddbfca615,parts,full_name_two_parts,NAPPYDE RM,NAPPYDE;RM,2,0,NAPPY DERM,NAPPYDERM,base,multi_word,development
partial_094339c8892272e4,parts,full_name_two_parts,LCNATURALSREPAI RINGHAIR,LCNATURALSREPAI;RINGHAIR,2,0,NATURALS,LCNATURALSREPAIRINGHAIR,base,multi_word,development
partial_0947e6d36ddce65d,parts,three_ordered_middle_typo,ONA EIR ASK,ONA;EIR;ASK,3,1,ONAJ HAIR MASK,ONAJHAIRMASK,base,multi_word,development
partial_09543ee0327394c5,parts,one_internal_typo,VAAE,VAAE,1,1,EROVATE PRO,EROVATEPRO,base,multi_word,development
partial_0956a50b1e55114f,parts,full_name_two_parts,MUSTELAS KINFRESHENER,MUSTELAS;KINFRESHENER,2,0,MUSTELA,MUSTELASKINFRESHENER,base,multi_word,development
partial_09616e94d63a86f0,parts,two_edges_exact,FRES SION,FRES;SION,2,0,FRESHCEPSION,FRESHCEPSION,base,single_word,development
partial_097d763d2fba8213,parts,full_name_two_parts,GU AMUSIN,GU;AMUSIN,2,0,GUAMUSIN,GUAMUSIN,base,single_word,development
partial_0989ca7771104f6f,parts,full_name_two_parts,DUCRAYKERACNYLP PANTIBLEMISHSOOTHING,DUCRAYKERACNYLP;PANTIBLEMISHSOOTHING,2,0,DUCRAY,DUCRAYKERACNYLPPANTIBLEMISHSOOTHING,base,multi_word,holdout
partial_098ed55868527443,parts,full_name_two_parts,KEMAGE LAMORPHOUSSTERILEHEALING,KEMAGE;LAMORPHOUSSTERILEHEALING,2,0,KEMAGEL AMORPHOUS STERILE HEALING,KEMAGELAMORPHOUSSTERILEHEALING,base,multi_word,development
partial_09979db0bf4ccbd4,parts,full_name_two_parts,MINO XIDILMUP,MINO;XIDILMUP,2,0,MINOXIDIL MUP,MINOXIDILMUP,base,multi_word,holdout
partial_09c458386a0af620,parts,two_edges_exact,ELIM IVAN,ELIM;IVAN,2,0,ELIMOLIVAN,ELIMOLIVAN,base,single_word,development
partial_09c7cbb59c1b1c03,parts,full_name_two_parts,TEEN DERMALPHAPURE,TEEN;DERMALPHAPURE,2,0,TEEN DERM ALPHA PURE,TEENDERMALPHAPURE,base,multi_word,development
partial_09d5c180453627ca,parts,full_name_two_parts,ROACC UTANE,ROACC;UTANE,2,0,ROACCUTANE,ROACCUTANE,base,single_word,holdout
partial_09e8c5ad939e1e22,parts,one_internal_typo,AABP,AABP,1,1,BERIRAB,BERIRABP300I,base,multi_word,holdout
partial_09ea4f75717caac0,parts,full_name_two_parts,ACNEBLESSFACIALCLEANSINGFOA MING,ACNEBLESSFACIALCLEANSINGFOA;MING,2,0,ACNEBLESS,ACNEBLESSFACIALCLEANSINGFOAMING,base,multi_word,development
partial_0a1d2e48f8409010,parts,full_name_two_parts,MELLITOFI XMET,MELLITOFI;XMET,2,0,MELLITOFIX,MELLITOFIXMET,base,multi_word,development
partial_0a3be730c6634307,parts,full_name_two_parts,PHOTODERMMAXAQUAFLUIDLIG HTTINTSPF,PHOTODERMMAXAQUAFLUIDLIG;HTTINTSPF,2,0,PHOTODERM,PHOTODERMMAXAQUAFLUIDLIGHTTINTSPF,base,multi_word,holdout
partial_0a42a044fbe8a389,parts,full_name_two_parts,BRONO TROL,BRONO;TROL,2,0,BRONOTROL,BRONOTROL,base,single_word,holdout
partial_0a4a22fd55167a91,parts,full_name_two_parts,TRICOVE LANTIHAIRLOSS,TRICOVE;LANTIHAIRLOSS,2,0,TRICOVEL,TRICOVELANTIHAIRLOSS,base,multi_word,development
partial_0a4f1d84b8bbc6ad,parts,full_name_three_parts,LUM ICA SAGE,LUM;ICA;SAGE,3,0,LUMICASAGE,LUMICASAGE,base,single_word,development
partial_0a5bc73ce6c8f2a4,parts,one_internal_exact,REXH,REXH,1,0,NAPREX HAIR,NAPREXHAIR,base,multi_word,holdout
partial_0a5f596bc31ea751,parts,full_name_two_parts,CARE MIXHAIR,CARE;MIXHAIR,2,0,CARE MIX HAIR,CAREMIXHAIR,base,multi_word,development
partial_0a68ee30f6038e70,parts,full_name_two_parts,HYD ERGINE,HYD;ERGINE,2,0,HYDERGINE,HYDERGINE,base,single_word,development
partial_0a723cd8c62afd14,parts,full_name_two_parts,CLEAROGENCLAR IFYINGTONER,CLEAROGENCLAR;IFYINGTONER,2,0,CLEAROGEN,CLEAROGENCLARIFYINGTONER,base,multi_word,development
partial_0a7a8a390d576356,parts,full_name_two_parts,REVITALHAIRSTIMULATINGSY STEM,REVITALHAIRSTIMULATINGSY;STEM,2,0,REVITAL,REVITALHAIRSTIMULATINGSYSTEM,base,multi_word,development
partial_0a94552e88a22725,parts,two_edges_exact,SORA RUFF,SORA;RUFF,2,0,SORALONE ANTI DANDRUFF,SORALONEANTIDANDRUFF,base,multi_word,development
partial_0aa7f5efc0b1831b,parts,full_name_two_parts,CARBE TRADE,CARBE;TRADE,2,0,CARBETRADE,CARBETRADE,base,single_word,development
partial_0aaeba008a74e45d,parts,full_name_two_parts,HAN ZAWHITENING,HAN;ZAWHITENING,2,0,HANZA,HANZAWHITENING,base,multi_word,development
partial_0ab90b99649485c9,parts,full_name_three_parts,TRIAMI NICCOLD ALLERGY,TRIAMI;NICCOLD;ALLERGY,3,0,TRIAMINIC,TRIAMINICCOLDALLERGY,base,multi_word,development
partial_0ae7f6e10f7e1a70,parts,three_ordered_exact,SCO WHI ING,SCO;WHI;ING,3,0,SCORZA WHITENING,SCORZAWHITENING,base,multi_word,holdout
partial_0b4237699063d2b0,parts,full_name_two_parts,QUEB OMASSAGE,QUEB;OMASSAGE,2,0,QUEBO MASSAGE,QUEBOMASSAGE,base,multi_word,development
partial_0b4f85a86bf0f701,parts,two_edges_first_typo,AATI SAGE,AATI;SAGE,2,1,ACTIVITY MASSAGE,ACTIVITYMASSAGE,base,multi_word,development
partial_0b812058ccc77973,parts,full_name_two_parts,MEPASP ASMIN,MEPASP;ASMIN,2,0,MEPASPASMIN,MEPASPASMIN,base,single_word,development
partial_0b8660159d5a5dfa,parts,full_name_two_parts,EGY URSO,EGY;URSO,2,0,EGYURSO,EGYURSO,base,single_word,holdout
partial_0b89e0ef824de377,parts,full_name_two_parts,CALCIDRON ATE,CALCIDRON;ATE,2,0,CALCIDRONATE,CALCIDRONATE,base,single_word,holdout
partial_0b8fea086d2d9d2d,parts,one_prefix_exact,JUNE,JUNE,1,0,JUNEL CARE SACHETS FOAMING SOLUTIONS,JUNELCARESACHETSFOAMINGSOLUTIONS,base,multi_word,development
partial_0b92d6b549a0a6da,parts,full_name_two_parts,DA PABLIX,DA;PABLIX,2,0,DAPABLIX,DAPABLIX,base,single_word,development
partial_0babafb5673c2a34,parts,one_internal_exact,CECL,CECL,1,0,AVENE,AVENECLEANANCECLEANSINGWATER,base,multi_word,holdout
partial_0bb58cded578c79c,parts,two_edges_first_typo,BATO ZOLE,BATO;ZOLE,2,1,BUTOCONAZOLE,BUTOCONAZOLE,base,single_word,holdout
partial_0be7ac31050dc6ab,parts,full_name_two_parts,VICHYSKINDEFENSEDAILY CAREANTISHINE,VICHYSKINDEFENSEDAILY;CAREANTISHINE,2,0,VICHY,VICHYSKINDEFENSEDAILYCAREANTISHINE,base,multi_word,development
partial_0c0aad2679b6fcb8,parts,full_name_two_parts,AGERALI GHTENINGFACIALCLEANSER,AGERALI;GHTENINGFACIALCLEANSER,2,0,AGERA,AGERALIGHTENINGFACIALCLEANSER,base,multi_word,holdout
partial_0c0c95ff113a7886,parts,full_name_two_parts,SH IRE,SH;IRE,2,0,SHIRE,SHIRE,base,single_word,holdout
partial_0c4357066092ad42,parts,full_name_two_parts,CALM AKING,CALM;AKING,2,0,CALMA,CALMAKING,base,multi_word,development
partial_0c4ea6afe18f9f6b,parts,full_name_two_parts,NEOHA EMORRHAN,NEOHA;EMORRHAN,2,0,NEO HAEMORRHAN,NEOHAEMORRHAN,base,multi_word,development
partial_0c4f1f23424d109f,parts,full_name_two_parts,OMEG ASERIO,OMEG;ASERIO,2,0,OMEGA SERIO,OMEGASERIO,base,multi_word,development
partial_0c6fad4c3829457d,parts,full_name_three_parts,WES TGR ELOR,WES;TGR;ELOR,3,0,WESTGRELOR,WESTGRELOR,base,single_word,development
partial_0c7b75663b7537b4,parts,full_name_two_parts,LIGNOCAINEHY DROCHLORIDE,LIGNOCAINEHY;DROCHLORIDE,2,0,LIGNOCAINE HYDROCHLORIDE,LIGNOCAINEHYDROCHLORIDE,base,multi_word,development
partial_0c7f3d1c41d77376,parts,full_name_two_parts,VILLABORGHINISEBUM EQUALIZING,VILLABORGHINISEBUM;EQUALIZING,2,0,VILLA,VILLABORGHINISEBUMEQUALIZING,base,multi_word,development
partial_0c8134a899c40c11,parts,full_name_two_parts,CLEA RSALACNECLEANSER,CLEA;RSALACNECLEANSER,2,0,CLEARSAL ACNE CLEANSER,CLEARSALACNECLEANSER,base,multi_word,development
partial_0c8fb28542b53c77,parts,full_name_two_parts,LINCONOC URE,LINCONOC;URE,2,0,LINCONOCURE,LINCONOCURE,base,single_word,development
partial_0c93276f0c47369b,parts,one_internal_typo,ILHE,ILHE,1,1,APTAMIL,APTAMILHA1MILK,base,multi_word,development
partial_0c9d3dcad7c289ec,parts,full_name_two_parts,CABE LLA,CABE;LLA,2,0,CABELLA,CABELLA,base,single_word,development
partial_0ca76e7457e9a44b,parts,one_internal_exact,NTOS,NTOS,1,0,ATLANTOSITOL,ATLANTOSITOL,base,single_word,development
partial_0cc015648e4c6030,parts,full_name_two_parts,SO DIUMLACTATEMOLARELNASR,SO;DIUMLACTATEMOLARELNASR,2,0,SODIUM,SODIUMLACTATEMOLARELNASR,base,multi_word,development
partial_0cf0b635cc94116c,parts,full_name_three_parts,ISISCIN NAMONFI LTERBAGS,ISISCIN;NAMONFI;LTERBAGS,3,0,ISIS CINNAMON FILTER BAGS,ISISCINNAMONFILTERBAGS,base,multi_word,development
partial_0d2659100713d69b,parts,full_name_two_parts,PHARMACERISM ILDFLUIDFOUNDATIONSPF20IVORYINTENSECOVERAGE,PHARMACERISM;ILDFLUIDFOUNDATIONSPF20IVORYINTENSECOVERAGE,2,0,PHARMACERIS,PHARMACERISMILDFLUIDFOUNDATIONSPF20IVORYINTENSECOVERAGE,base,multi_word,development
partial_0d29d2c40793a4c4,parts,one_suffix_exact,BACK,BACK,1,0,ERECTOBACK,ERECTOBACK,base,single_word,holdout
partial_0d2e89fcb35abb99,parts,full_name_two_parts,BETADIN ESKINCLEANSER,BETADIN;ESKINCLEANSER,2,0,BETADINE,BETADINESKINCLEANSER,base,multi_word,holdout
partial_0d2fdb90610d482c,parts,full_name_two_parts,EVERESTANTI FUNGAL,EVERESTANTI;FUNGAL,2,0,EVEREST,EVERESTANTIFUNGAL,base,multi_word,development
partial_0d3177f9cdf5f0c8,parts,full_name_two_parts,DAPAGLO ZA,DAPAGLO;ZA,2,0,DAPAGLOZA,DAPAGLOZA,base,single_word,development
partial_0d37e4dc916d7f95,parts,two_edges_first_typo,AALO ALER,AALO;ALER,2,1,HALOTHANE,HALOTHANEINHALER,base,multi_word,development
partial_0d627743db625488,parts,full_name_two_parts,QVFACEPU RIFYINGMASK,QVFACEPU;RIFYINGMASK,2,0,QV FACE PURIFYING MASK,QVFACEPURIFYINGMASK,base,multi_word,development
partial_0d981755c109e334,parts,full_name_two_parts,HAEMODIALYSISCONCENTRATEBICARBONATE FORMULA,HAEMODIALYSISCONCENTRATEBICARBONATE;FORMULA,2,0,HAEMODIALYSIS,HAEMODIALYSISCONCENTRATEBICARBONATEFORMULA,base,multi_word,holdout
partial_0da255df22fbe9d4,parts,full_name_two_parts,DU LOPRESSIVE,DU;LOPRESSIVE,2,0,DULOPRESSIVE,DULOPRESSIVE,base,single_word,development
partial_0dc5681d38802e06,parts,full_name_two_parts,TR AMAL,TR;AMAL,2,0,TRAMAL,TRAMAL,base,single_word,development
partial_0df20ca83a17b0e2,parts,full_name_two_parts,LINAGLIFLO ZIN,LINAGLIFLO;ZIN,2,0,LINAGLIFLOZIN,LINAGLIFLOZIN,base,single_word,development
partial_0df4f07202e06c3f,parts,full_name_three_parts,VE RTI GUN,VE;RTI;GUN,3,0,VERTIGUN,VERTIGUN,base,single_word,development
partial_0dfc4da8cff0abf0,parts,full_name_two_parts,SEKEMLAXIHERB SFILTERBAGS,SEKEMLAXIHERB;SFILTERBAGS,2,0,SEKEM,SEKEMLAXIHERBSFILTERBAGS,base,multi_word,holdout
partial_0e0a94dc32bd3477,parts,full_name_two_parts,IVATHERMHERCULAN ETHERMALWATER,IVATHERMHERCULAN;ETHERMALWATER,2,0,IVATHERM,IVATHERMHERCULANETHERMALWATER,base,multi_word,development
partial_0e1145215937ca4f,parts,full_name_three_parts,QINZIN TIMATEF EMININE,QINZIN;TIMATEF;EMININE,3,0,QINZ INTIMATE FEMININE,QINZINTIMATEFEMININE,base,multi_word,development
partial_0e1198d5ef97dfd7,parts,full_name_two_parts,NP LATE,NP;LATE,2,0,NPLATE,NPLATE,base,single_word,development
partial_0e20467b578d3c0b,parts,full_name_two_parts,PHARMACERISWWHITENIN GTRIPLEACTIONDAY,PHARMACERISWWHITENIN;GTRIPLEACTIONDAY,2,0,PHARMACERIS,PHARMACERISWWHITENINGTRIPLEACTIONDAY,base,multi_word,development
partial_0e26ffe203aeabc3,parts,full_name_two_parts,ROZALIAHAIRO IL,ROZALIAHAIRO;IL,2,0,ROZALIA,ROZALIAHAIROIL,base,multi_word,holdout
partial_0e283f5b78edcc67,parts,full_name_two_parts,SHAD EOUT,SHAD;EOUT,2,0,SHADE OUT,SHADEOUT,base,multi_word,development
partial_0e3b9594b5c3aa0f,parts,full_name_two_parts,ROYALROYAPECTFIL TERBAGS,ROYALROYAPECTFIL;TERBAGS,2,0,ROYAL,ROYALROYAPECTFILTERBAGS,base,multi_word,development
partial_0e3d97dc8e2561cc,parts,full_name_two_parts,NYDATICANT ILICEHAIR,NYDATICANT;ILICEHAIR,2,0,NYDATIC ANTI LICE HAIR,NYDATICANTILICEHAIR,base,multi_word,development
partial_0e3dfa583d59304e,parts,one_internal_exact,IZIP,IZIP,1,0,RAMIZIPINE,RAMIZIPINE,base,single_word,development
partial_0e8994493e16d786,parts,two_edges_first_typo,AGOZ BABY,AGOZ;BABY,2,1,EGOZITE BABY,EGOZITEBABY,base,multi_word,development
partial_0e95bfdeb8d280b8,parts,full_name_two_parts,HU NGYBON,HU;NGYBON,2,0,HUNGYBON,HUNGYBON,base,single_word,development
partial_0ec8ff1bf653ee78,parts,two_edges_exact,VORT CYRL,VORT;CYRL,2,0,VORTIOCYRL,VORTIOCYRL,base,single_word,holdout
partial_0ed30c60dd70be1f,parts,full_name_two_parts,RHEU MISALLINIMENT,RHEU;MISALLINIMENT,2,0,RHEUMISAL LINIMENT,RHEUMISALLINIMENT,base,multi_word,development
partial_0ef3b448636d0cb4,parts,full_name_two_parts,GROWTHF ORMULAWG,GROWTHF;ORMULAWG,2,0,GROWTH,GROWTHFORMULAWG,base,multi_word,development
partial_0f0252a751a69625,parts,full_name_two_parts,CEFTRIAXONESAN DOZ,CEFTRIAXONESAN;DOZ,2,0,CEFTRIAXONE SANDOZ,CEFTRIAXONESANDOZ,base,multi_word,development
partial_0f29c141c322b516,parts,one_internal_typo,AV1A,AV1A,1,1,VITALITA,VITALITAV1DEODORANT,base,multi_word,development
partial_0f67233a6683f1cb,parts,full_name_two_parts,STRALIN EEMOLLIENT,STRALIN;EEMOLLIENT,2,0,STRALINE,STRALINEEMOLLIENT,base,multi_word,development
partial_0f7135f619186546,parts,full_name_two_parts,STAB IL,STAB;IL,2,0,STABIL,STABIL,family_head,single_word,development
partial_0f7ad48919682a46,parts,full_name_two_parts,NUXEHUILEPRODIGIEU SESHIMMERINGDRYOIL,NUXEHUILEPRODIGIEU;SESHIMMERINGDRYOIL,2,0,NUXE HUILE PRODIGIEUSE SHIMMERING DRY OIL,NUXEHUILEPRODIGIEUSESHIMMERINGDRYOIL,base,multi_word,development
partial_0f84c0ad7741d2f9,parts,full_name_two_parts,PANOVENSUNBLOCKS PF,PANOVENSUNBLOCKS;PF,2,0,PANOVEN,PANOVENSUNBLOCKSPF,base,multi_word,holdout
partial_0fa12e6cae0d0c56,parts,full_name_two_parts,SPRIA LYPSY,SPRIA;LYPSY,2,0,SPRIALYPSY,SPRIALYPSY,base,single_word,development
partial_0fd98de88d8aa00a,parts,full_name_two_parts,GLORIAG ENT,GLORIAG;ENT,2,0,GLORIAGENT,GLORIAGENT,base,single_word,development
partial_100c3f8f83a0b4c9,parts,full_name_two_parts,HEPA FENCE,HEPA;FENCE,2,0,HEPAFENCE,HEPAFENCE,base,single_word,development
partial_1012395df122ac86,parts,three_ordered_middle_typo,SEL FOA TEN,SEL;FOA;TEN,3,1,SELBY EXFOL WHITEN,SELBYEXFOLWHITEN,base,multi_word,development
partial_101d10ecb50a6702,parts,one_prefix_grapheme,WELBU,WELBU,1,0,WELLBUTRIN,WELLBUTRIN,base,single_word,holdout
partial_102a12c12e4cba2a,parts,full_name_two_parts,LIPOMED IZEN,LIPOMED;IZEN,2,0,LIPOMEDIZEN,LIPOMEDIZEN,base,single_word,development
partial_105659f207306f79,parts,full_name_three_parts,SMA RTOD KIDS,SMA;RTOD;KIDS,3,0,SMARTOD,SMARTODKIDS,base,multi_word,development
partial_1088f31a48a6abcf,parts,full_name_two_parts,AST RANTIAJOINTSUPPORT,AST;RANTIAJOINTSUPPORT,2,0,ASTRANTIA JOINT SUPPORT,ASTRANTIAJOINTSUPPORT,base,multi_word,holdout
partial_1092a6a70bb74edc,parts,two_edges_exact,REJO PLEX,REJO;PLEX,2,0,REJOTIN IRON COMPLEX,REJOTINIRONCOMPLEX,base,multi_word,development
partial_1097a1598238bfd7,parts,full_name_two_parts,VITISKINREGULA TINGHYDROGEL,VITISKINREGULA;TINGHYDROGEL,2,0,VITISKIN REGULATING HYDROGEL,VITISKINREGULATINGHYDROGEL,base,multi_word,development
partial_109ace5ae41f1846,parts,full_name_two_parts,OTRIBABYNASALASPIRA TOR,OTRIBABYNASALASPIRA;TOR,2,0,OTRIBABY,OTRIBABYNASALASPIRATOR,base,multi_word,holdout
partial_10b81eb8ac176c49,parts,full_name_two_parts,CALFOODD3FILMCO ATED,CALFOODD3FILMCO;ATED,2,0,CALFOOD D3 FILM COATED,CALFOODD3FILMCOATED,base,multi_word,development
partial_10d3866de4fd242d,parts,full_name_two_parts,RIX VYFACENECKREJUVENATING,RIX;VYFACENECKREJUVENATING,2,0,RIXVY,RIXVYFACENECKREJUVENATING,base,multi_word,holdout
partial_10d9951d618cabcd,parts,full_name_two_parts,ZINO PROSOOTHING,ZINO;PROSOOTHING,2,0,ZINO PRO SOOTHING,ZINOPROSOOTHING,base,multi_word,development
partial_10dc602f5ea45c71,parts,full_name_two_parts,SUPPORTANDRINKTROP ICALFRUITS,SUPPORTANDRINKTROP;ICALFRUITS,2,0,SUPPORTAN DRINK TROPICAL FRUITS,SUPPORTANDRINKTROPICALFRUITS,base,multi_word,development
partial_10f122c200c3a7fc,parts,full_name_two_parts,PHOTOD ERMKID,PHOTOD;ERMKID,2,0,PHOTODERM,PHOTODERMKID,base,multi_word,holdout
partial_1108731a0446ee47,parts,full_name_two_parts,CANDEU RAZOLE,CANDEU;RAZOLE,2,0,CANDEURAZOLE,CANDEURAZOLE,base,single_word,holdout
partial_1108d5f52ac506d7,parts,full_name_two_parts,FARCOLINRESPIRA TOR,FARCOLINRESPIRA;TOR,2,0,FARCOLIN,FARCOLINRESPIRATOR,base,multi_word,development
partial_112887b013397c28,parts,full_name_two_parts,DUCRAYN UTRICERATHAIRMASK,DUCRAYN;UTRICERATHAIRMASK,2,0,DUCRAY,DUCRAYNUTRICERATHAIRMASK,base,multi_word,holdout
partial_1137c5093e3b81dd,parts,full_name_two_parts,COUGHSEDP ARACETAMOLCHILDREN,COUGHSEDP;ARACETAMOLCHILDREN,2,0,COUGHSED,COUGHSEDPARACETAMOLCHILDREN,base,multi_word,holdout
partial_116a456d5c725d4f,parts,three_ordered_middle_typo,MIR AOL ING,MIR;AOL;ING,3,1,MIRRAMORCARE,MIRRAMORCAREEMOLLIENTSOOTHING,base,multi_word,holdout
partial_11924343f17bffe2,parts,full_name_two_parts,XI LONEFORTE,XI;LONEFORTE,2,0,XILONE,XILONEFORTE,base,multi_word,development
partial_1197351c6462c613,parts,full_name_two_parts,TIBAZOLA XSR,TIBAZOLA;XSR,2,0,TIBAZOLAX,TIBAZOLAXSR,base,multi_word,holdout
partial_11a7fdee71eb0b41,parts,full_name_three_parts,VAC UBI TRON,VAC;UBI;TRON,3,0,VACUBITRON,VACUBITRON,base,single_word,development
partial_11b7d246796aded3,parts,full_name_two_parts,UNIMERPEDHYPERTO NIC,UNIMERPEDHYPERTO;NIC,2,0,UNIMER,UNIMERPEDHYPERTONIC,base,multi_word,development
partial_1202416e5ed356a9,parts,full_name_two_parts,CEREDERMPLASTER20 CM,CEREDERMPLASTER20;CM,2,0,CEREDERM,CEREDERMPLASTER20CM,base,multi_word,holdout
partial_120913d0d994bfe8,parts,full_name_two_parts,HOS TA,HOS;TA,2,0,HOSTA,HOSTA,base,single_word,holdout
partial_1225c6324c8e93cf,parts,two_edges_second_typo,QVFA LASH,QVFA;LASH,2,1,QV FACE EXFOLIATING POLISH,QVFACEEXFOLIATINGPOLISH,base,multi_word,holdout
partial_122f28af01d33c93,parts,one_internal_exact,ARAD,ARAD,1,0,CLEARADERM,CLEARADERM,base,single_word,development
partial_1234dbc519eb891b,parts,full_name_two_parts,ACETYL CYSTDAR,ACETYL;CYSTDAR,2,0,ACETYLCYSTDAR,ACETYLCYSTDAR,base,single_word,development
partial_123e9c6282b03201,parts,full_name_two_parts,GRAPEXONC UT,GRAPEXONC;UT,2,0,GRAPEXON,GRAPEXONCUT,base,multi_word,holdout
partial_125e901d471b10a3,parts,full_name_two_parts,COLD STOPN,COLD;STOPN,2,0,COLD STOP,COLDSTOPN,base,multi_word,development
partial_1287d43b9ae05d2a,parts,full_name_two_parts,AN ZATAX,AN;ZATAX,2,0,ANZATAX,ANZATAX,base,single_word,development
partial_128b290f88357d32,parts,full_name_two_parts,HO LDISAR,HO;LDISAR,2,0,HOLDISAR,HOLDISAR,base,single_word,development
partial_12a6b7be5490c432,parts,full_name_two_parts,BRONKI NG,BRONKI;NG,2,0,BRON KING,BRONKING,base,multi_word,development
partial_12c70a4ecd290e8a,parts,full_name_three_parts,REG UPH OSE,REG;UPH;OSE,3,0,REGUPHOSE,REGUPHOSE,base,single_word,holdout
partial_12c8237756b1dcb7,parts,full_name_two_parts,PAL MIDEX,PAL;MIDEX,2,0,PALMIDEX,PALMIDEX,base,single_word,development
partial_12cc758a89e24a67,parts,full_name_two_parts,CLARIMONDWHITEN ING,CLARIMONDWHITEN;ING,2,0,CLARIMOND,CLARIMONDWHITENING,base,multi_word,development
partial_12e9435955547eeb,parts,two_edges_first_typo,CLOA PINE,CLOA;PINE,2,1,CLOZAPINE,CLOZAPINE,base,single_word,development
partial_12f82b9a66b977de,parts,full_name_two_parts,AMOSTIGM INE,AMOSTIGM;INE,2,0,AMOSTIGMINE,AMOSTIGMINE,base,single_word,development
partial_12fe7c8ff3452cfd,parts,full_name_two_parts,ELEGAW HITENING,ELEGAW;HITENING,2,0,ELEGA,ELEGAWHITENING,base,multi_word,development
partial_130928f8070514af,parts,full_name_two_parts,APTAMILPRO SYNEOMILK,APTAMILPRO;SYNEOMILK,2,0,APTAMIL,APTAMILPROSYNEOMILK,base,multi_word,development
partial_1335001607ce0680,parts,full_name_two_parts,ANAFORTEN HAIRMASK,ANAFORTEN;HAIRMASK,2,0,ANAFORTEN,ANAFORTENHAIRMASK,base,multi_word,development
partial_133a5e2647cbaf13,parts,full_name_two_parts,TA UROLOCKHEP100CATHETERLOCK,TA;UROLOCKHEP100CATHETERLOCK,2,0,TAUROLOCK,TAUROLOCKHEP100CATHETERLOCK,base,multi_word,development
partial_1340b58b8c45df52,parts,full_name_two_parts,WHEYPROTE INISOLATEVANILLA,WHEYPROTE;INISOLATEVANILLA,2,0,WHEY PROTEIN ISOLATE VANILLA,WHEYPROTEINISOLATEVANILLA,base,multi_word,development
partial_134b059d37f300a8,parts,one_prefix_exact,EBAF,EBAF,1,0,EBAFER,EBAFER,base,single_word,development
partial_136704c341bd2eee,parts,one_internal_typo,ELBO,ELBO,1,1,ROTALBONE D,ROTALBONED,base,multi_word,development
partial_13699a8cc9817dee,parts,full_name_two_parts,SCAR END,SCAR;END,2,0,SCAREND,SCAREND,base,single_word,holdout
partial_137c8851f429be8e,parts,one_prefix_exact,RIOZ,RIOZ,1,0,RIOZID,RIOZID,base,single_word,development
partial_1382bc6249552d1c,parts,full_name_two_parts,OLAHOLACARES KIN,OLAHOLACARES;KIN,2,0,OLA HOLA CARE SKIN,OLAHOLACARESKIN,base,multi_word,development
partial_138936d4d7990a9a,parts,full_name_two_parts,MELAAKNEFAC IAL,MELAAKNEFAC;IAL,2,0,MELAAKNE,MELAAKNEFACIAL,base,multi_word,development
partial_138ff1465691086c,parts,three_ordered_middle_typo,VEN AOS SES,VEN;AOS;SES,3,1,VENTAL,VENTALCOMPOSITUMDOSES,base,multi_word,development
partial_1398810c3a902a39,parts,two_edges_first_typo,ONAH ROIL,ONAH;ROIL,2,1,ONY HAIR OIL,ONYHAIROIL,base,multi_word,development
partial_13bac0bc33e23dc5,parts,three_ordered_middle_typo,DGW AOA STE,DGW;AOA;STE,3,1,WHITE,DGWHITECHARCOALTOOTHPASTE,base,multi_word,holdout
partial_13d503281cf704d6,parts,one_internal_exact,BOSY,BOSY,1,0,CARBOSYLANE,CARBOSYLANE,base,single_word,development
partial_14011ac4fc0b16c0,parts,full_name_two_parts,NUXEREVEDEMIELLIPMOISTURISIN GSTICK,NUXEREVEDEMIELLIPMOISTURISIN;GSTICK,2,0,NUXE REVE DE MIEL LIP MOISTURISING STICK,NUXEREVEDEMIELLIPMOISTURISINGSTICK,base,multi_word,development
partial_143e8417a2fb724f,parts,full_name_two_parts,MOXY NIL,MOXY;NIL,2,0,MOXYNIL,MOXYNIL,base,single_word,development
partial_1454a6b7bf406730,parts,three_ordered_exact,HER EAU IES,HER;EAU;IES,3,0,HERBALAND,HERBALANDPUREBEAUTYADULTGUMMIES,base,multi_word,development
partial_145e5c6ddd3c08b6,parts,two_edges_second_typo,DICL AROK,DICL;AROK,2,1,DICLOPRO,DICLOPROK,base,multi_word,development
partial_1465db3f1d4c15b6,parts,full_name_two_parts,DERMA PURE,DERMA;PURE,2,0,DERMA,DERMAPURE,base,multi_word,development
partial_146bb183a2feb8c1,parts,one_internal_typo,PVAR,PVAR,1,1,TOP VORTEX,TOPVORTEX,base,multi_word,development
partial_146f99aad94ca1e2,parts,full_name_three_parts,AMI GRA WEST,AMI;GRA;WEST,3,0,AMIGRAWEST,AMIGRAWEST,base,single_word,development
partial_1478aafbd45a52a4,parts,two_edges_second_typo,ROFL SAGA,ROFL;SAGA,2,1,ROFLEX MASSAGE,ROFLEXMASSAGE,base,multi_word,development
partial_1488ad5b6630642c,parts,full_name_two_parts,SLIM ANIZER,SLIM;ANIZER,2,0,SLIMANIZER,SLIMANIZER,base,single_word,development
partial_14949413eef38cc7,parts,three_ordered_middle_typo,VEN ORA IAL,VEN;ORA;IAL,3,1,VENTAMOR,VENTAMORFACIAL,base,multi_word,holdout
partial_1496d916069a221c,parts,full_name_two_parts,VANSE PT,VANSE;PT,2,0,VANSEPT,VANSEPT,base,single_word,development
partial_14aaae7b64a0eab3,parts,full_name_two_parts,PHARMACERISMILDFLUIDFOUNDATIONSPF20SANDI NTENSECOVERAGE,PHARMACERISMILDFLUIDFOUNDATIONSPF20SANDI;NTENSECOVERAGE,2,0,PHARMACERIS,PHARMACERISMILDFLUIDFOUNDATIONSPF20SANDINTENSECOVERAGE,base,multi_word,development
partial_14e2efdd6e1ddb93,parts,three_ordered_middle_typo,GAM AAE OAL,GAM;AAE;OAL,3,1,GAMPS,GAMPSACTIVATEDCHARCOAL,base,multi_word,development
partial_14ee22c595fc4ecb,parts,full_name_two_parts,ACIDOPHILUSPR OBIOTIC,ACIDOPHILUSPR;OBIOTIC,2,0,ACIDOPHILUS PROBIOTIC,ACIDOPHILUSPROBIOTIC,base,multi_word,development
partial_14ef1c6a97bb4e97,parts,full_name_two_parts,AMOV IT,AMOV;IT,2,0,AMOVIT,AMOVIT,base,single_word,development
partial_151cf0f74eab9bb1,parts,full_name_two_parts,HEPS ERA,HEPS;ERA,2,0,HEPSERA,HEPSERA,base,single_word,development
partial_1543dc90ce33417d,parts,full_name_two_parts,INTEGRADOHAIRCONDIT IONER,INTEGRADOHAIRCONDIT;IONER,2,0,INTEGRADO,INTEGRADOHAIRCONDITIONER,base,multi_word,development
partial_155408870d743fae,parts,two_edges_exact,MOUN ELLY,MOUN;ELLY,2,0,MOUNJELLY,MOUNJELLY,family_head,single_word,development
partial_155afd276d11187a,parts,full_name_two_parts,HE MACHEF,HE;MACHEF,2,0,HEMACHEF,HEMACHEF,base,single_word,holdout
partial_156d1a4305e23373,parts,full_name_two_parts,PHARMACERISSHYDROLIPIDPROT ECTIVEFACE,PHARMACERISSHYDROLIPIDPROT;ECTIVEFACE,2,0,PHARMACERIS,PHARMACERISSHYDROLIPIDPROTECTIVEFACE,base,multi_word,development
partial_15745967afce63cf,parts,full_name_two_parts,DOZOV AMELATONIN,DOZOV;AMELATONIN,2,0,DOZOVA,DOZOVAMELATONIN,base,multi_word,development
partial_15785e3098fb3c31,parts,two_edges_second_typo,FOHA NB1A,FOHA;NB1A,2,1,FOHALI FOLIC ACID VITAMIN B12,FOHALIFOLICACIDVITAMINB12,base,multi_word,development
partial_157cd5dde84b5c2e,parts,full_name_two_parts,NUXEPRODIGIEUXDDMEDI UM,NUXEPRODIGIEUXDDMEDI;UM,2,0,NUXE PRODIGIEUX DD MEDIUM,NUXEPRODIGIEUXDDMEDIUM,base,multi_word,development
partial_158279fbe3e3a404,parts,full_name_two_parts,NEWFLOTAN INHALEDANAESTHETICLIQUID,NEWFLOTAN;INHALEDANAESTHETICLIQUID,2,0,NEW FLOTAN INHALED ANAESTHETIC LIQUID,NEWFLOTANINHALEDANAESTHETICLIQUID,base,multi_word,development
partial_1583a93c6ef90a3a,parts,full_name_two_parts,SANIKAIRAN TISEPTIC,SANIKAIRAN;TISEPTIC,2,0,SANIKAIR ANTISEPTIC,SANIKAIRANTISEPTIC,base,multi_word,development
partial_159d7acc2d35ab3c,parts,full_name_two_parts,TIMAVIT CALCIUM,TIMAVIT;CALCIUM,2,0,TIMA VIT CALCIUM,TIMAVITCALCIUM,base,multi_word,development
partial_15be22d69e226688,parts,full_name_two_parts,SERVIP EP,SERVIP;EP,2,0,SERVIPEP,SERVIPEP,base,single_word,development
partial_15cdd7314babc1fa,parts,full_name_two_parts,FLOC AREUNIVERSALPACKSET,FLOC;AREUNIVERSALPACKSET,2,0,FLOCARE,FLOCAREUNIVERSALPACKSET,base,multi_word,development
partial_15e08e64bc5a2802,parts,two_edges_first_typo,EAER PAED,EAER;PAED,2,1,EMERAL,EMERALPAED,base,multi_word,development
partial_15e1dc6f8e72b566,parts,full_name_two_parts,COSTA REB,COSTA;REB,2,0,COSTAREB,COSTAREB,base,single_word,development
partial_160801ee52dd63a3,parts,full_name_two_parts,MUSTELASTELATRIAPURIFYIN GRECOVERY,MUSTELASTELATRIAPURIFYIN;GRECOVERY,2,0,MUSTELA,MUSTELASTELATRIAPURIFYINGRECOVERY,base,multi_word,development
partial_160b644466a562ba,parts,full_name_two_parts,AVENETRIXERASELECTIOSEE MOLLIENTCLEANSING,AVENETRIXERASELECTIOSEE;MOLLIENTCLEANSING,2,0,AVENE,AVENETRIXERASELECTIOSEEMOLLIENTCLEANSING,base,multi_word,holdout
partial_161a4e5c481e421d,parts,full_name_two_parts,FO LLIFACTOR,FO;LLIFACTOR,2,0,FOLLIFACTOR,FOLLIFACTOR,base,single_word,development
partial_163c6cb817dc0871,parts,full_name_two_parts,ALUM ATREND,ALUM;ATREND,2,0,ALUMATREND,ALUMATREND,base,single_word,development
partial_1652293977da2545,parts,full_name_two_parts,BACTIC IDEHANDSKINANTISEPTIC,BACTIC;IDEHANDSKINANTISEPTIC,2,0,BACTICIDE HAND SKIN ANTISEPTIC,BACTICIDEHANDSKINANTISEPTIC,base,multi_word,development
partial_1652e47fa0946e11,parts,full_name_two_parts,PHARMACE RISHNUTRIMELINHAIR,PHARMACE;RISHNUTRIMELINHAIR,2,0,PHARMACERIS,PHARMACERISHNUTRIMELINHAIR,base,multi_word,development
partial_1655519cc308a257,parts,three_ordered_middle_typo,VIV DAL AIR,VIV;DAL;AIR,3,1,VIVIDOL,VIVIDOLHAIR,base,multi_word,development
partial_166e45981307af63,parts,full_name_two_parts,BIOTINDEZ INCHARDGELATIN,BIOTINDEZ;INCHARDGELATIN,2,0,BIOTIN DE ZINC HARD GELATIN,BIOTINDEZINCHARDGELATIN,base,multi_word,holdout
partial_16729be66774f2d0,parts,full_name_two_parts,BUSCAMOLC OMPOSITUM,BUSCAMOLC;OMPOSITUM,2,0,BUSCAMOL,BUSCAMOLCOMPOSITUM,base,multi_word,holdout
partial_16940e8490cb92a2,parts,two_edges_second_typo,KETO ESAC,KETO;ESAC,2,1,KETOGESIC,KETOGESIC,base,single_word,holdout
partial_169f3f993fba500d,parts,full_name_two_parts,REC ARE,REC;ARE,2,0,RECARE,RECARE,base,single_word,holdout
partial_16b0d929591c5c65,parts,one_suffix_exact,HEAT,HEAT,1,0,DEEP HEAT,DEEPHEAT,base,multi_word,holdout
partial_16b6807a57fbe407,parts,full_name_two_parts,CO LICALCEDRON,CO;LICALCEDRON,2,0,COLICALCEDRON,COLICALCEDRON,base,single_word,holdout
partial_16e528f9a21410e0,parts,full_name_two_parts,CHARTORE GCO,CHARTORE;GCO,2,0,CHARTOREG,CHARTOREGCO,base,multi_word,development
partial_1704350ceef18469,parts,one_suffix_exact,ARAM,ARAM,1,0,LINTARAM,LINTARAM,base,single_word,holdout
partial_170973e87c237148,parts,one_internal_typo,XSAB,XSAB,1,1,XERODOX,XERODOXSUBLINGUAL,base,multi_word,development
partial_1710c29f4192853a,parts,full_name_three_parts,FLA MOG UARD,FLA;MOG;UARD,3,0,FLAMOGUARD,FLAMOGUARD,base,single_word,development
partial_171324ca8783773d,parts,one_internal_typo,UAIR,UAIR,1,1,HUMIRA,HUMIRA,base,single_word,development
partial_17215f775a4f1056,parts,three_ordered_exact,NOR PAF ONE,NOR;PAF;ONE,3,0,NORMAPAFENONE,NORMAPAFENONE,base,single_word,development
partial_173706992ee2cc09,parts,full_name_two_parts,CE LEBREX,CE;LEBREX,2,0,CELEBREX,CELEBREX,base,single_word,development
partial_174fdb834b249522,parts,full_name_two_parts,PROBIOTICBILLIONV EG,PROBIOTICBILLIONV;EG,2,0,PROBIOTIC BILLION VEG,PROBIOTICBILLIONVEG,base,multi_word,development
partial_176040ae56cf4c71,parts,full_name_two_parts,HE RMPRO,HE;RMPRO,2,0,HERMPRO,HERMPRO,base,single_word,holdout
partial_176f453894694b27,parts,full_name_two_parts,GLAMYLABWHITEN ING,GLAMYLABWHITEN;ING,2,0,GLAMY,GLAMYLABWHITENING,base,multi_word,development
partial_17702d1f4a6135d7,parts,full_name_two_parts,CIDOLU TNOR,CIDOLU;TNOR,2,0,CIDOLUT,CIDOLUTNOR,base,multi_word,holdout
partial_1775ad01a8d74700,parts,full_name_two_parts,PANADO LSINUSRELIEFPE,PANADO;LSINUSRELIEFPE,2,0,PANADOL,PANADOLSINUSRELIEFPE,base,multi_word,development
partial_177d2f1931e2c8b5,parts,one_suffix_exact,EN3M,EN3M,1,0,INTEFEN,INTEFEN3M,base,multi_word,holdout
partial_17a24fda4d4b4764,parts,full_name_two_parts,GAS TRORAYZEN,GAS;TRORAYZEN,2,0,GASTRORAYZEN,GASTRORAYZEN,base,single_word,development
partial_17b475ad52b3727c,parts,one_internal_exact,IIMM,IIMM,1,0,MYVI IMMUNE,MYVIIMMUNE,base,multi_word,development
partial_17ca9649527406ac,parts,three_ordered_middle_typo,VAC AWH ING,VAC;AWH;ING,3,1,VACATION,VACATIONWHITENING,base,multi_word,development
partial_17e89147f513e44b,parts,three_ordered_exact,NIC TTS ENA,NIC;TTS;ENA,3,0,NICOTINELL TTS CM SQUARE N A,NICOTINELLTTSCMSQUARENA,base,multi_word,development
partial_17ed8c236f3a5f36,parts,full_name_three_parts,FLA REN IGHT,FLA;REN;IGHT,3,0,FLARE,FLARENIGHT,base,multi_word,development
partial_17eeee514e973f41,parts,full_name_two_parts,LOP RAL,LOP;RAL,2,0,LOPRAL,LOPRAL,base,single_word,development
partial_17f10e4ee3679376,parts,full_name_two_parts,PROCAREOMEGAMULTIVITAMI NS,PROCAREOMEGAMULTIVITAMI;NS,2,0,PROCARE OMEGA MULTIVITAMINS,PROCAREOMEGAMULTIVITAMINS,base,multi_word,development
partial_17f4661f160c12c1,parts,full_name_two_parts,KREMAR OSA,KREMAR;OSA,2,0,KREMA ROSA,KREMAROSA,base,multi_word,development
partial_180b3cec8804d17f,parts,three_ordered_middle_typo,VAC NGA ING,VAC;NGA;ING,3,1,VACATION,VACATIONWHITENINGFACIALCLEANSING,base,multi_word,development
partial_183789e0fde25853,parts,full_name_three_parts,MED IFE NTYL,MED;IFE;NTYL,3,0,MEDIFENTYL,MEDIFENTYL,base,single_word,development
partial_18589fe88328d3fb,parts,full_name_two_parts,BETA DINESKINCLEANSER,BETA;DINESKINCLEANSER,2,0,BETADINE,BETADINESKINCLEANSER,base,multi_word,holdout
partial_186d06ed240ea8b6,parts,full_name_two_parts,BEK LAIRSSKINCLEANSING,BEK;LAIRSSKINCLEANSING,2,0,BE KLAIRS SKIN CLEANSING,BEKLAIRSSKINCLEANSING,base,multi_word,development
partial_1877f6b79f2a1c37,parts,full_name_two_parts,AVEROF ECTAN,AVEROF;ECTAN,2,0,AVEROFECTAN,AVEROFECTAN,base,single_word,development
partial_1879542a827eb50a,parts,full_name_two_parts,ZEL UXIA,ZEL;UXIA,2,0,ZELUXIA,ZELUXIA,base,single_word,development
partial_18b73fa619afe20e,parts,full_name_two_parts,AGERALIGHTENINGFACIALCLEANS ER,AGERALIGHTENINGFACIALCLEANS;ER,2,0,AGERA,AGERALIGHTENINGFACIALCLEANSER,base,multi_word,holdout
partial_18c2545d71700a37,parts,full_name_two_parts,AMRI BROMAZEPAM,AMRI;BROMAZEPAM,2,0,AMRIBROMAZEPAM,AMRIBROMAZEPAM,base,single_word,development
partial_18f9b07a1ac9a2fe,parts,full_name_two_parts,NUTRIVILLEWOMENMULTIV ITAMIN,NUTRIVILLEWOMENMULTIV;ITAMIN,2,0,NUTRIVILLE,NUTRIVILLEWOMENMULTIVITAMIN,base,multi_word,development
partial_18fd53ba4fcd1a27,parts,full_name_two_parts,DE PONITNT,DE;PONITNT,2,0,DEPONIT NT,DEPONITNT,base,multi_word,development
partial_191a052c36f26966,parts,full_name_two_parts,GEN KYSTAR,GEN;KYSTAR,2,0,GENKYSTAR,GENKYSTAR,base,single_word,development
partial_19336b2b7ca31c47,parts,one_internal_typo,GREP,GREP,1,1,TEGRAPIN,TEGRAPIN,base,single_word,development
partial_1936e193b04c86ba,parts,full_name_two_parts,CONCENT RATEDHAEMODIALYSISACETATEA3BP,CONCENT;RATEDHAEMODIALYSISACETATEA3BP,2,0,CONCENTRATED,CONCENTRATEDHAEMODIALYSISACETATEA3BP,base,multi_word,development
partial_19375524a92aa2e3,parts,full_name_two_parts,CUTER SYANTIDANDRUFF,CUTER;SYANTIDANDRUFF,2,0,CUTERSY,CUTERSYANTIDANDRUFF,base,multi_word,holdout
partial_1953e41f527e040a,parts,two_edges_exact,PRIM IZAR,PRIM;IZAR,2,0,PRIMOXIZAR,PRIMOXIZAR,base,single_word,development
partial_196366782fdcef3e,parts,full_name_two_parts,GENGIGEL MOUTHRINSE,GENGIGEL;MOUTHRINSE,2,0,GENGIGEL,GENGIGELMOUTHRINSE,base,multi_word,holdout
partial_19643c2e294c7474,parts,two_edges_second_typo,AVEN AGHT,AVEN;AGHT,2,1,AVENE,AVENEPHYSIOLIFTSMOOTHINGNIGHT,base,multi_word,holdout
partial_196cedea7479ad43,parts,one_suffix_exact,DOIC,DOIC,1,0,EZEDOIC,EZEDOIC,base,single_word,development
partial_19771ea1da198c2b,parts,full_name_two_parts,URIAGE SPFTINTED,URIAGE;SPFTINTED,2,0,URIAGE,URIAGESPFTINTED,base,multi_word,holdout
partial_19782759dc9c2422,parts,full_name_two_parts,SUNSENSESUNSENSIT IVE,SUNSENSESUNSENSIT;IVE,2,0,SUNSENSE,SUNSENSESUNSENSITIVE,base,multi_word,development
partial_1979cf0559d35d07,parts,full_name_two_parts,OX IDIL,OX;IDIL,2,0,OXIDIL,OXIDIL,base,single_word,holdout
partial_197bf3b69f33730a,parts,full_name_two_parts,MOISTACNEPR ONESKIN,MOISTACNEPR;ONESKIN,2,0,MOIST,MOISTACNEPRONESKIN,base,multi_word,development
partial_19808f0b5b0d7320,parts,full_name_two_parts,PILESE PTINE,PILESE;PTINE,2,0,PILESEPTINE,PILESEPTINE,base,single_word,development
partial_19b51ec6dc884242,parts,full_name_two_parts,LOME XCURE,LOME;XCURE,2,0,LOMEXCURE,LOMEXCURE,base,single_word,development
partial_19bc6015a7eedf5c,parts,one_suffix_exact,OTAC,OTAC,1,0,FLOTAC,FLOTAC,base,single_word,development
partial_19c8e8cbc2eaf25f,parts,full_name_two_parts,LENALIDOMI DEEVA,LENALIDOMI;DEEVA,2,0,LENALIDOMIDE EVA,LENALIDOMIDEEVA,base,multi_word,holdout
partial_1a1a0b1dcb7a996d,parts,one_prefix_grapheme,KESTR,KESTR,1,0,QUESTRAN,QUESTRAN,base,single_word,holdout
partial_1a1c1d3dd730f6b3,parts,full_name_two_parts,NEFOP AM,NEFOP;AM,2,0,NEFOPAM,NEFOPAM,base,single_word,development
partial_1a21b1825e6e73a0,parts,full_name_two_parts,MKVITA MINK2GELVISA,MKVITA;MINK2GELVISA,2,0,VITAMIN,MKVITAMINK2GELVISA,base,multi_word,holdout
partial_1a559fbba22b929b,parts,full_name_two_parts,MISHAMULTIVIT AMINS,MISHAMULTIVIT;AMINS,2,0,MISHA MULTIVITAMINS,MISHAMULTIVITAMINS,base,multi_word,development
partial_1a5941a59042ad17,parts,full_name_two_parts,GENEPREG NA,GENEPREG;NA,2,0,GENEPREGNA,GENEPREGNA,family_head,single_word,development
partial_1a7d0ab3e9368994,parts,full_name_two_parts,MULLANVITA MIND3,MULLANVITA;MIND3,2,0,MULLAN VITAMIN D3,MULLANVITAMIND3,base,multi_word,development
partial_1a8c5db02ad7ba1f,parts,two_edges_second_typo,REPA ARAY,REPA;ARAY,2,1,REPARIL ICE APRAY,REPARILICEAPRAY,base,multi_word,development
partial_1a9de671d1137579,parts,full_name_two_parts,DE CONGESTYLN,DE;CONGESTYLN,2,0,DECONGESTYL,DECONGESTYLN,base,multi_word,development
partial_1aa02a4186ed4ed5,parts,full_name_two_parts,AV ENEHYDRANCEOPTIMALERICHSPF20,AV;ENEHYDRANCEOPTIMALERICHSPF20,2,0,AVENE,AVENEHYDRANCEOPTIMALERICHSPF20,base,multi_word,holdout
partial_1ac3f1ff24e3804b,parts,full_name_two_parts,SPECTRAPANTH ENOLEXTRAHAIR,SPECTRAPANTH;ENOLEXTRAHAIR,2,0,SPECTRA,SPECTRAPANTHENOLEXTRAHAIR,base,multi_word,development
partial_1ac6398225e94485,parts,full_name_two_parts,TAMOXI FENEBEWE,TAMOXI;FENEBEWE,2,0,TAMOXIFEN EBEWE,TAMOXIFENEBEWE,base,multi_word,development
partial_1ac8947166324d21,parts,full_name_two_parts,GERIATRICPH ARMATON,GERIATRICPH;ARMATON,2,0,GERIATRIC PHARMATON,GERIATRICPHARMATON,base,multi_word,development
partial_1acf80ef95ae1cf8,parts,full_name_two_parts,AXO LIP,AXO;LIP,2,0,AXOLIP,AXOLIP,base,single_word,development
partial_1b042d1480eed954,parts,full_name_two_parts,SALICO RTIDERM,SALICO;RTIDERM,2,0,SALICORTIDERM,SALICORTIDERM,base,single_word,development
partial_1b1af455d505d413,parts,two_edges_exact,BIOM COMP,BIOM;COMP,2,0,BIOMED,BIOMEDBCOMP,base,multi_word,development
partial_1b5389f90661f81a,parts,full_name_two_parts,NEOME DANINE,NEOME;DANINE,2,0,NEO MEDANINE,NEOMEDANINE,base,multi_word,development
partial_1b7327b95cfb765f,parts,full_name_two_parts,SPIOLTOR ESPIMAT,SPIOLTOR;ESPIMAT,2,0,SPIOLTO RESPIMAT,SPIOLTORESPIMAT,base,multi_word,holdout
partial_1b77a4339af2b113,parts,full_name_two_parts,DEEPFREEZEPHARMAKONCO LD,DEEPFREEZEPHARMAKONCO;LD,2,0,DEEPFREEZE PHARMAKON COLD,DEEPFREEZEPHARMAKONCOLD,base,multi_word,development
partial_1b85282552f3793f,parts,two_edges_exact,DERM SOLN,DERM;SOLN,2,0,DERMOBACTER ANTISEPTIC SOLN,DERMOBACTERANTISEPTICSOLN,base,multi_word,development
partial_1b8c7ca75557909d,parts,full_name_two_parts,DETRU SAN,DETRU;SAN,2,0,DETRUSAN,DETRUSAN,base,single_word,development
partial_1b97d937a5aeb105,parts,full_name_two_parts,INSTANTIZEDBCAAUNFLAVO RED,INSTANTIZEDBCAAUNFLAVO;RED,2,0,INSTANTIZED,INSTANTIZEDBCAAUNFLAVORED,base,multi_word,development
partial_1b9a142824ab71e9,parts,full_name_two_parts,ISOA CNETIN,ISOA;CNETIN,2,0,ISO ACNETIN,ISOACNETIN,base,multi_word,development
partial_1bafb1bb70dcbdc7,parts,full_name_two_parts,HER BALANDKIDSIMMUNE,HER;BALANDKIDSIMMUNE,2,0,HERBALAND,HERBALANDKIDSIMMUNE,base,multi_word,development
partial_1bb9f873426dac8d,parts,one_internal_typo,LREA,LREA,1,1,HYDRAWELL REHYDRATION,HYDRAWELLREHYDRATION,base,multi_word,development
partial_1bc153d7848cfb13,parts,three_ordered_exact,IVY VIB KIN,IVY;VIB;KIN,3,0,IVYBEARS,IVYBEARSVIBRANTSKIN,base,multi_word,development
partial_1bd23be5587aa8a5,parts,full_name_two_parts,DE XAMETHASONEAMRIYA,DE;XAMETHASONEAMRIYA,2,0,DEXAMETHASONE AMRIYA,DEXAMETHASONEAMRIYA,base,multi_word,development
partial_1c1534d903f556a2,parts,full_name_two_parts,GULISPIRI NA,GULISPIRI;NA,2,0,GULISPIRINA,GULISPIRINA,base,single_word,holdout
partial_1c1efb3a2e8fb331,parts,full_name_two_parts,FERROP OLYN,FERROP;OLYN,2,0,FERROPOLYN,FERROPOLYN,base,single_word,development
partial_1c47d548dac8df07,parts,full_name_two_parts,HIFACEFACIALCLEAN SER,HIFACEFACIALCLEAN;SER,2,0,HI FACE FACIAL CLEANSER,HIFACEFACIALCLEANSER,base,multi_word,development
partial_1c5b6f37b7d3b76a,parts,full_name_two_parts,KEMIPHED RINE,KEMIPHED;RINE,2,0,KEMIPHEDRINE,KEMIPHEDRINE,base,single_word,development
partial_1c60923bbf5f884f,parts,three_ordered_exact,INS TIZ CAA,INS;TIZ;CAA,3,0,INSTANTIZED,INSTANTIZEDBCAA,base,multi_word,development
partial_1c79f6494ec61f94,parts,three_ordered_middle_typo,PED MAM ILK,PED;MAM;ILK,3,1,PEDIAMUM MILK,PEDIAMUMMILK,base,multi_word,holdout
partial_1c8734f58c122b86,parts,full_name_two_parts,AWADISTCOL DFLUDAY,AWADISTCOL;DFLUDAY,2,0,AWADIST,AWADISTCOLDFLUDAY,base,multi_word,development
partial_1c9b48787c80a1a5,parts,full_name_two_parts,BLOG HERBA,BLOG;HERBA,2,0,BLOG HERBA,BLOGHERBA,base,multi_word,development
partial_1c9fd1d707854c5f,parts,full_name_two_parts,COSMOF ER,COSMOF;ER,2,0,COSMOFER,COSMOFER,base,single_word,development
partial_1ca88c0dc49ce087,parts,full_name_two_parts,PANADOLE XTRA,PANADOLE;XTRA,2,0,PANADOL,PANADOLEXTRA,base,multi_word,development
partial_1d3c6c47d39c8542,parts,full_name_two_parts,HERBALANDMULTIVITAMINSADULTS GUMMIES,HERBALANDMULTIVITAMINSADULTS;GUMMIES,2,0,HERBALAND,HERBALANDMULTIVITAMINSADULTSGUMMIES,base,multi_word,development
partial_1d4575832ac12d3a,parts,full_name_two_parts,LIMITLESSL ACTOFERRIN,LIMITLESSL;ACTOFERRIN,2,0,LIMITLESS,LIMITLESSLACTOFERRIN,base,multi_word,holdout
partial_1d5b0509857625f6,parts,full_name_two_parts,BALENAG UMMIES,BALENAG;UMMIES,2,0,BALENA GUMMIES,BALENAGUMMIES,base,multi_word,holdout
partial_1d67551feb5f6398,parts,one_internal_typo,NIAU,NIAU,1,1,FINI PURE,FINIPURE,base,multi_word,development
partial_1d7d12545568bcac,parts,two_edges_second_typo,BRIL IAAT,BRIL;IAAT,2,1,BRILLIANT,BRILLIANT,base,single_word,development
partial_1d8ad5d1bb6cef21,parts,full_name_three_parts,AUG MACI LLIN,AUG;MACI;LLIN,3,0,AUGMACILLIN,AUGMACILLIN,base,single_word,development
partial_1dcb31955193edef,parts,full_name_two_parts,EBAFIXHAIRCONDITIONI NG,EBAFIXHAIRCONDITIONI;NG,2,0,EBAFIX,EBAFIXHAIRCONDITIONING,base,multi_word,development
partial_1ddecb9277421cfe,parts,full_name_two_parts,SOMAB LUE,SOMAB;LUE,2,0,SOMABLUE,SOMABLUE,base,single_word,development
partial_1de1757d852ea059,parts,full_name_two_parts,ELEGAFACIALCLEAN SER,ELEGAFACIALCLEAN;SER,2,0,ELEGA,ELEGAFACIALCLEANSER,base,multi_word,development
partial_1e01564426d78df1,parts,full_name_two_parts,AVENETHERMALS PRINGWATER,AVENETHERMALS;PRINGWATER,2,0,AVENE,AVENETHERMALSPRINGWATER,base,multi_word,holdout
partial_1e298622a6672d8b,parts,two_edges_second_typo,PERF MIAE,PERF;MIAE,2,1,PERFECTION,PERFECTIONCARBAMIDE,base,multi_word,development
partial_1e2f7f092e265d2f,parts,full_name_two_parts,COT RIMOXAZOLE,COT;RIMOXAZOLE,2,0,CO TRIMOXAZOLE,COTRIMOXAZOLE,base,multi_word,development
partial_1e34a91426d78c2b,parts,full_name_three_parts,CLIN ZBEA RDOIL,CLIN;ZBEA;RDOIL,3,0,CLINZ BEARD OIL,CLINZBEARDOIL,base,multi_word,development
partial_1e50199f6a12fd62,parts,full_name_two_parts,DOLP HINK,DOLP;HINK,2,0,DOLPHIN,DOLPHINK,base,multi_word,development
partial_1e5ac47e0f80cf4a,parts,two_edges_second_typo,NICO IAAN,NICO;IAAN,2,1,NICOTIPAN,NICOTIPAN,base,single_word,development
partial_1e72a7a8b6d7becb,parts,full_name_two_parts,BEESLINESKINWHIT ENING,BEESLINESKINWHIT;ENING,2,0,BEESLINE,BEESLINESKINWHITENING,base,multi_word,holdout
partial_1eace3ba71a56107,parts,one_internal_typo,UNAJ,UNAJ,1,1,LOXYMUNE,LOXYMUNEJUNIOR,base,multi_word,development
partial_1ebf16b9973aa9a0,parts,two_edges_exact,CERE 20CM,CERE;20CM,2,0,CEREDERM,CEREDERMPLASTER20CM,base,multi_word,holdout
partial_1eef3ed4786bf7be,parts,full_name_two_parts,PHARMACERISAOPTISENS ILIUMDUOACTIVEANTIWRINKLE,PHARMACERISAOPTISENS;ILIUMDUOACTIVEANTIWRINKLE,2,0,PHARMACERIS,PHARMACERISAOPTISENSILIUMDUOACTIVEANTIWRINKLE,base,multi_word,development
partial_1ef3081931090222,parts,three_ordered_exact,ALP YMO SIN,ALP;YMO;SIN,3,0,ALPHACHYMOTRYPSIN,ALPHACHYMOTRYPSIN,base,single_word,holdout
partial_1f14ad514c351c0c,parts,two_edges_second_typo,CENT OAVO,CENT;OAVO,2,1,CENTRAVITA,CENTRAVITASOLVO,base,multi_word,development
partial_1f1b6f8f5d9978db,parts,full_name_two_parts,PENCIL LIMOX,PENCIL;LIMOX,2,0,PENCILLIMOX,PENCILLIMOX,base,single_word,development
partial_1f1fa9a61d8f9c32,parts,full_name_two_parts,LACTOFERR OZ,LACTOFERR;OZ,2,0,LACTOFERROZ,LACTOFERROZ,base,single_word,development
partial_1f45ada2f65d2d3b,parts,two_edges_first_typo,GAIP BINO,GAIP;BINO,2,1,GRIPE WATER BAMBINO,GRIPEWATERBAMBINO,base,multi_word,development
partial_1f86443c09ff0f24,parts,two_edges_exact,MECL ZIGO,MECL;ZIGO,2,0,MECLIZIGO,MECLIZIGO,base,single_word,development
partial_1f93d608e2cb0c83,parts,full_name_two_parts,ZIAFLEXMASSA GE,ZIAFLEXMASSA;GE,2,0,ZIAFLEX MASSAGE,ZIAFLEXMASSAGE,base,multi_word,development
partial_1fa6a8a96813ea4c,parts,full_name_three_parts,TRU LIC ITY,TRU;LIC;ITY,3,0,TRULICITY,TRULICITY,base,single_word,development
partial_1faee6e6f22ea372,parts,full_name_two_parts,FL OHALEHFA,FL;OHALEHFA,2,0,FLOHALE HFA,FLOHALEHFA,base,multi_word,development
partial_1fb9b1cf66a564e2,parts,one_suffix_exact,GAJO,GAJO,1,0,OMEGA,OMEGAJO,base,multi_word,holdout
partial_1fc8ceea40754a36,parts,full_name_two_parts,PAX ANOVEL,PAX;ANOVEL,2,0,PAXANOVEL,PAXANOVEL,base,single_word,development
partial_1fcb8f3a349d6042,parts,full_name_two_parts,SPASMOTALINFOR TE,SPASMOTALINFOR;TE,2,0,SPASMOTALIN,SPASMOTALINFORTE,base,multi_word,development
partial_1fd88edab27db7bc,parts,one_suffix_exact,GELS,GELS,1,0,FISH OIL SOFTGELS,FISHOILSOFTGELS,base,multi_word,development
partial_1ff33d80a5c05f0c,parts,full_name_two_parts,BLI NCOREST,BLI;NCOREST,2,0,BLINCOREST,BLINCOREST,base,single_word,holdout
partial_2056e6fe7dc2221c,parts,full_name_two_parts,FO LLITONELEAVEIN,FO;LLITONELEAVEIN,2,0,FOLLITONE,FOLLITONELEAVEIN,base,multi_word,development
partial_20a5ae11ad08271d,parts,full_name_two_parts,AVENETRIACNEALEXPERTEM ULSION,AVENETRIACNEALEXPERTEM;ULSION,2,0,AVENE,AVENETRIACNEALEXPERTEMULSION,base,multi_word,holdout
partial_20b276b46476d727,parts,full_name_two_parts,TR AVOPROSTQUEENCOMB,TR;AVOPROSTQUEENCOMB,2,0,TRAVOPROSTQUEEN,TRAVOPROSTQUEENCOMB,base,multi_word,development
partial_20c7a7df143d0ad5,parts,full_name_two_parts,ARTQFACIALCLEAN SER,ARTQFACIALCLEAN;SER,2,0,ART Q FACIAL CLEANSER,ARTQFACIALCLEANSER,base,multi_word,development
partial_20c8eefa788a0f97,parts,two_edges_exact,OMEG HOIL,OMEG;HOIL,2,0,OMEGA,OMEGAFISHOIL,base,multi_word,holdout
partial_2102b3627e5fec43,parts,full_name_three_parts,FIT OBU RNS,FIT;OBU;RNS,3,0,FITO BURNS,FITOBURNS,base,multi_word,development
partial_210ec1cf494f43bf,parts,one_internal_exact,IPDI,IPDI,1,0,LIPDIP,LIPDIP,base,single_word,holdout
partial_2114a7840abaa372,parts,full_name_two_parts,RIVADONHA IR,RIVADONHA;IR,2,0,RIVADON HAIR,RIVADONHAIR,base,multi_word,development
partial_211d6a1daa2b1c3d,parts,full_name_two_parts,ANDOVITO MEGA,ANDOVITO;MEGA,2,0,ANDOVIT,ANDOVITOMEGA,base,multi_word,holdout
partial_213066eeb77d3b4f,parts,three_ordered_exact,ENE TRE ION,ENE;TRE;ION,3,0,ENEMACORT RETENTION,ENEMACORTRETENTION,base,multi_word,development
partial_213b6cef4082d10f,parts,full_name_two_parts,NUXEAQUABELLABEAUTYREVEALINGM OISTURISINGEMULSION,NUXEAQUABELLABEAUTYREVEALINGM;OISTURISINGEMULSION,2,0,NUXE AQUABELLA BEAUTY REVEALING MOISTURISING EMULSION,NUXEAQUABELLABEAUTYREVEALINGMOISTURISINGEMULSION,base,multi_word,development
partial_213deb293db9a15f,parts,full_name_two_parts,BEESLINECHAPPE DNIPPLES,BEESLINECHAPPE;DNIPPLES,2,0,BEESLINE,BEESLINECHAPPEDNIPPLES,base,multi_word,holdout
partial_2156f55125f9f1a4,parts,full_name_two_parts,BETADINESURGICA LSCRUB,BETADINESURGICA;LSCRUB,2,0,BETADINE,BETADINESURGICALSCRUB,base,multi_word,holdout
partial_2171d2d63d65b294,parts,two_edges_first_typo,SALC ERYL,SALC;ERYL,2,1,SOLCOSERYL,SOLCOSERYL,base,single_word,development
partial_2177a9b9cc22669d,parts,full_name_two_parts,BIGUANELL EGYNAECOLOGICAL,BIGUANELL;EGYNAECOLOGICAL,2,0,BIGUANELLE GYNAECOLOGICAL,BIGUANELLEGYNAECOLOGICAL,base,multi_word,holdout
partial_2185c0b3873966a7,parts,full_name_two_parts,ECRINALAN PAFTER,ECRINALAN;PAFTER,2,0,ECRINAL,ECRINALANPAFTER,base,multi_word,development
partial_219473f98ee20444,parts,full_name_two_parts,SIDERALBIMBIORODISPERSIBLES TICKS,SIDERALBIMBIORODISPERSIBLES;TICKS,2,0,SIDERAL,SIDERALBIMBIORODISPERSIBLESTICKS,base,multi_word,development
partial_21967c2d8ef7d2af,parts,two_edges_exact,ISOT DERM,ISOT;DERM,2,0,ISOTRETODERM,ISOTRETODERM,base,single_word,development
partial_219ef6620e4607de,parts,full_name_two_parts,SYNT HECORTIN,SYNT;HECORTIN,2,0,SYNTHECORTIN,SYNTHECORTIN,base,single_word,development
partial_21a69d94effeee86,parts,full_name_two_parts,IM MUTONEX,IM;MUTONEX,2,0,IMMUTONEX,IMMUTONEX,base,single_word,holdout
partial_21b152e6b65514c6,parts,full_name_two_parts,COI RBESARTAN,COI;RBESARTAN,2,0,IRBESARTAN,COIRBESARTAN,base,multi_word,holdout
partial_21c2d7683c3d321a,parts,full_name_two_parts,DENTIBABYTEET HING,DENTIBABYTEET;HING,2,0,DENTIBABY TEETHING,DENTIBABYTEETHING,base,multi_word,development
partial_21c933531dc5f342,parts,two_edges_exact,MASH REEN,MASH;REEN,2,0,MASH SUNSCREEN,MASHSUNSCREEN,base,multi_word,development
partial_21e32fd616982799,parts,two_edges_exact,ECTO ULTS,ECTO;ULTS,2,0,ECTOIN,ECTOINALLERGYADULTS,base,multi_word,development
partial_21e8d6f39a73511d,parts,two_edges_exact,DOLO RILE,DOLO;RILE,2,0,DOLOMINE,DOLOMINESTERILE,base,multi_word,holdout
partial_21ff641c53274662,parts,full_name_two_parts,ROYALTILIAGUAVALEAVESFIL TERBAGS,ROYALTILIAGUAVALEAVESFIL;TERBAGS,2,0,ROYAL,ROYALTILIAGUAVALEAVESFILTERBAGS,base,multi_word,development
partial_220537e4705272f4,parts,two_edges_exact,URGI FECT,URGI;FECT,2,0,URGINAFECT,URGINAFECT,base,single_word,development
partial_2258f8cbddf2c685,parts,full_name_two_parts,VERM IZOLE,VERM;IZOLE,2,0,VERMIZOLE,VERMIZOLE,base,single_word,development
partial_226b98ea9d69a9bb,parts,full_name_two_parts,NITOLICHEA DLICETREATMENTSYSTEM,NITOLICHEA;DLICETREATMENTSYSTEM,2,0,NITOLIC,NITOLICHEADLICETREATMENTSYSTEM,base,multi_word,development
partial_227327b6ac6b6974,parts,full_name_two_parts,RON JA,RON;JA,2,0,RONJA,RONJA,base,single_word,development
partial_22b74ce8185c1571,parts,full_name_two_parts,DIL OZOLE,DIL;OZOLE,2,0,DILOZOLE,DILOZOLE,base,single_word,development
partial_22c6b24a070964af,parts,full_name_two_parts,RILASTILTOPYL AUDE,RILASTILTOPYL;AUDE,2,0,RILASTIL,RILASTILTOPYLAUDE,base,multi_word,development
partial_22f908ab454ffcbd,parts,full_name_two_parts,ZE FICAM,ZE;FICAM,2,0,ZEFICAM,ZEFICAM,base,single_word,development
partial_2300d1557267fd97,parts,full_name_two_parts,TEN DASEEF,TEN;DASEEF,2,0,TENDASEEF,TENDASEEF,base,single_word,development
partial_230edf6cefd0df50,parts,one_prefix_grapheme,ASPOF,ASPOF,1,0,ASPOPHAR,ASPOPHAR,base,single_word,development
partial_23349d7067a7078d,parts,full_name_two_parts,ZLIGH TWHITENING,ZLIGH;TWHITENING,2,0,Z LIGHT WHITENING,ZLIGHTWHITENING,base,multi_word,development
partial_2340851268077f7c,parts,full_name_two_parts,GREENC OFFEE,GREENC;OFFEE,2,0,GREEN COFFEE,GREENCOFFEE,base,multi_word,holdout
partial_234b53b0ddee5b94,parts,two_edges_exact,AZOH MONI,AZOH;MONI,2,0,AZOHARMONI,AZOHARMONI,base,single_word,development
partial_235778bfe6dc0582,parts,full_name_two_parts,MEDIP HAMUNE,MEDIP;HAMUNE,2,0,MEDIPHA,MEDIPHAMUNE,base,multi_word,holdout
partial_235ab82f2161c204,parts,full_name_two_parts,SLEEP EZ,SLEEP;EZ,2,0,SLEEPEZ,SLEEPEZ,base,single_word,development
partial_236b39d36f61da47,parts,two_edges_second_typo,REXS MINA,REXS;MINA,2,1,REXSOL,REXSOLCAVIARFIRMING,base,multi_word,holdout
partial_23806095674f17e5,parts,full_name_two_parts,NERV OMORE,NERV;OMORE,2,0,NERVOMORE,NERVOMORE,base,single_word,development
partial_2397aedd51650a57,parts,full_name_two_parts,SAF ETRIUMKIDS,SAF;ETRIUMKIDS,2,0,SAFETRIUM,SAFETRIUMKIDS,base,multi_word,development
partial_239f3b8c9abab6d1,parts,full_name_two_parts,IMMUNVI TA,IMMUNVI;TA,2,0,IMMUNVITA,IMMUNVITA,base,single_word,development
partial_23a32eba10f10583,parts,full_name_two_parts,DOZOVAM ELATONIN,DOZOVAM;ELATONIN,2,0,DOZOVA,DOZOVAMELATONIN,base,multi_word,development
partial_23bb98b272e41cdd,parts,full_name_two_parts,ISISGINGERCINNAMONFILTERB AGS,ISISGINGERCINNAMONFILTERB;AGS,2,0,ISIS GINGER CINNAMON FILTER BAGS,ISISGINGERCINNAMONFILTERBAGS,base,multi_word,development
partial_23c3d4b4ead6ed8d,parts,three_ordered_exact,BEE NIN UCH,BEE;NIN;UCH,3,0,BEESLINE,BEESLINEDEOWHITENINGINVISIBLETOUCH,base,multi_word,holdout
partial_23ca55f19ca1e1dd,parts,full_name_two_parts,PICOP REPSOLN,PICOP;REPSOLN,2,0,PICOPREP SOLN,PICOPREPSOLN,base,multi_word,development
partial_23e741782fc8f535,parts,full_name_two_parts,CA RTIOFEN,CA;RTIOFEN,2,0,CARTIOFEN,CARTIOFEN,base,single_word,development
partial_23f005461d48912e,parts,two_edges_first_typo,AOST TINH,AOST;TINH,2,1,HOSTACORTIN H,HOSTACORTINH,base,multi_word,development
partial_2401ae2cf1b53cae,parts,one_internal_typo,OASM,OASM,1,1,FOOT SMART,FOOTSMART,base,multi_word,development
partial_241f60ad0f5541b7,parts,full_name_two_parts,SE MGLEE,SE;MGLEE,2,0,SEMGLEE,SEMGLEE,base,single_word,development
partial_2426e5ec5d0c4fa3,parts,full_name_two_parts,OM NICEF,OM;NICEF,2,0,OMNICEF,OMNICEF,base,single_word,development
partial_246197c7d6ca28e2,parts,full_name_three_parts,ERYTHR OMYCIN PHARCO,ERYTHR;OMYCIN;PHARCO,3,0,ERYTHROMYCIN PHARCO,ERYTHROMYCINPHARCO,base,multi_word,development
partial_249f043f0b47a7c8,parts,full_name_two_parts,HAIRB ACK,HAIRB;ACK,2,0,HAIR BACK,HAIRBACK,base,multi_word,development
partial_24ae78b6433b0ece,parts,full_name_two_parts,HAEMODIALYSISC ONCENTRATEDLIQUIDACETATECONCENTRATION,HAEMODIALYSISC;ONCENTRATEDLIQUIDACETATECONCENTRATION,2,0,HAEMODIALYSIS,HAEMODIALYSISCONCENTRATEDLIQUIDACETATECONCENTRATION,base,multi_word,holdout
partial_24b3fd467d99b775,parts,two_edges_second_typo,LOST SAIN,LOST;SAIN,2,1,LOSTAPRESSIN,LOSTAPRESSIN,base,single_word,development
partial_24ca2013dc79d898,parts,two_edges_exact,CURA SSMD,CURA;SSMD,2,0,CURA ZONA ANTI HAIR LOSS MD,CURAZONAANTIHAIRLOSSMD,base,multi_word,development
partial_24e2c9b4251d712a,parts,full_name_two_parts,REXSOLINTEN SIVEMOISTURIZER,REXSOLINTEN;SIVEMOISTURIZER,2,0,REXSOL,REXSOLINTENSIVEMOISTURIZER,base,multi_word,holdout
partial_24e72a32a2b2106a,parts,full_name_two_parts,GLUCOSAMINEHY ALURONICACIDMSM,GLUCOSAMINEHY;ALURONICACIDMSM,2,0,GLUCOSAMINE HYALURONIC ACID MSM,GLUCOSAMINEHYALURONICACIDMSM,base,multi_word,development
partial_24eb7bf959773e9b,parts,full_name_three_parts,FORC ECARB AMIDE,FORC;ECARB;AMIDE,3,0,FORCE,FORCECARBAMIDE,base,multi_word,development
partial_2502083dca5bf2a0,parts,full_name_two_parts,ABILIFYM AINTENA,ABILIFYM;AINTENA,2,0,ABILIFY,ABILIFYMAINTENA,base,multi_word,development
partial_250ae3cd4cdaade9,parts,full_name_two_parts,ALSA VINONE,ALSA;VINONE,2,0,ALSAVIN ONE,ALSAVINONE,base,multi_word,development
partial_2520fb155f18a09e,parts,full_name_two_parts,PRI VACOND,PRI;VACOND,2,0,PRIVACOND,PRIVACOND,base,single_word,holdout
partial_2533704f83079ca9,parts,full_name_two_parts,RPPTHAIRG ROWTHOIL,RPPTHAIRG;ROWTHOIL,2,0,RPPT HAIR GROWTH OIL,RPPTHAIRGROWTHOIL,base,multi_word,development
partial_255270783840558d,parts,three_ordered_middle_typo,AVE ATI TED,AVE;ATI;TED,3,1,AVENE,AVENETINTED,base,multi_word,holdout
partial_2566a2b6fadfda37,parts,two_edges_exact,BENF DREX,BENF;DREX,2,0,BENFOMEDREX,BENFOMEDREX,base,single_word,development
partial_257486f6e1abe65e,parts,full_name_two_parts,AMO SAR,AMO;SAR,2,0,AMOSAR,AMOSAR,base,single_word,development
partial_25a390ec088f8397,parts,full_name_two_parts,CHICK SGROWEEKIDS,CHICK;SGROWEEKIDS,2,0,CHICKS GROWEE KIDS,CHICKSGROWEEKIDS,base,multi_word,holdout
partial_25aa58bdecf5ff35,parts,full_name_two_parts,MIC ORT,MIC;ORT,2,0,MICORT,MICORT,base,single_word,development
partial_25d85559fa091eb6,parts,full_name_two_parts,PL UCEFOX,PL;UCEFOX,2,0,PLUCEFOX,PLUCEFOX,base,single_word,development
partial_25d9d821f78f391b,parts,full_name_two_parts,SVRSPIRIALANTIPERSPI RANT,SVRSPIRIALANTIPERSPI;RANT,2,0,SVR SPIRIAL ANTI PERSPIRANT,SVRSPIRIALANTIPERSPIRANT,base,multi_word,holdout
partial_25e36c27e2e18c9d,parts,three_ordered_exact,TIP TRY SIN,TIP;TRY;SIN,3,0,TIPOTRYPSIN,TIPOTRYPSIN,base,single_word,development
partial_25e39853a82958a6,parts,full_name_two_parts,GU EBONE,GU;EBONE,2,0,GUEBONE,GUEBONE,base,single_word,holdout
partial_25ee7b3f2b302982,parts,full_name_two_parts,SONIS MAPEX,SONIS;MAPEX,2,0,SONISMAPEX,SONISMAPEX,base,single_word,holdout
partial_25ff8d22480d61aa,parts,full_name_two_parts,MY OCTA,MY;OCTA,2,0,MYOCTA,MYOCTA,base,single_word,development
partial_26017637dde4d46f,parts,full_name_three_parts,TRI VIT ACID,TRI;VIT;ACID,3,0,TRI VITACID,TRIVITACID,base,multi_word,development
partial_261d0adfdb9e20ef,parts,two_edges_first_typo,ROAA NIUM,ROAA;NIUM,2,1,ROTAMETHONIUM,ROTAMETHONIUM,base,single_word,development
partial_2621a645d8722ec6,parts,full_name_two_parts,ALOEJ EN,ALOEJ;EN,2,0,ALOEJEN,ALOEJEN,base,single_word,development
partial_2622328811b71257,parts,two_edges_exact,DIMI CIAL,DIMI;CIAL,2,0,DIMICAP,DIMICAPFACIAL,base,multi_word,development
partial_2635e104149ca038,parts,full_name_two_parts,CLA RINASEREPETABS,CLA;RINASEREPETABS,2,0,CLARINASE REPETABS,CLARINASEREPETABS,base,multi_word,development
partial_263bfb90bf652c18,parts,full_name_two_parts,FOLTENEREVITALIZI NGCONDITIONER,FOLTENEREVITALIZI;NGCONDITIONER,2,0,FOLTENE,FOLTENEREVITALIZINGCONDITIONER,base,multi_word,development
partial_264675555a905267,parts,full_name_two_parts,CY NZIA,CY;NZIA,2,0,CYNZIA,CYNZIA,base,single_word,development
partial_265c4bd1a2db473a,parts,two_edges_second_typo,ETOD ARME,ETOD;ARME,2,1,ETODOLAC ELITE PHARMA,ETODOLACELITEPHARMA,base,multi_word,development
partial_268894ca4b7fd757,parts,full_name_two_parts,CIRAPANTHENOLHA IRKIDS,CIRAPANTHENOLHA;IRKIDS,2,0,CIRA PANTHENOL HAIR KIDS,CIRAPANTHENOLHAIRKIDS,base,multi_word,development
partial_268bc12f6e09bcdb,parts,one_prefix_exact,GASM,GASM,1,0,GASMOVAC,GASMOVAC,base,single_word,development
partial_269dc5f4e3bf8fdc,parts,full_name_two_parts,REVITAL HAIRSTIMULATINGSYSTEM,REVITAL;HAIRSTIMULATINGSYSTEM,2,0,REVITAL,REVITALHAIRSTIMULATINGSYSTEM,base,multi_word,development
partial_26ab8b0db08b8bec,parts,full_name_two_parts,SHOVY SPAN,SHOVY;SPAN,2,0,SHOVYSPAN,SHOVYSPAN,base,single_word,holdout
partial_26bc145acf6cf896,parts,full_name_three_parts,MELATO NINSHAH DPHARMA,MELATO;NINSHAH;DPHARMA,3,0,MELATONIN,MELATONINSHAHDPHARMA,base,multi_word,development
partial_26ebc9cd7747f34d,parts,full_name_three_parts,SOLODE XHYDRAC TIVUREA,SOLODE;XHYDRAC;TIVUREA,3,0,SOLODEX,SOLODEXHYDRACTIVUREA,base,multi_word,development
partial_2702b6faaee2602f,parts,one_internal_typo,IAAX,IAAX,1,1,OMNITAXIME,OMNITAXIME,base,single_word,development
partial_2707573823c6f63c,parts,full_name_two_parts,ULTIMAXFILTERT EABAGS,ULTIMAXFILTERT;EABAGS,2,0,ULTIMAX FILTER TEA BAGS,ULTIMAXFILTERTEABAGS,base,multi_word,development
partial_2717c26069835484,parts,full_name_two_parts,SEPCOFR UITSACHETS,SEPCOFR;UITSACHETS,2,0,SEPCOFRUIT SACHETS,SEPCOFRUITSACHETS,base,multi_word,development
partial_273040750c110eb7,parts,full_name_two_parts,MARATHMASSAG EEMULGEL,MARATHMASSAG;EEMULGEL,2,0,MARATH MASSAGE EMULGEL,MARATHMASSAGEEMULGEL,base,multi_word,holdout
partial_273da86c847edf39,parts,full_name_two_parts,GENOVEGENOCUTANANT IDANDRUFF,GENOVEGENOCUTANANT;IDANDRUFF,2,0,GENOVE,GENOVEGENOCUTANANTIDANDRUFF,base,multi_word,development
partial_27557a30a17750b0,parts,full_name_three_parts,ART HRO FAST,ART;HRO;FAST,3,0,ARTHROFAST,ARTHROFAST,base,single_word,development
partial_2770a6bfbb9da05e,parts,two_edges_second_typo,GYPR STAN,GYPR;STAN,2,1,GYPRAVASTIN,GYPRAVASTIN,base,single_word,development
partial_278a225a83f175b7,parts,two_edges_exact,AVEN NTED,AVEN;NTED,2,0,AVENE,AVENETINTED,base,multi_word,holdout
partial_279ddb29d898aa5d,parts,full_name_two_parts,VILLABORGHI NIKERATINREPAIR,VILLABORGHI;NIKERATINREPAIR,2,0,VILLA,VILLABORGHINIKERATINREPAIR,base,multi_word,development
partial_27b337de3c99bd0d,parts,full_name_two_parts,COUGHSEDPARACETAMO LINFANTS,COUGHSEDPARACETAMO;LINFANTS,2,0,COUGHSED,COUGHSEDPARACETAMOLINFANTS,base,multi_word,holdout
partial_27bdd59338d85d31,parts,two_edges_second_typo,CAPI AAIR,CAPI;AAIR,2,1,CAPIXY,CAPIXYHAIR,base,multi_word,development
partial_27c5d3e2b57c1aa3,parts,full_name_two_parts,VERTIS ERC,VERTIS;ERC,2,0,VERTISERC,VERTISERC,base,single_word,development
partial_27cf8447adbed11d,parts,three_ordered_exact,TEE ERM QUA,TEE;ERM;QUA,3,0,TEEN DERM AQUA,TEENDERMAQUA,base,multi_word,development
partial_27d69b340ff8138d,parts,full_name_two_parts,NEUTRAB ARK,NEUTRAB;ARK,2,0,NEUTRA BARK,NEUTRABARK,base,multi_word,holdout
partial_27d7258e90389cf8,parts,full_name_two_parts,ATS HI,ATS;HI,2,0,ATSHI,ATSHI,base,single_word,development
partial_27e04d839cd0ce02,parts,full_name_two_parts,ZEROSA NDANTIDANDRUFF,ZEROSA;NDANTIDANDRUFF,2,0,ZERO SAND ANTIDANDRUFF,ZEROSANDANTIDANDRUFF,base,multi_word,development
partial_27e252f317a1c1d6,parts,full_name_two_parts,BEKLAIRSSKINCLEANSI NG,BEKLAIRSSKINCLEANSI;NG,2,0,BE KLAIRS SKIN CLEANSING,BEKLAIRSSKINCLEANSING,base,multi_word,development
partial_27e27685773890bc,parts,full_name_two_parts,AZI THROMASH,AZI;THROMASH,2,0,AZITHROMASH,AZITHROMASH,base,single_word,development
partial_27e30d9759e7a797,parts,full_name_two_parts,HA EMODIALYSISCONCENTRATEDLIQUIDACETATECONCENTRATION,HA;EMODIALYSISCONCENTRATEDLIQUIDACETATECONCENTRATION,2,0,HAEMODIALYSIS,HAEMODIALYSISCONCENTRATEDLIQUIDACETATECONCENTRATION,base,multi_word,holdout
partial_27eb9cfc98fb4ec7,parts,full_name_two_parts,JAX TONIN,JAX;TONIN,2,0,JAXTONIN,JAXTONIN,base,single_word,development
partial_27f8056175d2d08a,parts,full_name_three_parts,DIA CAL DERM,DIA;CAL;DERM,3,0,DIACALDERM,DIACALDERM,base,single_word,development
partial_280ab408a9ad8a0b,parts,full_name_two_parts,VITAMIND 3K2,VITAMIND;3K2,2,0,VITAMIN,VITAMIND3K2,base,multi_word,holdout
partial_280bcaedb8232571,parts,two_edges_exact,FLAT ANCE,FLAT;ANCE,2,0,FLATOCARBON,FLATOCARBONADVANCE,base,multi_word,holdout
partial_282cc171b3483e49,parts,full_name_two_parts,NER VOACID,NER;VOACID,2,0,NERVOACID,NERVOACID,base,single_word,development
partial_2831cddf3e0f7638,parts,full_name_two_parts,HA IRTONIC,HA;IRTONIC,2,0,HAIRTONIC,HAIRTONIC,base,single_word,development
partial_283847ee9253b3c5,parts,two_edges_first_typo,PRAM XCAL,PRAM;XCAL,2,1,PRIME,PRIMEMIXCAL,base,multi_word,development
partial_283e3a9c873ea5d4,parts,three_ordered_exact,WHI NOV TXA,WHI;NOV;TXA,3,0,WHITYNOVA TXA,WHITYNOVATXA,base,multi_word,development
partial_2855bbd17dd5bddf,parts,full_name_two_parts,FLOCAREGRAVITYPACKS ET,FLOCAREGRAVITYPACKS;ET,2,0,FLOCARE,FLOCAREGRAVITYPACKSET,base,multi_word,development
partial_2865e12985cfcb28,parts,two_edges_second_typo,TOPI NADE,TOPI;NADE,2,1,TOPISONIDE,TOPISONIDE,base,single_word,development
partial_2866223ec947c064,parts,full_name_two_parts,HIDRASECCHIL DREN,HIDRASECCHIL;DREN,2,0,HIDRASEC,HIDRASECCHILDREN,base,multi_word,development
partial_2866cce8b1c646e6,parts,full_name_two_parts,EV ISTA,EV;ISTA,2,0,EVISTA,EVISTA,base,single_word,development
partial_28678eddbff95bfa,parts,full_name_two_parts,IMMUNOMI DE,IMMUNOMI;DE,2,0,IMMUNOMIDE,IMMUNOMIDE,base,single_word,development
partial_286fa05bc7319864,parts,full_name_three_parts,EN TRE STO,EN;TRE;STO,3,0,ENTRESTO,ENTRESTO,base,single_word,development
partial_28851b7aed795d20,parts,full_name_two_parts,SOLUMARTHAIRPROTEINMASKHAIRGROWT HTHICKNESS,SOLUMARTHAIRPROTEINMASKHAIRGROWT;HTHICKNESS,2,0,SOLUMART,SOLUMARTHAIRPROTEINMASKHAIRGROWTHTHICKNESS,base,multi_word,development
partial_28863a72b678eb9d,parts,three_ordered_exact,FLE EMA AGE,FLE;EMA;AGE,3,0,FLEXEZE MASSAGE,FLEXEZEMASSAGE,base,multi_word,development
partial_288d38f89d01c4d0,parts,full_name_two_parts,WAVEFERC HOCOLATEFLAVOR,WAVEFERC;HOCOLATEFLAVOR,2,0,WAVEFER CHOCOLATE FLAVOR,WAVEFERCHOCOLATEFLAVOR,base,multi_word,holdout
partial_289190df92a2ea7a,parts,full_name_two_parts,VITAL OXB12ENERGY,VITAL;OXB12ENERGY,2,0,VITALOX,VITALOXB12ENERGY,base,multi_word,development
partial_289da650a1006f74,parts,full_name_three_parts,KERIUM ANTIHA IRLOSS,KERIUM;ANTIHA;IRLOSS,3,0,KERIUM,KERIUMANTIHAIRLOSS,base,multi_word,development
partial_28a28bac7a7ce3a4,parts,full_name_two_parts,AVENETHER MALSPRINGWATER,AVENETHER;MALSPRINGWATER,2,0,AVENE,AVENETHERMALSPRINGWATER,base,multi_word,holdout
partial_28bc74f1a97636b5,parts,two_edges_second_typo,NUTR SEGE,NUTR;SEGE,2,1,NUTRA MASS MASSAGE,NUTRAMASSMASSAGE,base,multi_word,development
partial_28cce9a49055eadb,parts,full_name_two_parts,ZOL MIGO,ZOL;MIGO,2,0,ZOLMIGO,ZOLMIGO,base,single_word,development
partial_28fe6f2df535e4b8,parts,one_suffix_exact,ALDK,ALDK,1,0,GYPTI,GYPTICALDK,base,multi_word,holdout
partial_290bdb2e1e7c12d8,parts,full_name_three_parts,CAR MUR ITT,CAR;MUR;ITT,3,0,CARMURIT T,CARMURITT,base,multi_word,development
partial_290eb412b8330396,parts,full_name_two_parts,RETROA MYLASE,RETROA;MYLASE,2,0,RETRO,RETROAMYLASE,base,multi_word,holdout
partial_2920037020873734,parts,one_internal_typo,ZAIT,ZAIT,1,1,KIDZVITONE,KIDZVITONE,base,single_word,development
partial_2952a943917f3b47,parts,full_name_two_parts,LCNATURALSPHYTOTE CHAIR,LCNATURALSPHYTOTE;CHAIR,2,0,NATURALS,LCNATURALSPHYTOTECHAIR,base,multi_word,development
partial_299204a09d56d68c,parts,full_name_two_parts,TRIXANTIDANDRUFFH AIR,TRIXANTIDANDRUFFH;AIR,2,0,TRIX ANTI DANDRUFF HAIR,TRIXANTIDANDRUFFHAIR,base,multi_word,development
partial_29949f71cee2386f,parts,full_name_two_parts,METFO RMINEVA,METFO;RMINEVA,2,0,METFORMIN EVA,METFORMINEVA,base,multi_word,development
partial_299cec88a7269817,parts,two_edges_first_typo,EAOS RUFF,EAOS;RUFF,2,1,E ROSH ANTI DANDRUFF,EROSHANTIDANDRUFF,base,multi_word,development
partial_29af0e4f9e068f2c,parts,full_name_two_parts,RILASTI LTOPYLAUDEATOPICBALSAM,RILASTI;LTOPYLAUDEATOPICBALSAM,2,0,RILASTIL,RILASTILTOPYLAUDEATOPICBALSAM,base,multi_word,development
partial_29c0cd9680a29dfd,parts,one_suffix_exact,TISR,TISR,1,0,KITI S R,KITISR,base,multi_word,development
partial_29c5012c7a3e3530,parts,full_name_two_parts,ROTAM ETHONIUM,ROTAM;ETHONIUM,2,0,ROTAMETHONIUM,ROTAMETHONIUM,base,single_word,development
partial_29d9adff04e9f3f1,parts,full_name_two_parts,PHOTODERMMAXMIL KLAITSPF,PHOTODERMMAXMIL;KLAITSPF,2,0,PHOTODERM,PHOTODERMMAXMILKLAITSPF,base,multi_word,holdout
partial_29dc0e335b5f02a8,parts,two_edges_first_typo,NUXA FACE,NUXA;FACE,2,1,NUXE REVE DE MIEL ULTRA COMFORTING FACE,NUXEREVEDEMIELULTRACOMFORTINGFACE,base,multi_word,development
partial_29dd7de0236c3918,parts,full_name_two_parts,TADALI PTIS,TADALI;PTIS,2,0,TADALIPTIS,TADALIPTIS,base,single_word,development
partial_29e5c7dce95ee7ba,parts,full_name_two_parts,OC REVUS,OC;REVUS,2,0,OCREVUS,OCREVUS,base,single_word,development
partial_29f99890e70943a1,parts,full_name_three_parts,TRI PLE MONZ,TRI;PLE;MONZ,3,0,TRIPLE MONZ,TRIPLEMONZ,base,multi_word,development
partial_2a14bbda3db4581b,parts,full_name_two_parts,LUCENTESUNCA REDRYSKININVISIBLESPF,LUCENTESUNCA;REDRYSKININVISIBLESPF,2,0,LUCENTE,LUCENTESUNCAREDRYSKININVISIBLESPF,base,multi_word,holdout
partial_2a220be69ff5d7ab,parts,full_name_two_parts,GERMCLEARTOPANTIS EPTIC,GERMCLEARTOPANTIS;EPTIC,2,0,GERM CLEAR TOP ANTISEPTIC,GERMCLEARTOPANTISEPTIC,base,multi_word,development
partial_2a28cbf96422be72,parts,two_edges_first_typo,GYAO TRAL,GYAO;TRAL,2,1,GYNO MYKOTRAL,GYNOMYKOTRAL,base,multi_word,holdout
partial_2a3ca97b7e8511b4,parts,three_ordered_middle_typo,TAU 50A OCK,TAU;50A;OCK,3,1,TAUROLOCK,TAUROLOCKHEP500CATHETERLOCK,base,multi_word,development
partial_2a410d99f65eae06,parts,full_name_two_parts,SE VOFLURANE,SE;VOFLURANE,2,0,SEVOFLURANE,SEVOFLURANE,base,single_word,holdout
partial_2a41f53172532a65,parts,two_edges_second_typo,STRA HAIA,STRA;HAIA,2,1,STRAVIT HAIR,STRAVITHAIR,base,multi_word,development
partial_2a4acb9c6859ce78,parts,one_internal_exact,UCTO,UCTO,1,0,FLUCTOBAR,FLUCTOBAR,base,single_word,development
partial_2a61e9a7ee51acb5,parts,full_name_two_parts,CAMUVIRBA RRIERANASAL,CAMUVIRBA;RRIERANASAL,2,0,CAMUVIR BARRIERA NASAL,CAMUVIRBARRIERANASAL,base,multi_word,development
partial_2a64ac8e310cfc7b,parts,full_name_two_parts,KI DSHOODZINC,KI;DSHOODZINC,2,0,KIDS HOOD ZINC,KIDSHOODZINC,base,multi_word,holdout
partial_2a96fd797d2bc0a3,parts,full_name_two_parts,AWADISTCOLD FLU,AWADISTCOLD;FLU,2,0,AWADIST,AWADISTCOLDFLU,base,multi_word,development
partial_2aa51fb69ea10064,parts,full_name_two_parts,HAEMA CTIN,HAEMA;CTIN,2,0,HAEMACTIN,HAEMACTIN,base,single_word,development
partial_2abd06d939b13fac,parts,one_internal_exact,REPT,REPT,1,0,SUREPTIL,SUREPTIL,base,single_word,development
partial_2abf703506267ed2,parts,full_name_two_parts,CA PECITABINEVIATRIS,CA;PECITABINEVIATRIS,2,0,CAPECITABINE VIATRIS,CAPECITABINEVIATRIS,base,multi_word,development
partial_2ac0915ac0f79a4b,parts,full_name_two_parts,METRAGE NHAIR,METRAGE;NHAIR,2,0,METRAGEN,METRAGENHAIR,base,multi_word,development
partial_2af8981fb1ecad51,parts,full_name_two_parts,SPLEETFACIA LCLEANSER,SPLEETFACIA;LCLEANSER,2,0,SPLEET,SPLEETFACIALCLEANSER,base,multi_word,development
partial_2b36d0c98d1d9236,parts,two_edges_first_typo,BPRA NING,BPRA;NING,2,1,B PREETY WHITENING,BPREETYWHITENING,base,multi_word,development
partial_2b485c3f0bbdbe97,parts,full_name_two_parts,MEDI JEL,MEDI;JEL,2,0,MEDIJEL,MEDIJEL,base,single_word,development
partial_2b579d8edbd0752a,parts,full_name_two_parts,IK LEN,IK;LEN,2,0,IKLEN,IKLEN,base,single_word,development
partial_2b841cb92420113f,parts,full_name_two_parts,OPHILOC ONDFORTE,OPHILOC;ONDFORTE,2,0,OPHILOCOND,OPHILOCONDFORTE,base,multi_word,holdout
partial_2b8df1e011e0b8d8,parts,full_name_two_parts,ALEXADRICAINECARTRIDG ES,ALEXADRICAINECARTRIDG;ES,2,0,ALEXADRICAINE CARTRIDGES,ALEXADRICAINECARTRIDGES,base,multi_word,development
partial_2b9849bc54500c16,parts,full_name_two_parts,FUNGISTATIN0 00I,FUNGISTATIN0;00I,2,0,FUNGISTATIN 000I,FUNGISTATIN000I,base,multi_word,development
partial_2ba51a4922f370e3,parts,one_suffix_exact,LAIT,LAIT,1,0,ATODERM,ATODERMMILKLAIT,base,multi_word,development
partial_2ba91d74f100e1a2,parts,one_prefix_exact,PART,PART,1,0,PARTEN MASSAGE,PARTENMASSAGE,base,multi_word,development
partial_2bc227f593420311,parts,two_edges_second_typo,PHYS OAER,PHYS;OAER,2,1,PHYSIOMER,PHYSIOMER,family_head,single_word,development
partial_2bcb0bdb16b1fcfd,parts,full_name_two_parts,ARTHRIT ISFREE,ARTHRIT;ISFREE,2,0,ARTHRITIS FREE,ARTHRITISFREE,base,multi_word,development
partial_2c14190b5d58747f,parts,two_edges_second_typo,JANO OINA,JANO;OINA,2,1,JANOJOINT,JANOJOINT,base,single_word,development
partial_2c1fb0af262ab98b,parts,one_suffix_exact,TARK,TARK,1,0,BESTO STARK,BESTOSTARK,base,multi_word,development
partial_2c26cdceccb8601b,parts,full_name_two_parts,VEDRAP HENAL,VEDRAP;HENAL,2,0,VEDRAPHENAL,VEDRAPHENAL,base,single_word,development
partial_2c5467ce9550bfc2,parts,full_name_two_parts,FOL IMERIC,FOL;IMERIC,2,0,FOLI MERIC,FOLIMERIC,base,multi_word,development
partial_2c6a6ed82ae129e8,parts,full_name_two_parts,SK INTOPIARM,SK;INTOPIARM,2,0,SKINTOPIA RM,SKINTOPIARM,base,multi_word,development
partial_2ca18d6bdf2b08fb,parts,one_internal_exact,ANAA,ANAA,1,0,SILVANA ANANAS,SILVANAANANAS,base,multi_word,development
partial_2cca4153c0d99387,parts,full_name_two_parts,AAPERENEW ALMASK,AAPERENEW;ALMASK,2,0,AAPE RENEWAL MASK,AAPERENEWALMASK,base,multi_word,development
partial_2ce81e2e77138069,parts,full_name_two_parts,TOPIC REMULTRAMOISTURIZINGLIP,TOPIC;REMULTRAMOISTURIZINGLIP,2,0,TOPICREM,TOPICREMULTRAMOISTURIZINGLIP,base,multi_word,holdout
partial_2cf2522ce49d8573,parts,full_name_two_parts,CEVAN DRA,CEVAN;DRA,2,0,CEVANDRA,CEVANDRA,base,single_word,development
partial_2d0e6d6984bff583,parts,full_name_two_parts,COLISTIM ETHATESODIUMM,COLISTIM;ETHATESODIUMM,2,0,COLISTIMETHATE SODIUM M,COLISTIMETHATESODIUMM,base,multi_word,development
partial_2d21e511c9fe2489,parts,full_name_two_parts,REVIVOGE NBIOCLEANSING,REVIVOGE;NBIOCLEANSING,2,0,REVIVOGEN,REVIVOGENBIOCLEANSING,base,multi_word,development
partial_2d285a2c4eaf9392,parts,one_internal_typo,TTAF,TTAF,1,1,VICHY,VICHYIDEALSOLEILSPFMATTIFYINGFACEFLUIDDRYTOUCH,base,multi_word,development
partial_2d297ef1334b13a7,parts,full_name_two_parts,FLOXIAJUVE NIAREJUVENATING,FLOXIAJUVE;NIAREJUVENATING,2,0,FLOXIA,FLOXIAJUVENIAREJUVENATING,base,multi_word,development
partial_2d2a3b71eab62472,parts,full_name_two_parts,SE ASELSACHETS,SE;ASELSACHETS,2,0,SEASEL SACHETS,SEASELSACHETS,base,multi_word,holdout
partial_2d336abd9fef8e6c,parts,full_name_two_parts,VARICELLAVACCI NEGCC1400PEU,VARICELLAVACCI;NEGCC1400PEU,2,0,VARICELLA VACCINE GCC 1400PEU,VARICELLAVACCINEGCC1400PEU,base,multi_word,development
partial_2d38a2e2d44d8578,parts,two_edges_first_typo,SAAM OMOX,SAAM;OMOX,2,1,SHAMSOMOX,SHAMSOMOX,base,single_word,development
partial_2d3e52f3e5a90a3b,parts,full_name_two_parts,FASTFREEZ EMASSAGE,FASTFREEZ;EMASSAGE,2,0,FAST FREEZE MASSAGE,FASTFREEZEMASSAGE,base,multi_word,development
partial_2d4c93631da54e0f,parts,full_name_three_parts,RET ORI NAD,RET;ORI;NAD,3,0,RETORINAD,RETORINAD,base,single_word,development
partial_2d645dd0df0cc705,parts,full_name_two_parts,LEVC ET,LEVC;ET,2,0,LEVCET,LEVCET,base,single_word,development
partial_2d682175eb2188cb,parts,one_suffix_exact,PORT,PORT,1,0,ADPORT,ADPORT,base,single_word,development
partial_2d76d5f2b3390f43,parts,full_name_two_parts,HIP AMAX,HIP;AMAX,2,0,HIPAMAX,HIPAMAX,base,single_word,development
partial_2d805f2282fe8011,parts,full_name_two_parts,CO LLYCROM,CO;LLYCROM,2,0,COLLYCROM,COLLYCROM,base,single_word,development
partial_2d83c4c927e91d47,parts,one_prefix_exact,LEVN,LEVN,1,0,LEVNOSEIZ,LEVNOSEIZ,base,single_word,development
partial_2d8490b634de7482,parts,full_name_two_parts,STOP SPASM,STOP;SPASM,2,0,STOPSPASM,STOPSPASM,base,single_word,development
partial_2db87076904e53b6,parts,full_name_two_parts,VILLAKORDHAIRO IL,VILLAKORDHAIRO;IL,2,0,VILLAKORD,VILLAKORDHAIROIL,base,multi_word,development
partial_2dd5d1b817e1a3be,parts,one_internal_exact,HIOP,HIOP,1,0,AZATHIOPRINE,AZATHIOPRINE,base,single_word,development
partial_2dd7b90389465d38,parts,full_name_two_parts,MON ARDESUBLINGUAL,MON;ARDESUBLINGUAL,2,0,MONARDE SUBLINGUAL,MONARDESUBLINGUAL,base,multi_word,holdout
partial_2de6a98a5e1be724,parts,one_prefix_exact,BUTO,BUTO,1,0,BUTOCONAZOLE,BUTOCONAZOLE,base,single_word,holdout
partial_2dea1c06cdab2a51,parts,three_ordered_middle_typo,RHE AFA CTI,RHE;AFA;CTI,3,1,RHEUMAFEN,RHEUMAFENACTI,base,multi_word,holdout
partial_2dec63a3edee64c0,parts,two_edges_first_typo,AAAB MUNE,AAAB;MUNE,2,1,ANABRAMMUNE,ANABRAMMUNE,base,single_word,holdout
partial_2ded5e004008aaca,parts,full_name_two_parts,NEUTHANTIACNEPOREMINIM IZINGMATTIFYINGTONER,NEUTHANTIACNEPOREMINIM;IZINGMATTIFYINGTONER,2,0,NEUTH,NEUTHANTIACNEPOREMINIMIZINGMATTIFYINGTONER,base,multi_word,development
partial_2df83081682b9299,parts,full_name_two_parts,HEBTAZIMENTERIC COATED,HEBTAZIMENTERIC;COATED,2,0,HEBTAZIM ENTERIC COATED,HEBTAZIMENTERICCOATED,base,multi_word,development
partial_2e0a61547895ce87,parts,full_name_two_parts,FLIXNAS AL,FLIXNAS;AL,2,0,FLIX NASAL,FLIXNASAL,base,multi_word,holdout
partial_2e2702cdd525e9ca,parts,full_name_two_parts,LIVEFREE ZMASSAGE,LIVEFREE;ZMASSAGE,2,0,LIVE FREEZ MASSAGE,LIVEFREEZMASSAGE,base,multi_word,development
partial_2e2b0b4091f3afaa,parts,full_name_two_parts,CAFFEI NE,CAFFEI;NE,2,0,CAFFEINE,CAFFEINE,base,single_word,development
partial_2e35930218418bce,parts,full_name_two_parts,VICHYIDEALSOLEILSPFINTI NTEDANTIDARKSPOTSCARE,VICHYIDEALSOLEILSPFINTI;NTEDANTIDARKSPOTSCARE,2,0,VICHY,VICHYIDEALSOLEILSPFINTINTEDANTIDARKSPOTSCARE,base,multi_word,development
partial_2e454576bbe3daaf,parts,full_name_three_parts,AC ROL YTE,AC;ROL;YTE,3,0,ACROLYTE,ACROLYTE,base,single_word,development
partial_2e45775c35b92afc,parts,full_name_two_parts,LCNATURA LSPHYTOTECHAIR,LCNATURA;LSPHYTOTECHAIR,2,0,NATURALS,LCNATURALSPHYTOTECHAIR,base,multi_word,development
partial_2e560d55f6cd5682,parts,full_name_two_parts,HEPTACARBAMIDE BODY,HEPTACARBAMIDE;BODY,2,0,HEPTA,HEPTACARBAMIDEBODY,base,multi_word,development
partial_2e56c8c677976b6b,parts,full_name_three_parts,BEESLIN ESKINWH ITENING,BEESLIN;ESKINWH;ITENING,3,0,BEESLINE,BEESLINESKINWHITENING,base,multi_word,holdout
partial_2e5b372bff5a242c,parts,three_ordered_middle_typo,SEC IAA OLE,SEC;IAA;OLE,3,1,SECNIDAZOLE,SECNIDAZOLE,base,single_word,holdout
partial_2e5c11ba88b101d2,parts,full_name_two_parts,LINKOC ETAMOL,LINKOC;ETAMOL,2,0,LINKOCETAMOL,LINKOCETAMOL,base,single_word,holdout
partial_2e9625d72583459f,parts,two_edges_second_typo,OMEG NAIA,OMEG;NAIA,2,1,OMEGANDIA,OMEGANDIA,base,single_word,development
partial_2e9e79bb46935463,parts,full_name_two_parts,MENTO THICONE,MENTO;THICONE,2,0,MENTOTHICONE,MENTOTHICONE,base,single_word,development
partial_2ea205cd577f32c7,parts,full_name_two_parts,ITRA PEX,ITRA;PEX,2,0,ITRAPEX,ITRAPEX,base,single_word,development
partial_2ecf3aa324ae6188,parts,two_edges_second_typo,UNIR CUAE,UNIR;CUAE,2,1,UNIRAPECURE,UNIRAPECURE,base,single_word,development
partial_2ed9e78f4901c523,parts,full_name_two_parts,PULMOSOL VAN,PULMOSOL;VAN,2,0,PULMOSOLVAN,PULMOSOLVAN,base,single_word,development
partial_2eefcb85d8ee9c34,parts,one_suffix_exact,BLAS,BLAS,1,0,BIOBLAS,BIOBLAS,base,single_word,development
partial_2efb22b8ce0bdcb7,parts,full_name_two_parts,ADVA NCEDVITAMIN,ADVA;NCEDVITAMIN,2,0,ADVANCED,ADVANCEDVITAMIN,base,multi_word,development
partial_2f1e4c1288939ce7,parts,one_internal_typo,AIBA,AIBA,1,1,ALGIBAUME,ALGIBAUME,base,single_word,development
partial_2f759ae354522538,parts,full_name_two_parts,PU LCHRA,PU;LCHRA,2,0,PULCHRA,PULCHRA,family_head,single_word,development
partial_2f848e7b4af104a8,parts,full_name_two_parts,PU LOMOTAX,PU;LOMOTAX,2,0,PULOMOTAX,PULOMOTAX,base,single_word,development
partial_2f99aec2776032da,parts,full_name_two_parts,MARIMERUNIDOSESN ASAL,MARIMERUNIDOSESN;ASAL,2,0,MARIMER,MARIMERUNIDOSESNASAL,base,multi_word,development
partial_2fa5222fe3074f2e,parts,full_name_two_parts,TR ICARE,TR;ICARE,2,0,TRI CARE,TRICARE,base,multi_word,development
partial_2fc818ad3b9fc3af,parts,full_name_two_parts,BRON CHONEER,BRON;CHONEER,2,0,BRONCHONEER,BRONCHONEER,base,single_word,development
partial_2fccedfe6c2b7f41,parts,one_prefix_exact,INHI,INHI,1,0,INHIBAMET,INHIBAMET,base,single_word,development
partial_2fe9eb3a838ab98b,parts,full_name_three_parts,DERMEDIC CAPILART ESOOTHING,DERMEDIC;CAPILART;ESOOTHING,3,0,DERMEDIC,DERMEDICCAPILARTESOOTHING,base,multi_word,holdout
partial_3019a66afca5dd68,parts,full_name_two_parts,FLOXIAREGENIAGENTLECLEA NSING,FLOXIAREGENIAGENTLECLEA;NSING,2,0,FLOXIA,FLOXIAREGENIAGENTLECLEANSING,base,multi_word,development
partial_304e8c9342aaaa97,parts,full_name_two_parts,SACNELAFTERSHA VE,SACNELAFTERSHA;VE,2,0,SACNEL,SACNELAFTERSHAVE,base,multi_word,development
partial_305a170a096d28c3,parts,full_name_two_parts,VO NOPRAMER,VO;NOPRAMER,2,0,VONOPRAMER,VONOPRAMER,base,single_word,development
partial_305b9e14294bef26,parts,full_name_two_parts,PHARMACERISMILDFLUIDFO UNDATIONSPF20BRONZEINTENSECOVERAGE,PHARMACERISMILDFLUIDFO;UNDATIONSPF20BRONZEINTENSECOVERAGE,2,0,PHARMACERIS,PHARMACERISMILDFLUIDFOUNDATIONSPF20BRONZEINTENSECOVERAGE,base,multi_word,development
partial_30628e131793c844,parts,two_edges_second_typo,IZOP OMAL,IZOP;OMAL,2,1,IZOPTOMIL,IZOPTOMIL,base,single_word,development
partial_3066243f5a029f79,parts,full_name_two_parts,DEL TAVITB12,DEL;TAVITB12,2,0,DELTAVIT B12,DELTAVITB12,base,multi_word,development
partial_307a5b8fe74a2c37,parts,full_name_two_parts,AVAMYSNAS AL,AVAMYSNAS;AL,2,0,AVAMYS NASAL,AVAMYSNASAL,base,multi_word,development
partial_307db204d4d4ccbc,parts,full_name_two_parts,PARKVILLANTIB ACTERIAL,PARKVILLANTIB;ACTERIAL,2,0,PARKVILL,PARKVILLANTIBACTERIAL,base,multi_word,development
partial_30c76c65cdb653e3,parts,one_internal_typo,LMAA,LMAA,1,1,BUTAL MASSAGE,BUTALMASSAGE,base,multi_word,development
partial_30cd3670e845ca77,parts,one_internal_exact,ENAS,ENAS,1,0,BEENA SOFT,BEENASOFT,base,multi_word,development
partial_30cd8bc8e10f3b95,parts,full_name_two_parts,NOR MESAR,NOR;MESAR,2,0,NORMESAR,NORMESAR,base,single_word,holdout
partial_30dc601da5ab317e,parts,two_edges_second_typo,GOLD NFAR,GOLD;NFAR,2,1,GOLDEN FER,GOLDENFER,base,multi_word,holdout
partial_30dd92e6712d0959,parts,full_name_two_parts,BLA NCHE,BLA;NCHE,2,0,BLANCHE,BLANCHE,base,single_word,holdout
partial_30f096d1ef15a0a8,parts,full_name_two_parts,MALKD IVE,MALKD;IVE,2,0,MALKDIVE,MALKDIVE,base,single_word,development
partial_3111dddd2c7aa3ba,parts,three_ordered_exact,BRA INT ATE,BRA;INT;ATE,3,0,BRAND,BRANDINTIMATE,base,multi_word,development
partial_3115c499ea15ce3c,parts,full_name_three_parts,VICHYDERCOSAMI NEXILCLINICALM ENMONODOSEHAIR,VICHYDERCOSAMI;NEXILCLINICALM;ENMONODOSEHAIR,3,0,VICHY,VICHYDERCOSAMINEXILCLINICALMENMONODOSEHAIR,base,multi_word,development
partial_3133a582070fed99,parts,two_edges_first_typo,RAST ONER,RAST;ONER,2,1,ROSTEVO,ROSTEVOHAIRCONDIOTIONER,base,multi_word,development
partial_313fd2582671f1b1,parts,full_name_two_parts,TES TERIOL,TES;TERIOL,2,0,TESTERIOL,TESTERIOL,base,single_word,holdout
partial_317e3a1e39d858fb,parts,two_edges_first_typo,SUAC RIDE,SUAC;RIDE,2,1,SUCCINYLCHOLINE CHLORIDE,SUCCINYLCHOLINECHLORIDE,base,multi_word,development
partial_31842cfaaf2f9d46,parts,full_name_two_parts,NE UTHGOLDANTIWRINKLESYNERGISTICSYSTEM,NE;UTHGOLDANTIWRINKLESYNERGISTICSYSTEM,2,0,NEUTH,NEUTHGOLDANTIWRINKLESYNERGISTICSYSTEM,base,multi_word,development
partial_319e5e1589104b21,parts,full_name_two_parts,PHI LOMATIC,PHI;LOMATIC,2,0,PHILOMATIC,PHILOMATIC,base,single_word,development
partial_31b777b9ba93f402,parts,full_name_two_parts,GR OWMAX,GR;OWMAX,2,0,GROW,GROWMAX,base,multi_word,development
partial_31c118cd64da301f,parts,one_suffix_exact,LPID,LPID,1,0,SYLPID,SYLPID,base,single_word,development
partial_31c23bc8a9272512,parts,one_suffix_exact,MILD,MILD,1,0,GENOVE,GENOVEGENOCUTANEXTRAMILD,base,multi_word,development
partial_31c9dfe317c0fd22,parts,full_name_two_parts,DUOMO TEC,DUOMO;TEC,2,0,DUOMOTEC,DUOMOTEC,base,single_word,development
partial_31d0e2fd80dc93c2,parts,full_name_two_parts,PHYSIOMERBABYMIS TNASAL,PHYSIOMERBABYMIS;TNASAL,2,0,PHYSIOMER,PHYSIOMERBABYMISTNASAL,base,multi_word,development
partial_31d37f03bcc46214,parts,full_name_two_parts,MAGBL ENDADVANCE,MAGBL;ENDADVANCE,2,0,MAGBLEND,MAGBLENDADVANCE,base,multi_word,holdout
partial_31d393537e51ac96,parts,full_name_two_parts,DUCR AYANASTIMCONCENTRATE,DUCR;AYANASTIMCONCENTRATE,2,0,DUCRAY,DUCRAYANASTIMCONCENTRATE,base,multi_word,holdout
partial_31d4d114078af7a4,parts,two_edges_exact,EVER NGAL,EVER;NGAL,2,0,EVEREST,EVERESTANTIFUNGAL,base,multi_word,development
partial_31f9208af3997037,parts,two_edges_second_typo,SPIR ETRA,SPIR;ETRA,2,1,SPIROMETRO,SPIROMETRO,base,single_word,development
partial_320d8aa585e17b2b,parts,two_edges_first_typo,NEUA ATIN,NEUA;ATIN,2,1,NEURIMAX,NEURIMAXSOFTGELATIN,base,multi_word,development
partial_32294d519f66460c,parts,full_name_two_parts,NUXECLEANSINGMILKROSE PETALS,NUXECLEANSINGMILKROSE;PETALS,2,0,NUXE CLEANSING MILK ROSE PETALS,NUXECLEANSINGMILKROSEPETALS,base,multi_word,holdout
partial_32393290cd59e152,parts,full_name_two_parts,AMRIB ROMAZEPAM,AMRIB;ROMAZEPAM,2,0,AMRIBROMAZEPAM,AMRIBROMAZEPAM,base,single_word,development
partial_323c01e9190104af,parts,full_name_two_parts,LIMITLESSHYDR ATEORIGINALSTICKS,LIMITLESSHYDR;ATEORIGINALSTICKS,2,0,LIMITLESS,LIMITLESSHYDRATEORIGINALSTICKS,base,multi_word,holdout
partial_325c357a469ba960,parts,one_internal_exact,LSEN,LSEN,1,0,MELANTHENOL,MELANTHENOLSENSITIVESKIN,base,multi_word,holdout
partial_32719c5b51916eef,parts,full_name_two_parts,SWEETALST EVIAPOWDEREDSUGAR,SWEETALST;EVIAPOWDEREDSUGAR,2,0,SWEETAL,SWEETALSTEVIAPOWDEREDSUGAR,base,multi_word,development
partial_3294d23cd0de7990,parts,full_name_two_parts,HEPATO CURES,HEPATO;CURES,2,0,HEPATOCURE,HEPATOCURES,base,multi_word,development
partial_32b35763f7ffce20,parts,full_name_two_parts,BIOT INSANOPHARMA,BIOT;INSANOPHARMA,2,0,BIOTIN SANO PHARMA,BIOTINSANOPHARMA,base,multi_word,development
partial_32b37b9db0ba7c27,parts,one_prefix_exact,BLOD,BLOD,1,0,BLODOTEK,BLODOTEK,base,single_word,development
partial_32e9aeeb129620ee,parts,two_edges_first_typo,AEPI NCED,AEPI;NCED,2,1,DEPIWHITE,DEPIWHITEADVANCED,base,multi_word,development
partial_32eb4ad5316edfab,parts,three_ordered_exact,URI SPF TED,URI;SPF;TED,3,0,URIAGE,URIAGESPFTINTED,base,multi_word,holdout
partial_32ec6097286d000e,parts,full_name_two_parts,NUX EREVEDEMIELFOOT,NUX;EREVEDEMIELFOOT,2,0,NUXE REVE DE MIEL FOOT,NUXEREVEDEMIELFOOT,base,multi_word,development
partial_32f1ffd1e9ab957e,parts,full_name_two_parts,LIPIKARSYNDETC LEANSING,LIPIKARSYNDETC;LEANSING,2,0,LIPIKAR,LIPIKARSYNDETCLEANSING,base,multi_word,development
partial_330127e76375a4af,parts,two_edges_second_typo,SOLL GANS,SOLL;GANS,2,1,SOLLIGINS,SOLLIGINS,base,single_word,development
partial_330cd5ac541057df,parts,full_name_two_parts,ANT IKRAMP,ANT;IKRAMP,2,0,ANTIKRAMP,ANTIKRAMP,base,single_word,holdout
partial_331634f07c6e44fb,parts,full_name_two_parts,CRY PTONAZ,CRY;PTONAZ,2,0,CRYPTONAZ,CRYPTONAZ,base,single_word,development
partial_3318a7136e895f86,parts,full_name_two_parts,DEPON ITNT,DEPON;ITNT,2,0,DEPONIT NT,DEPONITNT,base,multi_word,development
partial_3330f4ef1ca3fbac,parts,full_name_two_parts,MED IXIRD3K2,MED;IXIRD3K2,2,0,MEDIXIR D3 K2,MEDIXIRD3K2,base,multi_word,development
partial_33498eb6e885ddce,parts,full_name_two_parts,CASY LIA,CASY;LIA,2,0,CASYLIA,CASYLIA,base,single_word,holdout
partial_3367ba9715692432,parts,full_name_two_parts,BREXPIPRAZOLECLAVITAPHA RMA,BREXPIPRAZOLECLAVITAPHA;RMA,2,0,BREXPIPRAZOLE CLAVITA PHARMA,BREXPIPRAZOLECLAVITAPHARMA,base,multi_word,holdout
partial_337c2a2d7d453780,parts,full_name_two_parts,D3CANDYCH ILDREN,D3CANDYCH;ILDREN,2,0,CANDY,D3CANDYCHILDREN,base,multi_word,development
partial_338ff4c06d4282fe,parts,full_name_two_parts,AUGM ACILLIN,AUGM;ACILLIN,2,0,AUGMACILLIN,AUGMACILLIN,base,single_word,development
partial_339080d2df46a329,parts,full_name_two_parts,HIST ALONG,HIST;ALONG,2,0,HISTALONG,HISTALONG,base,single_word,development
partial_33bb31bee90b4bc8,parts,full_name_two_parts,GLYBO FEN,GLYBO;FEN,2,0,GLYBOFEN,GLYBOFEN,base,single_word,holdout
partial_33bef500021f7cbf,parts,full_name_two_parts,SANSOO MEGA,SANSOO;MEGA,2,0,SANSO,SANSOOMEGA,base,multi_word,development
partial_33c107ec358e16a3,parts,full_name_two_parts,AIA DOXIME,AIA;DOXIME,2,0,AIADOXIME,AIADOXIME,base,single_word,development
partial_33c89dadbbeca231,parts,full_name_two_parts,HERBALANDCALCIUMD3KIDSG UMMIES,HERBALANDCALCIUMD3KIDSG;UMMIES,2,0,HERBALAND,HERBALANDCALCIUMD3KIDSGUMMIES,base,multi_word,development
partial_33e6c6d14a193527,parts,full_name_two_parts,ROOTAGE HAIROIL,ROOTAGE;HAIROIL,2,0,ROOTAGE,ROOTAGEHAIROIL,base,multi_word,holdout
partial_33ecf9bf69de0bba,parts,one_suffix_exact,ABEX,ABEX,1,0,DIABEX,DIABEX,base,single_word,development
partial_340b5cd8ca66a35a,parts,full_name_two_parts,BABYSITMOISTU RISING,BABYSITMOISTU;RISING,2,0,BABYSIT MOISTURISING,BABYSITMOISTURISING,base,multi_word,development
partial_34146b1d50f1a1c1,parts,full_name_two_parts,ALLMEDD3ADULTS SPARY,ALLMEDD3ADULTS;SPARY,2,0,ALLMED,ALLMEDD3ADULTSSPARY,base,multi_word,development
partial_3415ee2fe5c28593,parts,full_name_two_parts,LIGNOCAINEHYDRO CHLORIDE,LIGNOCAINEHYDRO;CHLORIDE,2,0,LIGNOCAINE HYDROCHLORIDE,LIGNOCAINEHYDROCHLORIDE,base,multi_word,development
partial_342448a38d1a9d2f,parts,full_name_two_parts,PROST ASAN,PROST;ASAN,2,0,PROSTASAN,PROSTASAN,base,single_word,development
partial_3424d3c2cd1818b7,parts,one_internal_exact,LIAD,LIAD,1,0,ILIADIN,ILIADIN,base,single_word,development
partial_344a062e4a9c761b,parts,full_name_two_parts,ATO DERMINTENSIVE,ATO;DERMINTENSIVE,2,0,ATODERM,ATODERMINTENSIVE,base,multi_word,development
partial_3462e986f097a49a,parts,full_name_two_parts,NUTRAVISIONSOFTGELSILLEGALIMPO RT,NUTRAVISIONSOFTGELSILLEGALIMPO;RT,2,0,NUTRA VISION SOFTGELS ILLEGAL IMPORT,NUTRAVISIONSOFTGELSILLEGALIMPORT,base,multi_word,development
partial_3468310282856e8c,parts,full_name_two_parts,ZO PICLONE,ZO;PICLONE,2,0,ZOPICLONE,ZOPICLONE,base,single_word,development
partial_34b10359e22cd6e3,parts,full_name_three_parts,SOL IFEN ASAL,SOL;IFEN;ASAL,3,0,SO LIFE NASAL,SOLIFENASAL,base,multi_word,development
partial_34bfbee3aff0912b,parts,full_name_two_parts,RIX VYCONDITIONERLEAVEIN,RIX;VYCONDITIONERLEAVEIN,2,0,RIXVY,RIXVYCONDITIONERLEAVEIN,base,multi_word,holdout
partial_34c9f3a7e321ec08,parts,full_name_two_parts,PROCT OPHAR,PROCT;OPHAR,2,0,PROCTOPHAR,PROCTOPHAR,base,single_word,development
partial_34d16dafcb022578,parts,full_name_two_parts,ANGIOBL OCKMONO,ANGIOBL;OCKMONO,2,0,ANGIOBLOCK,ANGIOBLOCKMONO,base,multi_word,development
partial_34d58dfae37bf27a,parts,full_name_two_parts,RIN GER,RIN;GER,2,0,RINGER,RINGER,family_head,single_word,development
partial_34dcafdb7a40a225,parts,full_name_two_parts,FOR TIBIOTIC,FOR;TIBIOTIC,2,0,FORTIBIOTIC,FORTIBIOTIC,base,single_word,development
partial_34e86a8447521504,parts,full_name_two_parts,VICHYDERCOSANTI DANDRUFF,VICHYDERCOSANTI;DANDRUFF,2,0,VICHY,VICHYDERCOSANTIDANDRUFF,base,multi_word,development
partial_34f27f4f60e9ed23,parts,full_name_two_parts,HAIRPL EXHAIR,HAIRPL;EXHAIR,2,0,HAIR PLEX HAIR,HAIRPLEXHAIR,base,multi_word,development
partial_3529e4b1a94d05e1,parts,full_name_two_parts,QVINTENSIVEBODYMOISTUR ISER,QVINTENSIVEBODYMOISTUR;ISER,2,0,QV INTENSIVE BODY MOISTURISER,QVINTENSIVEBODYMOISTURISER,base,multi_word,development
partial_352aa9180e68fd03,parts,full_name_two_parts,EMERA LPAED,EMERA;LPAED,2,0,EMERAL,EMERALPAED,base,multi_word,development
partial_35309e0d705eccc9,parts,two_edges_first_typo,AATR ONIC,AATR;ONIC,2,1,LA TREE BEAUTE HAIR TONIC,LATREEBEAUTEHAIRTONIC,base,multi_word,development
partial_3541260d9a8cf174,parts,full_name_two_parts,REX SOLRESTORING,REX;SOLRESTORING,2,0,REXSOL,REXSOLRESTORING,base,multi_word,holdout
partial_35497c66de3fba32,parts,full_name_two_parts,EAFORME AT,EAFORME;AT,2,0,EAFORMEAT,EAFORMEAT,base,single_word,holdout
partial_3552c5208c8042aa,parts,two_edges_second_typo,BEOS FART,BEOS;FART,2,1,BEOSTE,BEOSTEFORT,base,multi_word,development
partial_356541226ecc6c9b,parts,two_edges_exact,LANO SAGE,LANO;SAGE,2,0,LANOFLEX MASSAGE,LANOFLEXMASSAGE,base,multi_word,development
partial_357567d7d31ba2dd,parts,full_name_three_parts,VA SOP INE,VA;SOP;INE,3,0,VASOPINE,VASOPINE,base,single_word,development
partial_359cf4df33a94d3e,parts,full_name_two_parts,ASCOZENT AL,ASCOZENT;AL,2,0,ASCOZENTAL,ASCOZENTAL,base,single_word,holdout
partial_35a5913add52e46f,parts,two_edges_first_typo,MEDA NTYL,MEDA;NTYL,2,1,MEDIFENTYL,MEDIFENTYL,base,single_word,development
partial_35ae51fc4688fc8f,parts,one_internal_typo,OTFE,OTFE,1,1,POTFACT,POTFACT,base,single_word,development
partial_35c7f1fbd23c37a7,parts,two_edges_first_typo,PAAR COLA,PAAR;COLA,2,1,PHAROCOLA,PHAROCOLA,base,single_word,development
partial_35d1c7fad2a167e1,parts,one_internal_exact,OYAC,OYAC,1,0,SENSAJOY,SENSAJOYACNENIGHT,base,multi_word,development
partial_35d8958a6dccdad0,parts,two_edges_second_typo,OSTE AAEX,OSTE;AAEX,2,1,OSTEOPATEX,OSTEOPATEX,base,single_word,development
partial_35e38176dbcc56a3,parts,full_name_two_parts,VILLABORGHINIANAGENHAIRLOSSTREATMENT DAYS,VILLABORGHINIANAGENHAIRLOSSTREATMENT;DAYS,2,0,VILLA,VILLABORGHINIANAGENHAIRLOSSTREATMENTDAYS,base,multi_word,development
partial_35f91bdc4260f11a,parts,full_name_two_parts,CO BALAMINDEPOT,CO;BALAMINDEPOT,2,0,COBALAMIN DEPOT,COBALAMINDEPOT,base,multi_word,development
partial_36045bde9a610aff,parts,full_name_two_parts,PUR ISM,PUR;ISM,2,0,PURISM,PURISM,base,single_word,development
partial_362400647999484c,parts,three_ordered_middle_typo,CLI HEI OIL,CLI;HEI;OIL,3,1,CLINZ HAIR OIL,CLINZHAIROIL,base,multi_word,holdout
partial_362d5e7ec0a9ddd2,parts,full_name_two_parts,CA RNITINEFUMARATE,CA;RNITINEFUMARATE,2,0,CARNITINE FUMARATE,CARNITINEFUMARATE,base,multi_word,development
partial_3641691e5856cee6,parts,full_name_two_parts,DO XORUBICINTEDEC,DO;XORUBICINTEDEC,2,0,DOXORUBICIN TEDEC,DOXORUBICINTEDEC,base,multi_word,holdout
partial_36429b9da0bb1402,parts,full_name_two_parts,DE RMEDIC,DE;RMEDIC,2,0,DERMEDIC,DERMEDIC,family_head,single_word,holdout
partial_3649af418c24d581,parts,two_edges_second_typo,GROW KADS,GROW;KADS,2,1,GROWTH,GROWTHFORMULAKIDS,base,multi_word,development
partial_366c806db3fbad89,parts,full_name_two_parts,FO OTSMART,FO;OTSMART,2,0,FOOT SMART,FOOTSMART,base,multi_word,development
partial_366cc2a799a5765f,parts,full_name_two_parts,NEUR ED,NEUR;ED,2,0,NEURED,NEURED,base,single_word,development
partial_3686c78e32ed67a2,parts,full_name_two_parts,BEESLINEBROWNTANDRYFEEL OIL,BEESLINEBROWNTANDRYFEEL;OIL,2,0,BEESLINE,BEESLINEBROWNTANDRYFEELOIL,base,multi_word,holdout
partial_368b1fe0a5503d44,parts,full_name_two_parts,SUPER MAGB6,SUPER;MAGB6,2,0,SUPERMAG B6,SUPERMAGB6,base,multi_word,development
partial_368b9faee6cf7fc8,parts,full_name_two_parts,BETNOVAT EN,BETNOVAT;EN,2,0,BETNOVATE,BETNOVATEN,base,multi_word,holdout
partial_369949179c685ea9,parts,full_name_two_parts,OPTIVITAPERFECTNOWRESCUV ITA,OPTIVITAPERFECTNOWRESCUV;ITA,2,0,OPTIVITA PERFECT NOW RESCUVITA,OPTIVITAPERFECTNOWRESCUVITA,base,multi_word,development
partial_36a665c2f169435b,parts,full_name_two_parts,SOL ANTRASPFSUNBLOCKAQUAFLUID,SOL;ANTRASPFSUNBLOCKAQUAFLUID,2,0,SOLANTRA,SOLANTRASPFSUNBLOCKAQUAFLUID,base,multi_word,development
partial_36adc87509c5e423,parts,two_edges_first_typo,ALOX TING,ALOX;TING,2,1,FLOXIA,FLOXIADISCOEXFOLIATING,base,multi_word,development
partial_36c297e53fa4ae69,parts,full_name_two_parts,MI GRANIL,MI;GRANIL,2,0,MIGRANIL,MIGRANIL,base,single_word,development
partial_36c7364f8d2ace91,parts,full_name_two_parts,VICHYIDEALSOLEILSPFINTINTEDANTIDARKSPOTSCA RE,VICHYIDEALSOLEILSPFINTINTEDANTIDARKSPOTSCA;RE,2,0,VICHY,VICHYIDEALSOLEILSPFINTINTEDANTIDARKSPOTSCARE,base,multi_word,development
partial_3727ed7f9265bf44,parts,full_name_two_parts,SC ADELE,SC;ADELE,2,0,SCADELE,SCADELE,base,single_word,development
partial_3728da471a94a650,parts,one_prefix_exact,APIC,APIC,1,0,API CARE,APICARE,base,multi_word,development
partial_372af13b9c55f431,parts,one_internal_exact,MPIA,MPIA,1,0,AMPIAVA,AMPIAVA,base,single_word,development
partial_372d488579092060,parts,full_name_two_parts,SIDERALACTIVEORODISPERS IBLESTICKS,SIDERALACTIVEORODISPERS;IBLESTICKS,2,0,SIDERAL,SIDERALACTIVEORODISPERSIBLESTICKS,base,multi_word,development
partial_372ffab230725f36,parts,full_name_two_parts,BE NPROSTEX,BE;NPROSTEX,2,0,BENPROSTEX,BENPROSTEX,base,single_word,development
partial_3735a641432af234,parts,full_name_two_parts,GLUC OHYDRAN,GLUC;OHYDRAN,2,0,GLUCOHYDRAN,GLUCOHYDRAN,base,single_word,development
partial_3737b56b71a6e558,parts,full_name_two_parts,EDO XAGREL,EDO;XAGREL,2,0,EDOXAGREL,EDOXAGREL,base,single_word,holdout
partial_374870ac2c66d399,parts,two_edges_exact,DONE EZIL,DONE;EZIL,2,0,DONEPEZIL,DONEPEZIL,base,single_word,development
partial_375f8efd86edc39e,parts,full_name_two_parts,XER ACENTEMOLLIENT,XER;ACENTEMOLLIENT,2,0,XERACENT EMOLLIENT,XERACENTEMOLLIENT,base,multi_word,development
partial_37658f962ca53b4c,parts,full_name_two_parts,PROB IOTICBILLIONVEG,PROB;IOTICBILLIONVEG,2,0,PROBIOTIC BILLION VEG,PROBIOTICBILLIONVEG,base,multi_word,development
partial_376bd4919fdfbc2e,parts,two_edges_exact,SACN HAVE,SACN;HAVE,2,0,SACNEL,SACNELAFTERSHAVE,base,multi_word,development
partial_378e519de3da7dc5,parts,one_internal_exact,SYLL,SYLL,1,0,ANA SYLLIUM,ANASYLLIUM,base,multi_word,development
partial_3790524f984e35ac,parts,full_name_two_parts,AV ANOPANTHENOL,AV;ANOPANTHENOL,2,0,AVANO PANTHENOL,AVANOPANTHENOL,base,multi_word,holdout
partial_379724645a4bb227,parts,full_name_three_parts,GAM PSK ERA,GAM;PSK;ERA,3,0,GAMPS,GAMPSKERA,base,multi_word,development
partial_379d5e8abc01020d,parts,full_name_two_parts,GA MASTIENE,GA;MASTIENE,2,0,GAMASTIENE,GAMASTIENE,base,single_word,development
partial_37a74ccaef716852,parts,full_name_two_parts,MONOMAK DEPOT,MONOMAK;DEPOT,2,0,MONOMAK,MONOMAKDEPOT,base,multi_word,development
partial_37c7310330da4641,parts,full_name_two_parts,VEYONA SUNSCREEN,VEYONA;SUNSCREEN,2,0,VEYONA SUNSCREEN,VEYONASUNSCREEN,base,multi_word,development
partial_37d61e48ce4963ec,parts,full_name_three_parts,NACTALI APREMAT UREMILK,NACTALI;APREMAT;UREMILK,3,0,NACTALIA,NACTALIAPREMATUREMILK,base,multi_word,holdout
partial_37e0eae25a7c8f80,parts,three_ordered_middle_typo,NUX AIN ALS,NUX;AIN;ALS,3,1,NUXE MICELLAR CLEANSING WATER ROSE PETALS,NUXEMICELLARCLEANSINGWATERROSEPETALS,base,multi_word,development
partial_37f7ea7efe8bd7c3,parts,three_ordered_middle_typo,MYC EAO ORD,MYC;EAO;ORD,3,1,MYCOPHENOLATE MOFETIL ACCORD,MYCOPHENOLATEMOFETILACCORD,base,multi_word,development
partial_3825f7fa43dd7679,parts,full_name_three_parts,SAR ABL OCK,SAR;ABL;OCK,3,0,SARABLOCK,SARABLOCK,base,single_word,development
partial_3829345f44aa230a,parts,full_name_two_parts,OJ OBLICK,OJ;OBLICK,2,0,OJOBLICK,OJOBLICK,base,single_word,development
partial_38371eb7114407f7,parts,full_name_two_parts,FLUMOC IN,FLUMOC;IN,2,0,FLUMOCIN,FLUMOCIN,base,single_word,development
partial_3840a88063ecef8c,parts,full_name_two_parts,LOSARTAN AMRIYA,LOSARTAN;AMRIYA,2,0,LOSARTAN AMRIYA,LOSARTANAMRIYA,base,multi_word,development
partial_386b1c11f16adaa0,parts,full_name_two_parts,RHINOG ESIC,RHINOG;ESIC,2,0,RHINOGESIC,RHINOGESIC,base,single_word,development
partial_38b56214b8860c27,parts,one_internal_exact,TEOL,TEOL,1,0,OSTEOLAGE,OSTEOLAGE,base,single_word,holdout
partial_38e3459a6631f42c,parts,full_name_two_parts,PERFECTIONMASSA GE,PERFECTIONMASSA;GE,2,0,PERFECTION,PERFECTIONMASSAGE,base,multi_word,development
partial_38eb8610f8cccacc,parts,full_name_two_parts,NUXEAQUABELLABEAUTYREVEALINGMOISTURISINGEM ULSION,NUXEAQUABELLABEAUTYREVEALINGMOISTURISINGEM;ULSION,2,0,NUXE AQUABELLA BEAUTY REVEALING MOISTURISING EMULSION,NUXEAQUABELLABEAUTYREVEALINGMOISTURISINGEMULSION,base,multi_word,development
partial_3913dadac41b9016,parts,full_name_two_parts,BEESLINEA FTERSUNCOOLING,BEESLINEA;FTERSUNCOOLING,2,0,BEESLINE,BEESLINEAFTERSUNCOOLING,base,multi_word,holdout
partial_393203107fe84628,parts,full_name_two_parts,UV EBLOCKSPFFLUIDLIGHTTINTED,UV;EBLOCKSPFFLUIDLIGHTTINTED,2,0,UVEBLOCK,UVEBLOCKSPFFLUIDLIGHTTINTED,base,multi_word,development
partial_393301702b9e26d3,parts,two_edges_second_typo,ZINC MAST,ZINC;MAST,2,1,ZINCOMIST,ZINCOMIST,base,single_word,holdout
partial_395ffd16d7c50ec7,parts,full_name_two_parts,ERASTAP EXTRIO,ERASTAP;EXTRIO,2,0,ERASTAPEX,ERASTAPEXTRIO,base,multi_word,development
partial_39771b58952da1db,parts,full_name_two_parts,EFFOXBE LLE,EFFOXBE;LLE,2,0,EFFOXBELLE,EFFOXBELLE,base,single_word,development
partial_399faad61b625d77,parts,full_name_two_parts,ATRAKT AAQUA,ATRAKT;AAQUA,2,0,ATRAKTA,ATRAKTAAQUA,base,multi_word,development
partial_39bd66f33082b7af,parts,full_name_two_parts,RED FIL,RED;FIL,2,0,REDFIL,REDFIL,base,single_word,development
partial_39c240af6a095eb8,parts,full_name_two_parts,AQUANOVAPROBEAU TY,AQUANOVAPROBEAU;TY,2,0,AQUANOVA,AQUANOVAPROBEAUTY,base,multi_word,development
partial_39ee300e26ff0025,parts,two_edges_exact,LYRI ALIN,LYRI;ALIN,2,0,LYRIBALIN,LYRIBALIN,base,single_word,development
partial_3a0d01796a5748d5,parts,full_name_two_parts,VERDEXPRIMETOPI CA,VERDEXPRIMETOPI;CA,2,0,VERDEX,VERDEXPRIMETOPICA,base,multi_word,development
partial_3a3c53d3d26f8c24,parts,full_name_two_parts,BETA SINE,BETA;SINE,2,0,BETASINE,BETASINE,base,single_word,development
partial_3a44ac5a2f701ab8,parts,full_name_three_parts,LI PTI TAM,LI;PTI;TAM,3,0,LIPTITAM,LIPTITAM,base,single_word,development
partial_3a79ab62babf9a6d,parts,full_name_two_parts,NANCOMFOR TMILK,NANCOMFOR;TMILK,2,0,NAN COMFORT MILK,NANCOMFORTMILK,base,multi_word,development
partial_3a8397784441367c,parts,full_name_two_parts,SYMMEBACTDI GESTE,SYMMEBACTDI;GESTE,2,0,SYMMEBACT,SYMMEBACTDIGESTE,base,multi_word,development
partial_3a8a43406db354b4,parts,full_name_two_parts,GE NOB,GE;NOB,2,0,GENO B,GENOB,base,multi_word,development
partial_3a92104ba43f0fc0,parts,full_name_two_parts,SK OMIDFARE,SK;OMIDFARE,2,0,SKOMIDFARE,SKOMIDFARE,base,single_word,development
partial_3a9eee99103ea668,parts,two_edges_second_typo,IVAT AERM,IVAT;AERM,2,1,IVATHERM,IVATHERMCICADERM,base,multi_word,development
partial_3b246a35aa4f8083,parts,full_name_two_parts,VERNABEAUT KA,VERNABEAUT;KA,2,0,VERNA BEAUTKA,VERNABEAUTKA,base,multi_word,development
partial_3b29da9926afde92,parts,full_name_two_parts,RICF ALIN,RICF;ALIN,2,0,RICFALIN,RICFALIN,base,single_word,development
partial_3b341213cb09958f,parts,full_name_two_parts,ATODE RMMILKLAIT,ATODE;RMMILKLAIT,2,0,ATODERM,ATODERMMILKLAIT,base,multi_word,development
partial_3b3897e6b850de91,parts,three_ordered_exact,SAC FTE AVE,SAC;FTE;AVE,3,0,SACNEL,SACNELAFTERSHAVE,base,multi_word,development
partial_3b4a2d7c92a76bc3,parts,full_name_two_parts,GRO ZAX,GRO;ZAX,2,0,GROZAX,GROZAX,base,single_word,development
partial_3b58af8d6bba77c8,parts,full_name_two_parts,VERASCA RSILICONE,VERASCA;RSILICONE,2,0,VERA SCAR SILICONE,VERASCARSILICONE,base,multi_word,development
partial_3b5f8dd7690cf7d1,parts,one_internal_exact,ENJO,ENJO,1,0,GUTEN JOINT,GUTENJOINT,base,multi_word,development
partial_3b72b2b6e4747118,parts,full_name_two_parts,TH ERAGRANM,TH;ERAGRANM,2,0,THERAGRAN,THERAGRANM,base,multi_word,development
partial_3bba4acf6d5554cc,parts,two_edges_exact,RELA IGED,RELA;IGED,2,0,RELAXIGED,RELAXIGED,base,single_word,development
partial_3bc4dd6f7eddcf1f,parts,two_edges_second_typo,ASPA EDEC,ASPA;EDEC,2,1,ASPARAGINASE MEDAC,ASPARAGINASEMEDAC,base,multi_word,development
partial_3bda43565050f40f,parts,full_name_two_parts,DEXA WEST,DEXA;WEST,2,0,DEXAWEST,DEXAWEST,base,single_word,development
partial_3be61889c265007d,parts,full_name_two_parts,NEUTHANTIACN EABSOLUTEPURIFYINGEXFOLIATOR,NEUTHANTIACN;EABSOLUTEPURIFYINGEXFOLIATOR,2,0,NEUTH,NEUTHANTIACNEABSOLUTEPURIFYINGEXFOLIATOR,base,multi_word,development
partial_3beb5a7a0cfd5fc7,parts,full_name_two_parts,CONTRAMEDICATED CONDITIONER,CONTRAMEDICATED;CONDITIONER,2,0,CONTRA MEDICATED CONDITIONER,CONTRAMEDICATEDCONDITIONER,base,multi_word,development
partial_3bf6197282b7df5b,parts,one_internal_exact,MATI,MATI,1,0,IMATIB,IMATIB,base,single_word,development
partial_3bfa752183c2becb,parts,two_edges_exact,CAZO RICE,CAZO;RICE,2,0,CAZO CARROT RICE,CAZOCARROTRICE,base,multi_word,development
partial_3c0347486ca9913d,parts,full_name_two_parts,LEDENOSKR YT,LEDENOSKR;YT,2,0,LEDENO SKRYT,LEDENOSKRYT,base,multi_word,development
partial_3c18ce863ca575ac,parts,full_name_two_parts,STOPADOLE XTRA,STOPADOLE;XTRA,2,0,STOPADOL,STOPADOLEXTRA,base,multi_word,development
partial_3c1d698fed7ae8cd,parts,full_name_two_parts,CYC LOGEST,CYC;LOGEST,2,0,CYCLOGEST,CYCLOGEST,base,single_word,development
partial_3c2604eee2e9a294,parts,one_internal_typo,AEZO,AEZO,1,1,ULCEZOLE,ULCEZOLE,base,single_word,holdout
partial_3c3839247961d6e4,parts,full_name_two_parts,SA ZIMOLINE,SA;ZIMOLINE,2,0,SAZIMOLINE,SAZIMOLINE,base,single_word,development
partial_3c5682a8c3433e12,parts,full_name_two_parts,OTR IBABYNASALASPIRATOR,OTR;IBABYNASALASPIRATOR,2,0,OTRIBABY,OTRIBABYNASALASPIRATOR,base,multi_word,holdout
partial_3c593584cc49a35f,parts,two_edges_first_typo,EFFE MING,EFFE;MING,2,1,EFFACLAR,EFFACLARFOAMING,base,multi_word,development
partial_3c613efe00bac0fb,parts,one_internal_exact,OICI,OICI,1,0,BLOICIN,BLOICINS,base,multi_word,development
partial_3c65e2c1a1c1be77,parts,full_name_two_parts,LIMITLESSHYDRATEKETOST ICKS,LIMITLESSHYDRATEKETOST;ICKS,2,0,LIMITLESS,LIMITLESSHYDRATEKETOSTICKS,base,multi_word,holdout
partial_3c73600e1082196c,parts,full_name_three_parts,CALD DOXL IQUID,CALD;DOXL;IQUID,3,0,CALDDOX LIQUID,CALDDOXLIQUID,base,multi_word,development
partial_3c9e6a01a13e1ff4,parts,full_name_two_parts,MYOLEPTINCLAEXTREME SOFTGELSILLEGALIMPORT,MYOLEPTINCLAEXTREME;SOFTGELSILLEGALIMPORT,2,0,MYOLEPTIN,MYOLEPTINCLAEXTREMESOFTGELSILLEGALIMPORT,base,multi_word,holdout
partial_3cca3fa3d9a0897a,parts,one_internal_exact,RGOC,RGOC,1,0,TARGOCID,TARGOCID,base,single_word,development
partial_3cce682a45e38c7c,parts,full_name_two_parts,CHARMALURESULFATEFRE EHAIR,CHARMALURESULFATEFRE;EHAIR,2,0,CHARMALURE,CHARMALURESULFATEFREEHAIR,base,multi_word,development
partial_3ce11c949f910f76,parts,full_name_three_parts,AAPEREN EWALFAC IALTONER,AAPEREN;EWALFAC;IALTONER,3,0,AAPE RENEWAL FACIAL TONER,AAPERENEWALFACIALTONER,base,multi_word,development
partial_3d1b710e9a1473cb,parts,two_edges_second_typo,NATR AIAL,NATR;AIAL,2,1,NATRY,NATRYFACIAL,base,multi_word,development
partial_3d1b89627f76fd96,parts,two_edges_second_typo,LIMI PLAX,LIMI;PLAX,2,1,LIMITLESS,LIMITLESSDIOSMINCOMPLEX,base,multi_word,holdout
partial_3d22649f14867eaa,parts,full_name_two_parts,NUXENUXURIANCEULT RAFLUID,NUXENUXURIANCEULT;RAFLUID,2,0,NUXE NUXURIANCE ULTRA FLUID,NUXENUXURIANCEULTRAFLUID,base,multi_word,development
partial_3d5051665a05b435,parts,two_edges_first_typo,ULAR AB12,ULAR;AB12,2,1,ULTRADOVA B12,ULTRADOVAB12,base,multi_word,development
partial_3d5a3ec6699eaa83,parts,full_name_two_parts,CIT ROK,CIT;ROK,2,0,CITRO K,CITROK,base,multi_word,development
partial_3d6d5e7540940885,parts,two_edges_first_typo,OXEL PTAL,OXEL;PTAL,2,1,OXALEPTAL,OXALEPTAL,base,single_word,development
partial_3d78d4b1a46f0e33,parts,one_suffix_exact,MBEC,MBEC,1,0,BAMBEC,BAMBEC,base,single_word,development
partial_3dafd550dde3f561,parts,two_edges_exact,SALM LCIN,SALM;LCIN,2,0,SALMOCALCIN,SALMOCALCIN,base,single_word,development
partial_3dc1922112c398d0,parts,full_name_two_parts,QI NZINTIMATEFEMININE,QI;NZINTIMATEFEMININE,2,0,QINZ INTIMATE FEMININE,QINZINTIMATEFEMININE,base,multi_word,development
partial_3de925da38018f4a,parts,full_name_two_parts,UNITONEWHITEAD VANCED,UNITONEWHITEAD;VANCED,2,0,UNITONE,UNITONEWHITEADVANCED,base,multi_word,development
partial_3def1656f81c856b,parts,one_internal_exact,TEVA,TEVA,1,0,WATEVACIN,WATEVACIN,base,single_word,development
partial_3df00b6b12858353,parts,full_name_two_parts,CENTRAVITA OSTEOP,CENTRAVITA;OSTEOP,2,0,CENTRAVITA,CENTRAVITAOSTEOP,base,multi_word,development
partial_3e07febd1899e2cc,parts,full_name_two_parts,LINDOHA IROIL,LINDOHA;IROIL,2,0,LINDO HAIR OIL,LINDOHAIROIL,base,multi_word,development
partial_3e15649c364cd8ce,parts,full_name_two_parts,ZARRO PRAZOLE,ZARRO;PRAZOLE,2,0,ZARROPRAZOLE,ZARROPRAZOLE,base,single_word,development
partial_3e17168221f3bec6,parts,full_name_two_parts,GAL LDEPEDRA,GAL;LDEPEDRA,2,0,GALLDEPEDRA,GALLDEPEDRA,base,single_word,development
partial_3e1812276cd4b5f0,parts,full_name_two_parts,SAFOLICA HAIR,SAFOLICA;HAIR,2,0,SAFOLICA HAIR,SAFOLICAHAIR,base,multi_word,development
partial_3e1fbdcd47df7c37,parts,full_name_two_parts,DEMARKF ACE,DEMARKF;ACE,2,0,DEMARK,DEMARKFACE,base,multi_word,development
partial_3e3abb5caa6ad34f,parts,full_name_three_parts,CA RCE MIA,CA;RCE;MIA,3,0,CARCEMIA,CARCEMIA,base,single_word,development
partial_3e5091fb18632d6c,parts,full_name_two_parts,PHARMACERISHPURINOILYDAN DRUFF,PHARMACERISHPURINOILYDAN;DRUFF,2,0,PHARMACERIS,PHARMACERISHPURINOILYDANDRUFF,base,multi_word,development
partial_3e728710b1a3f9d5,parts,full_name_two_parts,AP ODESMOPRESSIN,AP;ODESMOPRESSIN,2,0,APO DESMOPRESSIN,APODESMOPRESSIN,base,multi_word,development
partial_3e9853f7c9649a08,parts,full_name_two_parts,SALIT OPIC,SALIT;OPIC,2,0,SALITOPIC,SALITOPIC,base,single_word,development
partial_3ea1bba8c64b2d8a,parts,full_name_two_parts,AXALMASSAGE OIL,AXALMASSAGE;OIL,2,0,AXAL MASSAGE OIL,AXALMASSAGEOIL,base,multi_word,development
partial_3ead87e65b911b3b,parts,three_ordered_middle_typo,BEB EME ILK,BEB;EME;ILK,3,1,BEBELAC,BEBELACPREMATUREMILK,base,multi_word,development
partial_3ec698a9de9bd338,parts,two_edges_second_typo,FERR AEAS,FERR;AEAS,2,1,FERROSEAS,FERROSEAS,base,single_word,development
partial_3eca4c05c8b09a57,parts,full_name_two_parts,MEGAVITAMINCOATE DCAPLETSILLEGALIMPORT,MEGAVITAMINCOATE;DCAPLETSILLEGALIMPORT,2,0,MEGA VITA MIN COATED CAPLETS ILLEGAL IMPORT,MEGAVITAMINCOATEDCAPLETSILLEGALIMPORT,base,multi_word,development
partial_3ede460b94c9c33a,parts,full_name_two_parts,ANIVAGEN EANTIDANDRUFF,ANIVAGEN;EANTIDANDRUFF,2,0,ANIVAGENE,ANIVAGENEANTIDANDRUFF,base,multi_word,development
partial_3ef72d43e80eac8b,parts,full_name_two_parts,STRETCHSTOPCOLLAGENSHEA BUTTER,STRETCHSTOPCOLLAGENSHEA;BUTTER,2,0,STRETCH STOP COLLAGEN SHEA BUTTER,STRETCHSTOPCOLLAGENSHEABUTTER,base,multi_word,development
partial_3f142e521bec2561,parts,three_ordered_middle_typo,LAR ARM TER,LAR;ARM;TER,3,1,ROCHE,LAROCHEPOSAYTHERMALSPRINGWATER,base,multi_word,development
partial_3f1930c476b829b8,parts,full_name_two_parts,OPRA NATE,OPRA;NATE,2,0,OPRANATE,OPRANATE,base,single_word,development
partial_3f3067b59eeeb9a5,parts,two_edges_second_typo,ARTI UAUS,ARTI;UAUS,2,1,ARTICULUS,ARTICULUS,base,single_word,development
partial_3f392d018f096c82,parts,full_name_two_parts,LID OCAINEHCLPHARMACELL,LID;OCAINEHCLPHARMACELL,2,0,LIDOCAINE HCL PHARMACELL,LIDOCAINEHCLPHARMACELL,base,multi_word,holdout
partial_3f5058e321ddb3b8,parts,two_edges_exact,EUCA LOIL,EUCA;LOIL,2,0,EUCAL,EUCALHERBALOIL,base,multi_word,holdout
partial_3f7170732047e685,parts,full_name_two_parts,GLUCOVAN CE,GLUCOVAN;CE,2,0,GLUCOVANCE,GLUCOVANCE,base,single_word,development
partial_3f732fad14d0239a,parts,full_name_two_parts,AXOM YELLINULTRA,AXOM;YELLINULTRA,2,0,AXOMYELLIN ULTRA,AXOMYELLINULTRA,base,multi_word,development
partial_3f927f1b03bb1e07,parts,one_internal_exact,RIPP,RIPP,1,0,CRIPPLE,CRIPPLE,base,single_word,development
partial_3f9bfe1f4feec55f,parts,full_name_two_parts,SWIX DICLO,SWIX;DICLO,2,0,SWIXDICLO,SWIXDICLO,base,single_word,holdout
partial_3fa8a8fd902e3dad,parts,full_name_two_parts,VILLABORGHIN IRESTORINGTREATMENT,VILLABORGHIN;IRESTORINGTREATMENT,2,0,VILLA,VILLABORGHINIRESTORINGTREATMENT,base,multi_word,development
partial_3fd4e48c2fa4a91b,parts,full_name_two_parts,PIGMENTC LARUV,PIGMENTC;LARUV,2,0,PIGMENTCLAR,PIGMENTCLARUV,base,multi_word,development
partial_3fd68e21aafb0582,parts,two_edges_second_typo,CALC AACE,CALC;AACE,2,1,CALCIHANCE,CALCIHANCE,base,single_word,development
partial_3febe68e3f3259fa,parts,full_name_two_parts,SPIRAMY CINM,SPIRAMY;CINM,2,0,SPIRAMYCIN M,SPIRAMYCINM,base,multi_word,development
partial_400599522a5d6553,parts,one_suffix_exact,SWAK,SWAK,1,0,OROVEX,OROVEXMISWAK,base,multi_word,development
partial_402bc7874333fb49,parts,full_name_two_parts,POVIDONE SKINCLEANSER,POVIDONE;SKINCLEANSER,2,0,POVIDONE SKIN CLEANSER,POVIDONESKINCLEANSER,base,multi_word,development
partial_40478f3bc3b98047,parts,full_name_two_parts,ZALO SED,ZALO;SED,2,0,ZALOSED,ZALOSED,base,single_word,development
partial_404d0b074db4263d,parts,full_name_two_parts,ARSE NAL,ARSE;NAL,2,0,ARSENAL,ARSENAL,base,single_word,development
partial_4057d71bf70c89af,parts,two_edges_exact,VEND ENAC,VEND;ENAC,2,0,VENDOFENAC,VENDOFENAC,base,single_word,development
partial_405c865ca7f213cc,parts,full_name_two_parts,EVERYDAY ERBAGRO,EVERYDAY;ERBAGRO,2,0,EVERYDAY,EVERYDAYERBAGRO,base,multi_word,development
partial_4062184af86671b9,parts,full_name_two_parts,MELANO FREE,MELANO;FREE,2,0,MELANOFREE,MELANOFREE,base,single_word,development
partial_406d20b331c6b674,parts,full_name_two_parts,VICHYI DEALSOLEILSPFBBTINTEDDRYTOUCHFACEFLUID,VICHYI;DEALSOLEILSPFBBTINTEDDRYTOUCHFACEFLUID,2,0,VICHY,VICHYIDEALSOLEILSPFBBTINTEDDRYTOUCHFACEFLUID,base,multi_word,development
partial_406d4e7c8bf723cc,parts,three_ordered_middle_typo,AZG DIE ETO,AZG;DIE;ETO,3,1,AZGODIABETO,AZGODIABETO,base,single_word,development
partial_407065223decc163,parts,full_name_two_parts,DEXAMYTREXOPHTIO LE,DEXAMYTREXOPHTIO;LE,2,0,DEXAMYTREX OPHTIOLE,DEXAMYTREXOPHTIOLE,base,multi_word,development
partial_409233ebdbe1a2a3,parts,one_prefix_exact,IRBE,IRBE,1,0,IRBEDRIN,IRBEDRIN,base,single_word,development
partial_40b302ad90ba130d,parts,full_name_two_parts,ECTO INALLERGYKIDS,ECTO;INALLERGYKIDS,2,0,ECTOIN,ECTOINALLERGYKIDS,base,multi_word,development
partial_40b567c9d8c046ce,parts,full_name_two_parts,ESLICA RBA,ESLICA;RBA,2,0,ESLICARBA,ESLICARBA,base,single_word,holdout
partial_40bac730d496c5aa,parts,full_name_two_parts,CREDOCAREH AIR,CREDOCAREH;AIR,2,0,CREDO,CREDOCAREHAIR,base,multi_word,development
partial_40cc624f2bb3dc80,parts,one_prefix_exact,MAYZ,MAYZ,1,0,MAYZENT,MAYZENT,base,single_word,development
partial_40cf5b6fc6d18a83,parts,full_name_two_parts,PEDI ASURE,PEDI;ASURE,2,0,PEDIASURE,PEDIASURE,family_head,single_word,development
partial_40e00a7cde8a2220,parts,full_name_two_parts,TRIBUL USTERRESTRIS,TRIBUL;USTERRESTRIS,2,0,TRIBULUS TERRESTRIS,TRIBULUSTERRESTRIS,base,multi_word,development
partial_40f2209aedbbcc3a,parts,full_name_two_parts,VENUSTAFI LMCOATED,VENUSTAFI;LMCOATED,2,0,VENUSTA FILM COATED,VENUSTAFILMCOATED,base,multi_word,development
partial_410311bbae5cd2cf,parts,full_name_two_parts,ANT ICHOL,ANT;ICHOL,2,0,ANTICHOL,ANTICHOL,base,single_word,development
partial_4139b5a51ab695fc,parts,full_name_two_parts,FURAZOLEP EDIATRIC,FURAZOLEP;EDIATRIC,2,0,FURAZOLE,FURAZOLEPEDIATRIC,base,multi_word,development
partial_4140b0eaaedd27e3,parts,full_name_two_parts,GR IPPOSTAD,GR;IPPOSTAD,2,0,GRIPPOSTAD,GRIPPOSTAD,base,single_word,holdout
partial_414272eddd53c95e,parts,full_name_two_parts,FIT TNESSMASSAGE,FIT;TNESSMASSAGE,2,0,FITTNESS MASSAGE,FITTNESSMASSAGE,base,multi_word,development
partial_4143316aecc2573b,parts,full_name_three_parts,PEH ALU RON,PEH;ALU;RON,3,0,PE HA LURON,PEHALURON,base,multi_word,development
partial_414644d0864eceea,parts,full_name_two_parts,SUL BIN,SUL;BIN,2,0,SULBIN,SULBIN,base,single_word,development
partial_414dd25cda87190a,parts,full_name_two_parts,AZATH IOPRINEMYLAN,AZATH;IOPRINEMYLAN,2,0,AZATHIOPRINE MYLAN,AZATHIOPRINEMYLAN,base,multi_word,development
partial_4152d0c295be6071,parts,full_name_two_parts,GLIME PIRIDE,GLIME;PIRIDE,2,0,GLIMEPIRIDE,GLIMEPIRIDE,base,single_word,development
partial_4187b6c21967032a,parts,two_edges_second_typo,CENT LIAY,CENT;LIAY,2,1,CENTALIFY,CENTALIFY,base,single_word,development
partial_418e90084f02afc2,parts,full_name_two_parts,NE OMOVEONFREEZE,NE;OMOVEONFREEZE,2,0,NEO MOVE ON FREEZE,NEOMOVEONFREEZE,base,multi_word,development
partial_41a0f7ecc59ebb1a,parts,one_prefix_exact,DEME,DEME,1,0,DEMENTEXA,DEMENTEXA,base,single_word,development
partial_41a919742e71619d,parts,one_prefix_exact,DUCR,DUCR,1,0,DUCRAY,DUCRAY,family_head,single_word,holdout
partial_41c4dab58afb3e54,parts,full_name_two_parts,FULL GEN,FULL;GEN,2,0,FULLGEN,FULLGEN,base,single_word,development
partial_41cfeef080509e2d,parts,full_name_two_parts,INS ECTBITE,INS;ECTBITE,2,0,INSECT BITE,INSECTBITE,base,multi_word,development
partial_41db7fb4cb3c92a6,parts,one_prefix_exact,HERV,HERV,1,0,HERVIVE,HERVIVE,base,single_word,development
partial_41fb6051a3770da9,parts,full_name_two_parts,TRO SPIKAN,TRO;SPIKAN,2,0,TROSPIKAN,TROSPIKAN,base,single_word,development
partial_420f0d23b1a9b8db,parts,full_name_two_parts,FLU OXETINE,FLU;OXETINE,2,0,FLUOXETINE,FLUOXETINE,base,single_word,development
partial_4215126e1046c7e8,parts,full_name_two_parts,CARBAMIDENUTRINOU RISH,CARBAMIDENUTRINOU;RISH,2,0,CARBAMIDE NUTRINOURISH,CARBAMIDENUTRINOURISH,base,multi_word,development
partial_4225658dc6916e13,parts,full_name_two_parts,PROSEN SE,PROSEN;SE,2,0,PROSENSE,PROSENSE,base,single_word,development
partial_4243331ba2daf348,parts,full_name_two_parts,MUSTELASTRETCHMARKSINTENSIVEACT ION,MUSTELASTRETCHMARKSINTENSIVEACT;ION,2,0,MUSTELA,MUSTELASTRETCHMARKSINTENSIVEACTION,base,multi_word,development
partial_4244713356698af4,parts,full_name_two_parts,ORGEN ACARE,ORGEN;ACARE,2,0,ORGENACARE,ORGENACARE,base,single_word,development
partial_42513897dbc893c8,parts,full_name_two_parts,RABEGERDA ZOLE,RABEGERDA;ZOLE,2,0,RABEGERDAZOLE,RABEGERDAZOLE,base,single_word,development
partial_42577788452ee8e9,parts,two_edges_second_typo,NEWP RECT,NEWP;RECT,2,1,NEW POWER ACT,NEWPOWERACT,base,multi_word,development
partial_425a3c60ba73215e,parts,full_name_two_parts,PANTHE NOLNUTRINOURISH,PANTHE;NOLNUTRINOURISH,2,0,PANTHENOL,PANTHENOLNUTRINOURISH,base,multi_word,development
partial_4263cc64a48fdbea,parts,full_name_two_parts,BEESLINEDEOWHITENINGFRA GRANCEFREE,BEESLINEDEOWHITENINGFRA;GRANCEFREE,2,0,BEESLINE,BEESLINEDEOWHITENINGFRAGRANCEFREE,base,multi_word,holdout
partial_42b363c87a2b0517,parts,full_name_two_parts,MUSTELASTELATOPIALIP IDREPLENISHING,MUSTELASTELATOPIALIP;IDREPLENISHING,2,0,MUSTELA,MUSTELASTELATOPIALIPIDREPLENISHING,base,multi_word,development
partial_42ce2e73534a9af8,parts,full_name_two_parts,ALPECINCA FFEINELIQUID,ALPECINCA;FFEINELIQUID,2,0,ALPECIN,ALPECINCAFFEINELIQUID,base,multi_word,holdout
partial_42f1adfe01dce917,parts,full_name_two_parts,ANAL GEXOBLONG,ANAL;GEXOBLONG,2,0,ANALGEX OBLONG,ANALGEXOBLONG,base,multi_word,development
partial_42f427fdc062e9a0,parts,three_ordered_exact,HUM KPE ENS,HUM;KPE;ENS,3,0,HUMALOG,HUMALOGKWIKPEN100IPENS,base,multi_word,development
partial_4305c0f91f2c1c62,parts,full_name_two_parts,LIFEGLOBI NSYR,LIFEGLOBI;NSYR,2,0,LIFEGLOBIN SYR,LIFEGLOBINSYR,base,multi_word,development
partial_430cb503c7a62b8f,parts,full_name_two_parts,VIC HYIDEALSOLEILSPF,VIC;HYIDEALSOLEILSPF,2,0,VICHY,VICHYIDEALSOLEILSPF,base,multi_word,development
partial_4343652c5a532885,parts,full_name_two_parts,FEMI GINB,FEMI;GINB,2,0,FEMIGIN B,FEMIGINB,base,multi_word,development
partial_438727f966f01f97,parts,full_name_two_parts,DIPRIV AN,DIPRIV;AN,2,0,DIPRIVAN,DIPRIVAN,base,single_word,development
partial_439b02e91fb067c2,parts,two_edges_first_typo,NAAD BACT,NAAD;BACT,2,1,NAUDIBACT,NAUDIBACT,base,single_word,development
partial_43afefa9b35ba0e6,parts,full_name_two_parts,EVOKA ZAMINE,EVOKA;ZAMINE,2,0,EVOKAZAMINE,EVOKAZAMINE,base,single_word,holdout
partial_43bf8853d314e491,parts,full_name_two_parts,EVERYO UTHDETOXANTIAGINGCLEANSER,EVERYO;UTHDETOXANTIAGINGCLEANSER,2,0,EVERYOUTH,EVERYOUTHDETOXANTIAGINGCLEANSER,base,multi_word,development
partial_43cae9467e4ab22a,parts,full_name_two_parts,WEEDOBONHA IR,WEEDOBONHA;IR,2,0,WEEDOBON,WEEDOBONHAIR,base,multi_word,development
partial_43cb5d8c95edb50a,parts,full_name_two_parts,CENTRUMADVAN CE,CENTRUMADVAN;CE,2,0,CENTRUM,CENTRUMADVANCE,base,multi_word,development
partial_43ccf0dd447eb8dd,parts,two_edges_first_typo,HAAR ONIC,HAAR;ONIC,2,1,HAIRTONIC,HAIRTONIC,base,single_word,development
partial_43d5d0079ac7ef8e,parts,full_name_two_parts,MOLN UPRAVA,MOLN;UPRAVA,2,0,MOLNUPRAVA,MOLNUPRAVA,base,single_word,holdout
partial_43dc9cde84e0dbf6,parts,full_name_two_parts,FLOCAREUNIVERS ALPACKSET,FLOCAREUNIVERS;ALPACKSET,2,0,FLOCARE,FLOCAREUNIVERSALPACKSET,base,multi_word,development
partial_44034f6a947efe58,parts,full_name_two_parts,BABYSTEPSG OATMILKINFANTFORMULASTAGE,BABYSTEPSG;OATMILKINFANTFORMULASTAGE,2,0,STEPS,BABYSTEPSGOATMILKINFANTFORMULASTAGE,base,multi_word,holdout
partial_4451f47ccc25e2fb,parts,full_name_two_parts,QINZINTIMATEFEMI NINE,QINZINTIMATEFEMI;NINE,2,0,QINZ INTIMATE FEMININE,QINZINTIMATEFEMININE,base,multi_word,development
partial_4454cba92869d222,parts,full_name_three_parts,VIV IDOL HAIR,VIV;IDOL;HAIR,3,0,VIVIDOL,VIVIDOLHAIR,base,multi_word,development
partial_4461c4e888a4df1e,parts,full_name_two_parts,FL OCARE,FL;OCARE,2,0,FLOCARE,FLOCARE,family_head,single_word,development
partial_447b22ead7f82c5e,parts,full_name_two_parts,OMEGAC URE,OMEGAC;URE,2,0,OMEGA,OMEGACURE,base,multi_word,holdout
partial_447e7ef786e2d708,parts,one_prefix_exact,NYOL,NYOL,1,0,NYOLOL,NYOLOL,base,single_word,development
partial_449051ea58409048,parts,full_name_two_parts,LIMITLESSKIDSMUL TIVITAMINSCALCIUMCHOCOLATEBALLS,LIMITLESSKIDSMUL;TIVITAMINSCALCIUMCHOCOLATEBALLS,2,0,LIMITLESS,LIMITLESSKIDSMULTIVITAMINSCALCIUMCHOCOLATEBALLS,base,multi_word,holdout
partial_4498a115cefa57d8,parts,full_name_three_parts,NI RAK UAT,NI;RAK;UAT,3,0,NIRAKUAT,NIRAKUAT,base,single_word,development
partial_44e3ad36aeccec52,parts,full_name_two_parts,MEZ DAN,MEZ;DAN,2,0,MEZDAN,MEZDAN,base,single_word,holdout
partial_4504429d83435b36,parts,full_name_two_parts,PRETT IERANTIDANDRUFF,PRETT;IERANTIDANDRUFF,2,0,PRETTIER,PRETTIERANTIDANDRUFF,base,multi_word,development
partial_45245038e0121c04,parts,full_name_two_parts,GAS TOBENZ,GAS;TOBENZ,2,0,GASTOBENZ,GASTOBENZ,base,single_word,development
partial_452ac0d853df537a,parts,full_name_two_parts,BEESLIN EDEOWHITENINGSPORTPULSE,BEESLIN;EDEOWHITENINGSPORTPULSE,2,0,BEESLINE,BEESLINEDEOWHITENINGSPORTPULSE,base,multi_word,holdout
partial_453c91b707323e52,parts,full_name_two_parts,ACNIT AZ,ACNIT;AZ,2,0,ACNITAZ,ACNITAZ,base,single_word,development
partial_4542ee897be9b2b4,parts,three_ordered_exact,SUL TIM ULA,SUL;TIM;ULA,3,0,SULFAX,SULFAXOPTIMAFORMULA,base,multi_word,development
partial_4548f390b32c283b,parts,full_name_two_parts,DOP AROXEN,DOP;AROXEN,2,0,DOPAROXEN,DOPAROXEN,base,single_word,holdout
partial_455396fff43c5b73,parts,full_name_two_parts,PHARMACER ISTPURISEBOGELCLEANSINGFACE,PHARMACER;ISTPURISEBOGELCLEANSINGFACE,2,0,PHARMACERIS,PHARMACERISTPURISEBOGELCLEANSINGFACE,base,multi_word,development
partial_4576775bae4c021b,parts,two_edges_first_typo,AAIR OPIA,AAIR;OPIA,2,1,HAIRTOPIA,HAIRTOPIA,base,single_word,development
partial_4578a3066fe9311f,parts,full_name_two_parts,ELONE HAIRCONDITIONER,ELONE;HAIRCONDITIONER,2,0,ELONE,ELONEHAIRCONDITIONER,base,multi_word,development
partial_45799ac7be7d7119,parts,three_ordered_middle_typo,HER ARY ORT,HER;ARY;ORT,3,1,HERBAVISION LUTEIN BILBERRY SOFTGELS ILLEGAL IMPORT,HERBAVISIONLUTEINBILBERRYSOFTGELSILLEGALIMPORT,base,multi_word,development
partial_4585b3770191ca2f,parts,full_name_two_parts,UB MIMMUNEKIDS,UB;MIMMUNEKIDS,2,0,UBM IMMUNE KIDS,UBMIMMUNEKIDS,base,multi_word,development
partial_45894b03e1f0ff72,parts,three_ordered_exact,IRE YPA HIC,IRE;YPA;HIC,3,0,IRENYPATHIC,IRENYPATHIC,base,single_word,development
partial_45a8587dbc8dd40f,parts,full_name_two_parts,RE VAGINAL,RE;VAGINAL,2,0,REVAGINAL,REVAGINAL,base,single_word,development
partial_45ab5faf054d0b74,parts,full_name_two_parts,PHARMACERISSHYDRO LIPIDPROTECTIVEFACE,PHARMACERISSHYDRO;LIPIDPROTECTIVEFACE,2,0,PHARMACERIS,PHARMACERISSHYDROLIPIDPROTECTIVEFACE,base,multi_word,development
partial_45c0199ffc89c375,parts,one_internal_typo,LAPA,LAPA,1,1,CLOPAM,CLOPAM,base,single_word,holdout
partial_45cd5af6deb5f7cf,parts,full_name_two_parts,SA NSOCOLLAGENCLEANSING,SA;NSOCOLLAGENCLEANSING,2,0,SANSO,SANSOCOLLAGENCLEANSING,base,multi_word,development
partial_45d6d11c70e7e1dc,parts,full_name_two_parts,NUXEHUIL EPRODIGIEUSESHIMMERINGDRYOIL,NUXEHUIL;EPRODIGIEUSESHIMMERINGDRYOIL,2,0,NUXE HUILE PRODIGIEUSE SHIMMERING DRY OIL,NUXEHUILEPRODIGIEUSESHIMMERINGDRYOIL,base,multi_word,development
partial_45f830c3f079edc2,parts,full_name_two_parts,IC ANDRA,IC;ANDRA,2,0,ICANDRA,ICANDRA,base,single_word,development
partial_4607d2c73ac1baf7,parts,two_edges_first_typo,PREA ORTE,PREA;ORTE,2,1,PRED,PREDFORTE,base,multi_word,holdout
partial_4608970316b542ee,parts,one_suffix_exact,THIL,THIL,1,0,IVY BRONCHOTHIL,IVYBRONCHOTHIL,base,multi_word,development
partial_46094f7c57698d1c,parts,full_name_two_parts,REX SOLCAVIARFIRMING,REX;SOLCAVIARFIRMING,2,0,REXSOL,REXSOLCAVIARFIRMING,base,multi_word,holdout
partial_4628d35ee3e7bd06,parts,two_edges_first_typo,CITA INDH,CITA;INDH,2,1,CITOVILA,CITOVILAMINDH,base,multi_word,holdout
partial_462e736c03df8444,parts,full_name_two_parts,CUTEG UARDANTIDANDRUFF,CUTEG;UARDANTIDANDRUFF,2,0,CUTE GUARD ANTI DANDRUFF,CUTEGUARDANTIDANDRUFF,base,multi_word,development
partial_467617c4f0bafa8d,parts,full_name_two_parts,DA XAS,DA;XAS,2,0,DAXAS,DAXAS,base,single_word,holdout
partial_4690c250798eccc4,parts,full_name_three_parts,HYSE ACAC TIVE,HYSE;ACAC;TIVE,3,0,HYSEAC,HYSEACACTIVE,base,multi_word,holdout
partial_4698936a226be4d9,parts,one_internal_exact,ERGI,ERGI,1,0,ALLERGIRAZ,ALLERGIRAZ,base,single_word,development
partial_46c86f8c2beb8a43,parts,full_name_two_parts,BIOS OLARISUNSCREENKIDSSPF,BIOS;OLARISUNSCREENKIDSSPF,2,0,SOLARI,BIOSOLARISUNSCREENKIDSSPF,base,multi_word,development
partial_46cce5a40ea90d3d,parts,full_name_two_parts,ONEDAILYMENSMULTIVITAMINCAPLETSILLEGALIM PORT,ONEDAILYMENSMULTIVITAMINCAPLETSILLEGALIM;PORT,2,0,ONE DAILY MENS MULTIVITAMIN CAPLETS ILLEGAL IMPORT,ONEDAILYMENSMULTIVITAMINCAPLETSILLEGALIMPORT,base,multi_word,development
partial_46d8fb9968d45f0c,parts,full_name_two_parts,REPLIT ZA,REPLIT;ZA,2,0,REPLITZA,REPLITZA,base,single_word,development
partial_46df059c43df03c1,parts,full_name_two_parts,LIMITLESSBCOM PLEXODF,LIMITLESSBCOM;PLEXODF,2,0,LIMITLESS,LIMITLESSBCOMPLEXODF,base,multi_word,holdout
partial_46e5752940f1b3d4,parts,one_internal_exact,ROPH,ROPH,1,0,COLDAMARIS PROPHYLACTIC NASAL,COLDAMARISPROPHYLACTICNASAL,base,multi_word,holdout
partial_47049cf43d6264f2,parts,one_internal_exact,ALAT,ALAT,1,0,ADALAT LA,ADALATLA,base,multi_word,development
partial_47057da886ee7159,parts,full_name_two_parts,KAMINOMOTOHAIRG ROWTHTRIGGER,KAMINOMOTOHAIRG;ROWTHTRIGGER,2,0,KAMINOMOTO,KAMINOMOTOHAIRGROWTHTRIGGER,base,multi_word,development
partial_47563c48f9e2a4ad,parts,full_name_three_parts,NAN ORE PAIR,NAN;ORE;PAIR,3,0,NANO REPAIR,NANOREPAIR,base,multi_word,holdout
partial_477b892551811408,parts,two_edges_exact,NANO FREE,NANO;FREE,2,0,NANOBEE,NANOBEEFREE,base,multi_word,development
partial_47820ce3d7238218,parts,two_edges_first_typo,MERA RKYL,MERA;RKYL,2,1,MEROSTARKYL,MEROSTARKYL,base,single_word,development
partial_4793feb4b802247f,parts,one_internal_typo,FAIN,FAIN,1,1,SABFRINATE,SABFRINATE,base,single_word,development
partial_47a6a6077644363b,parts,three_ordered_middle_typo,LIN OMA TIN,LIN;OMA;TIN,3,1,LINEZOMENTIN,LINEZOMENTIN,base,single_word,development
partial_47c4b9cbff1a01ff,parts,three_ordered_middle_typo,NEO CHE LON,NEO;CHE;LON,3,1,NEO MICHAELON,NEOMICHAELON,base,multi_word,holdout
partial_47d28ac59c6388ac,parts,full_name_two_parts,FAS TRINE,FAS;TRINE,2,0,FASTRINE,FASTRINE,base,single_word,holdout
partial_47d7159a61db24ba,parts,full_name_two_parts,RO AIVY,RO;AIVY,2,0,ROAIVY,ROAIVY,base,single_word,development
partial_47d8a3442384e067,parts,two_edges_exact,NEBR GLOB,NEBR;GLOB,2,0,NEBRAGLOB,NEBRAGLOB,base,single_word,holdout
partial_47e80b70a1ead0cd,parts,full_name_two_parts,ST EPS,ST;EPS,2,0,STEPS,STEPS,family_head,single_word,holdout
partial_47f362de96ab258d,parts,full_name_two_parts,BROMALASEC EIP,BROMALASEC;EIP,2,0,BROMALASE CEIP,BROMALASECEIP,base,multi_word,development
partial_48000e8502637e91,parts,full_name_two_parts,DOGMA TILFORT,DOGMA;TILFORT,2,0,DOGMATIL,DOGMATILFORT,base,multi_word,development
partial_480011a1952f5390,parts,two_edges_exact,ROTA ELEX,ROTA;ELEX,2,0,ROTAHELEX,ROTAHELEX,base,single_word,development
partial_4829918ebaca1c3c,parts,two_edges_exact,CARN EMEN,CARN;EMEN,2,0,CARNIVITA,CARNIVITAADVANCEMEN,base,multi_word,development
partial_4833835e4fd4a7c0,parts,full_name_two_parts,FLIPF UN,FLIPF;UN,2,0,FLIPFUN,FLIPFUN,base,single_word,development
partial_483bc6b5d9d29f99,parts,two_edges_exact,SOLC ERYL,SOLC;ERYL,2,0,SOLCOSERYL,SOLCOSERYL,base,single_word,development
partial_48672ae6d44e5754,parts,full_name_two_parts,HYDROCORTISONESODIUMSUCCIN ATE,HYDROCORTISONESODIUMSUCCIN;ATE,2,0,HYDROCORTISONE SODIUM SUCCINATE,HYDROCORTISONESODIUMSUCCINATE,base,multi_word,development
partial_48683d7d0263289c,parts,one_prefix_exact,JENO,JENO,1,0,JENO COMPOUND,JENOCOMPOUND,base,multi_word,holdout
partial_48ad7376837ebab4,parts,full_name_two_parts,VI TAPOINT,VI;TAPOINT,2,0,VITAPOINT,VITAPOINT,family_head,single_word,holdout
partial_48c9030ef7bc5744,parts,three_ordered_middle_typo,OXA AIN GSU,OXA;AIN;GSU,3,1,OXALIPLATIN JIANGSU,OXALIPLATINJIANGSU,base,multi_word,development
partial_48e9377ffcc3a308,parts,full_name_two_parts,RILAST ILACNILAUDEKEMULSION,RILAST;ILACNILAUDEKEMULSION,2,0,RILASTIL,RILASTILACNILAUDEKEMULSION,base,multi_word,development
partial_492d0e0edb6c13ec,parts,full_name_two_parts,MAL INZYME,MAL;INZYME,2,0,MALINZYME,MALINZYME,base,single_word,development
partial_493c14010591b895,parts,full_name_two_parts,KIDSHOODZI NC,KIDSHOODZI;NC,2,0,KIDS HOOD ZINC,KIDSHOODZINC,base,multi_word,holdout
partial_4947fac3579ca523,parts,full_name_two_parts,REXSOLCOLLAGENCOMPLEXU LTRAAGEDEFYING,REXSOLCOLLAGENCOMPLEXU;LTRAAGEDEFYING,2,0,REXSOL,REXSOLCOLLAGENCOMPLEXULTRAAGEDEFYING,base,multi_word,holdout
partial_494f4df7d7cfc986,parts,full_name_two_parts,SULI DAN,SULI;DAN,2,0,SULIDAN,SULIDAN,base,single_word,development
partial_495d0eabcc296ff1,parts,full_name_three_parts,VICHY72HSTRE SSRESISTINTEN SIVEDEODORANT,VICHY72HSTRE;SSRESISTINTEN;SIVEDEODORANT,3,0,VICHY,VICHY72HSTRESSRESISTINTENSIVEDEODORANT,base,multi_word,development
partial_49637ae34505f9e9,parts,three_ordered_middle_typo,MAR TAC LES,MAR;TAC;LES,3,1,MARNYS,MARNYSPROTECTBOTTLES,base,multi_word,development
partial_4991ff5772ee837d,parts,two_edges_exact,ACTI MASK,ACTI;MASK,2,0,ACTI VITA PERFECT COMPLEXION MASK,ACTIVITAPERFECTCOMPLEXIONMASK,base,multi_word,development
partial_49c392ee6d4ab126,parts,full_name_two_parts,DAYVIT AMINIRON,DAYVIT;AMINIRON,2,0,DAY VITAMIN IRON,DAYVITAMINIRON,base,multi_word,holdout
partial_49cb2cb9189d13ce,parts,full_name_two_parts,XA NTHIBUX,XA;NTHIBUX,2,0,XANTHIBUX,XANTHIBUX,base,single_word,development
partial_49cf62a174e36483,parts,full_name_two_parts,CLEARADERMSK INCLEANSER,CLEARADERMSK;INCLEANSER,2,0,CLEARADERM,CLEARADERMSKINCLEANSER,base,multi_word,development
partial_49f4ce950822e38f,parts,two_edges_exact,CONT EPSY,CONT;EPSY,2,0,CONTROLEPSY,CONTROLEPSY,base,single_word,development
partial_49fb88663ff79be8,parts,full_name_two_parts,AL KAMISRALKALINE,AL;KAMISRALKALINE,2,0,ALKA MISR ALKALINE,ALKAMISRALKALINE,base,multi_word,holdout
partial_4a0d82046d9ebd09,parts,full_name_two_parts,RO MIX,RO;MIX,2,0,ROMIX,ROMIX,base,single_word,holdout
partial_4a1df1541a4f7995,parts,three_ordered_exact,CON ALI TIC,CON;ALI;TIC,3,0,CONVALIPTIC,CONVALIPTIC,base,single_word,development
partial_4a2add57409c185f,parts,one_internal_exact,MILM,MILM,1,0,BLEMIL,BLEMILMILK,base,multi_word,holdout
partial_4a3678d54682c2d7,parts,full_name_two_parts,HAEMODIALYSISCONC ENTRATECK113,HAEMODIALYSISCONC;ENTRATECK113,2,0,HAEMODIALYSIS,HAEMODIALYSISCONCENTRATECK113,base,multi_word,holdout
partial_4a412ecbd6aa2298,parts,full_name_two_parts,SUNLOVESUNSCREENFLU ID,SUNLOVESUNSCREENFLU;ID,2,0,SUN LOVE SUN SCREEN FLUID,SUNLOVESUNSCREENFLUID,base,multi_word,development
partial_4a5f067d9bc33bbe,parts,full_name_two_parts,RETROBCO MBLEX,RETROBCO;MBLEX,2,0,RETRO,RETROBCOMBLEX,base,multi_word,holdout
partial_4a84453697d70084,parts,full_name_two_parts,SOLODINEANTISEPTICSO LN,SOLODINEANTISEPTICSO;LN,2,0,SOLODINE ANTISEPTIC SOLN,SOLODINEANTISEPTICSOLN,base,multi_word,development
partial_4a9993d857e7e82a,parts,two_edges_second_typo,EGYS EAOL,EGYS;EAOL,2,1,EGYSEVEN PANTHENOL,EGYSEVENPANTHENOL,base,multi_word,development
partial_4aa9aca3d171b947,parts,full_name_two_parts,MI CRODETTE,MI;CRODETTE,2,0,MICRODETTE,MICRODETTE,base,single_word,development
partial_4ab83a3ec55055ad,parts,full_name_two_parts,CAPIXYHA IRMASK,CAPIXYHA;IRMASK,2,0,CAPIXY,CAPIXYHAIRMASK,base,multi_word,development
partial_4ab9c42309af99ab,parts,full_name_two_parts,ALGANOVOMASS SAGE,ALGANOVOMASS;SAGE,2,0,ALGANOVO MASSSAGE,ALGANOVOMASSSAGE,base,multi_word,holdout
partial_4b0a9d7cc85e0aa5,parts,full_name_three_parts,LIC TRI LIT,LIC;TRI;LIT,3,0,LICTRILIT,LICTRILIT,base,single_word,development
partial_4b0b7911872fdab3,parts,full_name_two_parts,ABSORBABLESEL ENIUM,ABSORBABLESEL;ENIUM,2,0,ABSORBABLE SELENIUM,ABSORBABLESELENIUM,base,multi_word,development
partial_4b185dadce1c8541,parts,full_name_two_parts,AW ADISTRELAX,AW;ADISTRELAX,2,0,AWADIST,AWADISTRELAX,base,multi_word,development
partial_4b238712d3fda028,parts,two_edges_exact,SHAM OMOX,SHAM;OMOX,2,0,SHAMSOMOX,SHAMSOMOX,base,single_word,development
partial_4b39c931b14a2517,parts,full_name_two_parts,WEH ERBN,WEH;ERBN,2,0,WE HERB,WEHERBN,base,multi_word,holdout
partial_4b3c6fc5d638ad98,parts,one_internal_exact,ILVI,ILVI,1,0,SILVIGO,SILVIGO,base,single_word,holdout
partial_4b4cf8058877cf5b,parts,full_name_two_parts,BEG ONIA,BEG;ONIA,2,0,BEGONIA,BEGONIA,base,single_word,development
partial_4b554c941e2230b9,parts,full_name_two_parts,CA RMIPRET,CA;RMIPRET,2,0,CARMIPRET,CARMIPRET,base,single_word,development
partial_4b6f543986babdaa,parts,full_name_two_parts,ISOMO ISTYNASAL,ISOMO;ISTYNASAL,2,0,ISOMOISTY NASAL,ISOMOISTYNASAL,base,multi_word,development
partial_4b818c3c02837d9c,parts,full_name_two_parts,CARG EST,CARG;EST,2,0,CARGEST,CARGEST,base,single_word,development
partial_4b88640ed8d1f906,parts,full_name_two_parts,TRITE CTANTISEPTIC,TRITE;CTANTISEPTIC,2,0,TRI TECT ANTISEPTIC,TRITECTANTISEPTIC,base,multi_word,development
partial_4ba1820a3dc64925,parts,full_name_two_parts,MUSTELASTELATOPIAMI LKYBATHOIL,MUSTELASTELATOPIAMI;LKYBATHOIL,2,0,MUSTELA,MUSTELASTELATOPIAMILKYBATHOIL,base,multi_word,development
partial_4bb2dd9c7c0139f5,parts,full_name_two_parts,SIERAINTENSIV EHAIRGROWTH,SIERAINTENSIV;EHAIRGROWTH,2,0,SIERA,SIERAINTENSIVEHAIRGROWTH,base,multi_word,development
partial_4bc03eff755857a7,parts,full_name_two_parts,SUMACLEARF EMININE,SUMACLEARF;EMININE,2,0,SUMACLEAR FEMININE,SUMACLEARFEMININE,base,multi_word,holdout
partial_4bd2e412624e35ae,parts,full_name_two_parts,MULTILOA DCUINTRAUTERINEDEVICENA,MULTILOA;DCUINTRAUTERINEDEVICENA,2,0,MULTILOAD CU INTRAUTERINE DEVICE N A,MULTILOADCUINTRAUTERINEDEVICENA,base,multi_word,development
partial_4be3bcbcc0d2ea06,parts,two_edges_first_typo,MADI GODF,MADI;GODF,2,1,MEDIPHA,MEDIPHAB121000MIGODF,base,multi_word,holdout
partial_4be3fd60d05efd0b,parts,full_name_two_parts,MINOXIDILM UP,MINOXIDILM;UP,2,0,MINOXIDIL MUP,MINOXIDILMUP,base,multi_word,holdout
partial_4bf0d529b4a2ad23,parts,full_name_two_parts,VILLABORGHINIRES TORING,VILLABORGHINIRES;TORING,2,0,VILLA,VILLABORGHINIRESTORING,base,multi_word,development
partial_4bf5b6cd96f59646,parts,two_edges_second_typo,DROS IFAM,DROS;IFAM,2,1,DROSPIFEM,DROSPIFEM,base,single_word,development
partial_4bfedd91449b4da9,parts,full_name_two_parts,VER DO,VER;DO,2,0,VERDO,VERDO,base,single_word,development
partial_4c2f3d5e246a96bd,parts,full_name_two_parts,MAR NYSARTROHELP,MAR;NYSARTROHELP,2,0,MARNYS,MARNYSARTROHELP,base,multi_word,development
partial_4c3286a21f934da6,parts,full_name_two_parts,EJAD AXTIN,EJAD;AXTIN,2,0,EJADAXTIN,EJADAXTIN,base,single_word,development
partial_4c3bcf838b402f8c,parts,full_name_two_parts,MARNY SNEOCARBON,MARNY;SNEOCARBON,2,0,MARNYS,MARNYSNEOCARBON,base,multi_word,development
partial_4c59f5d15313643d,parts,full_name_two_parts,TW EETOHEAM,TW;EETOHEAM,2,0,TWEETOHEAM,TWEETOHEAM,base,single_word,development
partial_4c60c8c61005e5f5,parts,two_edges_exact,GIGA OCIN,GIGA;OCIN,2,0,GIGAZOCIN,GIGAZOCIN,base,single_word,development
partial_4c897c1c73de6541,parts,full_name_two_parts,SIDERALFOLICORODISPERS IBLESTICKS,SIDERALFOLICORODISPERS;IBLESTICKS,2,0,SIDERAL,SIDERALFOLICORODISPERSIBLESTICKS,base,multi_word,development
partial_4ca0d597932a1aee,parts,full_name_two_parts,PERIME TROLIGHTENING,PERIME;TROLIGHTENING,2,0,PERIMETRO LIGHTENING,PERIMETROLIGHTENING,base,multi_word,development
partial_4cafed033fbca283,parts,full_name_two_parts,ROTACYST EINE,ROTACYST;EINE,2,0,ROTACYSTEINE,ROTACYSTEINE,base,single_word,development
partial_4cb7867dc5ec2c0a,parts,full_name_three_parts,MUL TIT REAT,MUL;TIT;REAT,3,0,MULTI TREAT,MULTITREAT,base,multi_word,development
partial_4cdcc5560321c786,parts,full_name_two_parts,MIXT ARDHM,MIXT;ARDHM,2,0,MIXTARD HM,MIXTARDHM,base,multi_word,development
partial_4cfb13bda7c60e2c,parts,full_name_two_parts,FRANCE LAITTOMILK,FRANCE;LAITTOMILK,2,0,FRANCE,FRANCELAITTOMILK,base,multi_word,development
partial_4d1387b710d06358,parts,full_name_two_parts,PACIN OS,PACIN;OS,2,0,PACINOS,PACINOS,base,single_word,development
partial_4d2a529f38931dbd,parts,full_name_three_parts,HER ASHO WOIL,HER;ASHO;WOIL,3,0,HERASHOW,HERASHOWOIL,base,multi_word,development
partial_4d7333bfd4d0dad0,parts,full_name_two_parts,RINGERLACTATECOMPOUNDSOD IUMLACTATEMUP,RINGERLACTATECOMPOUNDSOD;IUMLACTATEMUP,2,0,RINGER,RINGERLACTATECOMPOUNDSODIUMLACTATEMUP,base,multi_word,development
partial_4d76784c210e3182,parts,full_name_two_parts,ORPHENADRI NE,ORPHENADRI;NE,2,0,ORPHENADRINE,ORPHENADRINE,base,single_word,development
partial_4d7b248491156f19,parts,full_name_three_parts,GE NEB ABY,GE;NEB;ABY,3,0,GENEBABY,GENEBABY,family_head,single_word,development
partial_4d8cbea3e9d5de6f,parts,full_name_two_parts,TOPICREM CICASOOTHING,TOPICREM;CICASOOTHING,2,0,TOPICREM,TOPICREMCICASOOTHING,base,multi_word,holdout
partial_4daa7eb56df1de14,parts,full_name_two_parts,EPID ERMSOOTHING,EPID;ERMSOOTHING,2,0,EPIDERM SOOTHING,EPIDERMSOOTHING,base,multi_word,development
partial_4dba9eec7db1c40c,parts,full_name_two_parts,EBA FIX,EBA;FIX,2,0,EBAFIX,EBAFIX,family_head,single_word,development
partial_4dfbac970e101158,parts,two_edges_exact,TROO HAIR,TROO;HAIR,2,0,TROOK LINE HAIR,TROOKLINEHAIR,base,multi_word,development
partial_4e048c3ec6ab0421,parts,full_name_two_parts,HAEMODIALYSISCON CENTRATEFORMULA,HAEMODIALYSISCON;CENTRATEFORMULA,2,0,HAEMODIALYSIS,HAEMODIALYSISCONCENTRATEFORMULA,base,multi_word,holdout
partial_4e08e9006e886209,parts,full_name_two_parts,FRIT ZU,FRIT;ZU,2,0,FRITZU,FRITZU,base,single_word,development
partial_4e0a98ebda787e9c,parts,full_name_two_parts,SIRIPR OHAIR,SIRIPR;OHAIR,2,0,SIRI PRO HAIR,SIRIPROHAIR,base,multi_word,development
partial_4e124fc686ad0f03,parts,one_internal_exact,MSUN,MSUN,1,0,HIDERM,HIDERMSUNBLOCK,base,multi_word,holdout
partial_4e4413549442f8cd,parts,full_name_two_parts,LOPRO IRONADULT,LOPRO;IRONADULT,2,0,LOPRO,LOPROIRONADULT,base,multi_word,development
partial_4e7ad2c104c124de,parts,one_internal_exact,EVAX,EVAX,1,0,DREVAXIM,DREVAXIM,base,single_word,holdout
partial_4e7b5fb77244f08e,parts,two_edges_second_typo,ICOF NSEA,ICOF;NSEA,2,1,ICOFACE,ICOFACEFACIALCLEANSER,base,multi_word,development
partial_4e80fa1c5f9704f5,parts,full_name_two_parts,TUMEEMULTIVITAMINMINE RAL,TUMEEMULTIVITAMINMINE;RAL,2,0,TUMEE MULTI VITAMIN MINERAL,TUMEEMULTIVITAMINMINERAL,base,multi_word,development
partial_4e9616bdd9cd0ea1,parts,full_name_three_parts,GOLDE NSTYL EHAIR,GOLDE;NSTYL;EHAIR,3,0,GOLDEN STYLE HAIR,GOLDENSTYLEHAIR,base,multi_word,development
partial_4ea5af7a5ce35c65,parts,one_suffix_exact,AIVY,AIVY,1,0,MAINTONISTA,MAINTONISTAIVY,base,multi_word,development
partial_4eaad8565b648ad4,parts,full_name_two_parts,CUROS URF,CUROS;URF,2,0,CUROSURF,CUROSURF,base,single_word,holdout
partial_4eeddb1703f98b77,parts,full_name_two_parts,LOWTIM IB,LOWTIM;IB,2,0,LOWTIMIB,LOWTIMIB,base,single_word,development
partial_4efbec6316e9a8be,parts,full_name_two_parts,FL OXIAREGARDINTENSE,FL;OXIAREGARDINTENSE,2,0,FLOXIA,FLOXIAREGARDINTENSE,base,multi_word,development
partial_4f09bcc005b9a183,parts,full_name_two_parts,LAROC INIA,LAROC;INIA,2,0,LAROCINIA,LAROCINIA,base,single_word,development
partial_4f139e897420ed96,parts,one_internal_exact,ADIT,ADIT,1,0,ZADITEN,ZADITEN,base,single_word,development
partial_4f1546fb8c3b187d,parts,two_edges_first_typo,NARV ITIC,NARV;ITIC,2,1,NERVOCITIC,NERVOCITIC,base,single_word,development
partial_4f35cd6e6609c101,parts,full_name_two_parts,HER BALANDVEGAND3B12KIDSGUMMIES,HER;BALANDVEGAND3B12KIDSGUMMIES,2,0,HERBALAND,HERBALANDVEGAND3B12KIDSGUMMIES,base,multi_word,development
partial_4f48e74522fa995b,parts,full_name_two_parts,BLUEBELLWH ITENING,BLUEBELLWH;ITENING,2,0,BLUEBELL,BLUEBELLWHITENING,base,multi_word,development
partial_4f5f4577917723c3,parts,full_name_two_parts,GIVARORO CK,GIVARORO;CK,2,0,GIVAROROCK,GIVAROROCK,base,single_word,development
partial_4f605ebbb3ee6dfb,parts,full_name_two_parts,REFLECT ORSUNSCREEN,REFLECT;ORSUNSCREEN,2,0,REFLECTOR SUNSCREEN,REFLECTORSUNSCREEN,base,multi_word,development
partial_4f6fadfbb255d747,parts,full_name_two_parts,MYOLEPT IN,MYOLEPT;IN,2,0,MYOLEPTIN,MYOLEPTIN,family_head,single_word,holdout
partial_4fba37d774df832c,parts,full_name_two_parts,STEVIAS WEETFITNESS,STEVIAS;WEETFITNESS,2,0,STEVIA,STEVIASWEETFITNESS,base,multi_word,development
partial_4fc9b5e8bc9fd9c2,parts,full_name_two_parts,IVYB RONCH,IVYB;RONCH,2,0,IVY BRONCH,IVYBRONCH,base,multi_word,development
partial_4fcd71ba465eac75,parts,full_name_two_parts,VILLAB ORGHINISEBUMEQUALIZING,VILLAB;ORGHINISEBUMEQUALIZING,2,0,VILLA,VILLABORGHINISEBUMEQUALIZING,base,multi_word,development
partial_4fd4359e1c8a1fff,parts,full_name_two_parts,SHOR SALIN,SHOR;SALIN,2,0,SHORSALIN,SHORSALIN,base,single_word,development
partial_4ff0edcefd305eda,parts,three_ordered_exact,ECR ALA P40,ECR;ALA;P40,3,0,ECRINAL,ECRINALANP40,base,multi_word,development
partial_4ff8b2a1962a4293,parts,two_edges_first_typo,ELKA EZIL,ELKA;EZIL,2,1,ALKAPEZIL,ALKAPEZIL,base,single_word,development
partial_500d49c5d264f893,parts,full_name_two_parts,EBATR IX,EBATR;IX,2,0,EBATRIX,EBATRIX,base,single_word,development
partial_500e29969f085eab,parts,full_name_two_parts,VILLABORGHINIANTIDANDRUFFMO NODOSE,VILLABORGHINIANTIDANDRUFFMO;NODOSE,2,0,VILLA,VILLABORGHINIANTIDANDRUFFMONODOSE,base,multi_word,development
partial_5021aeb89d058961,parts,full_name_two_parts,HAEMODIALYSISCONCE NTRATECK112,HAEMODIALYSISCONCE;NTRATECK112,2,0,HAEMODIALYSIS,HAEMODIALYSISCONCENTRATECK112,base,multi_word,holdout
partial_50294e68aaf1326d,parts,full_name_two_parts,ORAZ ONE,ORAZ;ONE,2,0,ORAZONE,ORAZONE,base,single_word,development
partial_50358697c7ded670,parts,two_edges_first_typo,QUAA AFEN,QUAA;AFEN,2,1,QULAPERAFEN,QULAPERAFEN,base,single_word,development
partial_503c4e60cbfa1fab,parts,full_name_three_parts,CIM ETI DINE,CIM;ETI;DINE,3,0,CIMETIDINE,CIMETIDINE,base,single_word,development
partial_5051ca5268c3a92c,parts,full_name_two_parts,HORSE TAIL,HORSE;TAIL,2,0,HORSETAIL,HORSETAIL,base,single_word,development
partial_505ef6c4c2ef5e26,parts,three_ordered_exact,VEG EPA RIC,VEG;EPA;RIC,3,0,VEGASKINE,VEGASKINEPAEDIATRIC,base,multi_word,development
partial_50686954d0821160,parts,full_name_two_parts,DUCAN DES,DUCAN;DES,2,0,DUCANDES,DUCANDES,base,single_word,development
partial_509d0378879feb02,parts,full_name_two_parts,EDA BONE,EDA;BONE,2,0,EDABONE,EDABONE,base,single_word,development
partial_50e828bcc1470837,parts,two_edges_exact,ESTR HYTO,ESTR;HYTO,2,0,ESTROZET PHYTO,ESTROZETPHYTO,base,multi_word,development
partial_50e83086dae8590b,parts,three_ordered_middle_typo,PRO HEI OIL,PRO;HEI;OIL,3,1,PROSS,PROSSHAIROIL,base,multi_word,development
partial_51187066d57a983c,parts,two_edges_second_typo,CONA RAAE,CONA;RAAE,2,1,CONATRATE,CONATRATE,base,single_word,development
partial_512c3684bb16d557,parts,full_name_two_parts,EZ ALIC,EZ;ALIC,2,0,EZALIC,EZALIC,base,single_word,development
partial_513f0b89df160b12,parts,full_name_two_parts,CEFOTAXUPPHAR MA,CEFOTAXUPPHAR;MA,2,0,CEFOTAX UP PHARMA,CEFOTAXUPPHARMA,base,multi_word,holdout
partial_514303c29585bc8c,parts,full_name_two_parts,MESO CEPT,MESO;CEPT,2,0,MESOCEPT,MESOCEPT,base,single_word,development
partial_516936cae3d1c8e6,parts,full_name_two_parts,AL EXA,AL;EXA,2,0,ALEXA,ALEXA,base,single_word,development
partial_5187fa4cd754f7ac,parts,full_name_two_parts,FLORE EN,FLORE;EN,2,0,FLOREEN,FLOREEN,base,single_word,development
partial_51a7e07af4661327,parts,two_edges_exact,ALPH ROIL,ALPH;ROIL,2,0,ALPHAMIX HAIR OIL,ALPHAMIXHAIROIL,base,multi_word,development
partial_51a9b90c49202cca,parts,three_ordered_middle_typo,FAM AMC BLE,FAM;AMC;BLE,3,1,FAMTOCAL M CHEWBLE,FAMTOCALMCHEWBLE,base,multi_word,holdout
partial_51b78f50d66fa9e8,parts,two_edges_exact,ALLO PTIC,ALLO;PTIC,2,0,ALLOZEM NANO ANTISEPTIC,ALLOZEMNANOANTISEPTIC,base,multi_word,development
partial_51c1a4cdda0c6d2f,parts,one_internal_exact,ABON,ABON,1,0,FERTINA BONAVIDEA,FERTINABONAVIDEA,base,multi_word,development
partial_51c7aaa014c42364,parts,full_name_two_parts,VENTAMORWHITENI NG,VENTAMORWHITENI;NG,2,0,VENTAMOR,VENTAMORWHITENING,base,multi_word,holdout
partial_51e9baa37183e8f5,parts,full_name_two_parts,RESPIMERNASALIRRIG ATIONKIT,RESPIMERNASALIRRIG;ATIONKIT,2,0,RESPIMER,RESPIMERNASALIRRIGATIONKIT,base,multi_word,development
partial_51f81e458a6c09e9,parts,three_ordered_exact,INN GEN IDS,INN;GEN;IDS,3,0,INNOGEN,INNOGENKIDS,base,multi_word,development
partial_51f9f5eab706ea36,parts,one_internal_exact,TOGL,TOGL,1,0,LACTOGLOBIN,LACTOGLOBIN,base,single_word,holdout
partial_52228bcd5b4ca6ab,parts,full_name_two_parts,DER MA,DER;MA,2,0,DERMA,DERMA,family_head,single_word,development
partial_5225bbcd3568164e,parts,full_name_two_parts,SALICORTID ERM,SALICORTID;ERM,2,0,SALICORTIDERM,SALICORTIDERM,base,single_word,development
partial_52379f77d6d9d609,parts,full_name_two_parts,HERBAC ARE,HERBAC;ARE,2,0,HERBA CARE,HERBACARE,base,multi_word,holdout
partial_523e3e671500f5f4,parts,full_name_two_parts,DURIC EF,DURIC;EF,2,0,DURICEF,DURICEF,base,single_word,development
partial_525f3f3f96123cdb,parts,full_name_two_parts,NEUTHGOLDANTIWRINKLESYN ERGISTICSYSTEM,NEUTHGOLDANTIWRINKLESYN;ERGISTICSYSTEM,2,0,NEUTH,NEUTHGOLDANTIWRINKLESYNERGISTICSYSTEM,base,multi_word,development
partial_5266a28ec384988f,parts,one_suffix_exact,NNER,NNER,1,0,LUNNER,LUNNER,base,single_word,development
partial_527f5fafe28f0024,parts,full_name_two_parts,PU RAMAX,PU;RAMAX,2,0,PURAMAX,PURAMAX,base,single_word,development
partial_528e5a80d5747441,parts,two_edges_first_typo,CADI PTOL,CADI;PTOL,2,1,CODICLYPTOL,CODICLYPTOL,base,single_word,development
partial_52d447d5cac1db3b,parts,one_internal_exact,YOPR,YOPR,1,0,MYOPROX,MYOPROX,base,single_word,development
partial_52f958b329529cde,parts,full_name_two_parts,LCADEPIG MENTINGMASK,LCADEPIG;MENTINGMASK,2,0,LCA DEPIGMENTING MASK,LCADEPIGMENTINGMASK,base,multi_word,development
partial_53073df02200e712,parts,full_name_two_parts,LUNGOTRO PIUM,LUNGOTRO;PIUM,2,0,LUNGOTROPIUM,LUNGOTROPIUM,base,single_word,development
partial_53089e12bf23cbe1,parts,two_edges_second_typo,IVYM ANOA,IVYM;ANOA,2,1,IVYMEGANO,IVYMEGANON,base,multi_word,development
partial_53147c2d6e60254d,parts,full_name_three_parts,QUE TIA PINE,QUE;TIA;PINE,3,0,QUETIAPINE,QUETIAPINE,base,single_word,development
partial_531f3fd436ee1bef,parts,three_ordered_middle_typo,GAS APR ECT,GAS;APR;ECT,3,1,GASTROPROTECT,GASTROPROTECT,base,single_word,holdout
partial_5349cd5f6813d003,parts,full_name_two_parts,GAT AREXIB,GAT;AREXIB,2,0,GATAREXIB,GATAREXIB,base,single_word,development
partial_534d773658120c4b,parts,full_name_two_parts,BONNVITALIQUI DCHOCOLATE,BONNVITALIQUI;DCHOCOLATE,2,0,BONNVITA LIQUID CHOCOLATE,BONNVITALIQUIDCHOCOLATE,base,multi_word,development
partial_53563db14b997a02,parts,one_prefix_exact,ERTH,ERTH,1,0,ERTHA IRON,ERTHAIRON,base,multi_word,development
partial_535da2ab8bcc263d,parts,one_internal_typo,GAOR,GAOR,1,1,LIGNORAL,LIGNORAL,base,single_word,development
partial_537a61467ed04d60,parts,two_edges_second_typo,DUCR AASK,DUCR;AASK,2,1,DUCRAY,DUCRAYNUTRICERATHAIRMASK,base,multi_word,holdout
partial_538d60f894c3a708,parts,full_name_two_parts,TRIXHAIR MASK,TRIXHAIR;MASK,2,0,TRIX HAIR MASK,TRIXHAIRMASK,base,multi_word,holdout
partial_538da75492cc7282,parts,full_name_two_parts,TRYPSA LINCOMPOUND,TRYPSA;LINCOMPOUND,2,0,TRYPSALIN COMPOUND,TRYPSALINCOMPOUND,base,multi_word,development
partial_53b77ab262b9d5c7,parts,full_name_two_parts,DEXT ROGEL,DEXT;ROGEL,2,0,DEXTROGEL,DEXTROGEL,base,single_word,development
partial_53ccf78bdf43ee19,parts,full_name_two_parts,MIF LONIDEBREEZHALER,MIF;LONIDEBREEZHALER,2,0,MIFLONIDE BREEZHALER,MIFLONIDEBREEZHALER,base,multi_word,development
partial_53e814667889d8c8,parts,full_name_two_parts,LIMITLES SDIOSMINCOMPLEX,LIMITLES;SDIOSMINCOMPLEX,2,0,LIMITLESS,LIMITLESSDIOSMINCOMPLEX,base,multi_word,holdout
partial_53f0ebd36ffd90dc,parts,two_edges_first_typo,HEPA LMAX,HEPA;LMAX,2,1,HEPTA,HEPTAPANTHENOLMAX,base,multi_word,development
partial_542d2e0c301f7a78,parts,full_name_two_parts,EPONER VE,EPONER;VE,2,0,EPONERVE,EPONERVE,base,single_word,development
partial_546d181ba5253b9d,parts,full_name_two_parts,VIATR AZO,VIATR;AZO,2,0,VIATRAZO,VIATRAZO,base,single_word,development
partial_54a71a14c4d3683a,parts,full_name_two_parts,ZON NET,ZON;NET,2,0,ZONNET,ZONNET,base,single_word,holdout
partial_54dc8b02e6fc84a2,parts,full_name_two_parts,RO VEDIM,RO;VEDIM,2,0,ROVEDIM,ROVEDIM,base,single_word,development
partial_54e4fa3d3e01914d,parts,full_name_two_parts,GRA VICALCIUM,GRA;VICALCIUM,2,0,GRAVI CALCIUM,GRAVICALCIUM,base,multi_word,development
partial_54e5e27c7a2cb786,parts,full_name_two_parts,SFIR AHAIR,SFIR;AHAIR,2,0,SFIRA,SFIRAHAIR,base,multi_word,holdout
partial_54fb55332565611c,parts,two_edges_first_typo,COLA PIRE,COLA;PIRE,2,1,COLDSPIRE,COLDSPIRE,base,single_word,development
partial_54ffca108fa3608e,parts,full_name_two_parts,BERB ERILN,BERB;ERILN,2,0,BERBERIL,BERBERILN,base,multi_word,development
partial_5501d7a85970a140,parts,full_name_two_parts,DERMACLI NICANTIWRINKLES,DERMACLI;NICANTIWRINKLES,2,0,DERMA,DERMACLINICANTIWRINKLES,base,multi_word,development
partial_55245c74537d2614,parts,full_name_two_parts,TRUECARESUN SCREEN,TRUECARESUN;SCREEN,2,0,TRUE CARE SUNSCREEN,TRUECARESUNSCREEN,base,multi_word,development
partial_5547e2b973d8d30f,parts,full_name_two_parts,AZYLDR OX,AZYLDR;OX,2,0,AZYLDROX,AZYLDROX,base,single_word,development
partial_555ba4ed2129c5ee,parts,full_name_two_parts,VO LTINAC,VO;LTINAC,2,0,VOLTINAC,VOLTINAC,base,single_word,development
partial_5568abec35c99787,parts,full_name_two_parts,RON IDERM,RON;IDERM,2,0,RONIDERM,RONIDERM,base,single_word,development
partial_55950954c1da681d,parts,full_name_two_parts,SE IZOLOW,SE;IZOLOW,2,0,SEIZOLOW,SEIZOLOW,base,single_word,development
partial_55a15d8771a04dc8,parts,full_name_two_parts,ALE KSA,ALE;KSA,2,0,ALEKSA,ALEKSA,base,single_word,development
partial_55a7ae4db5b44202,parts,full_name_two_parts,SPECTRALRSANT IAGING,SPECTRALRSANT;IAGING,2,0,SPECTRAL,SPECTRALRSANTIAGING,base,multi_word,holdout
partial_55ae541fd7c81c36,parts,full_name_two_parts,SEP TAZOLE,SEP;TAZOLE,2,0,SEPTAZOLE,SEPTAZOLE,base,single_word,holdout
partial_55e5475a8583c03c,parts,full_name_two_parts,AMLO WEST,AMLO;WEST,2,0,AMLOWEST,AMLOWEST,base,single_word,development
partial_55f406ee4c62158a,parts,full_name_two_parts,ALOEV ERAPANTHENOLWEISERHAIR,ALOEV;ERAPANTHENOLWEISERHAIR,2,0,ALOE VERA PANTHENOL WEISER HAIR,ALOEVERAPANTHENOLWEISERHAIR,base,multi_word,development
partial_55fbec6cbd80e07f,parts,full_name_two_parts,AVENEAKERATSMOOTHINGEXF OLIATING,AVENEAKERATSMOOTHINGEXF;OLIATING,2,0,AVENE,AVENEAKERATSMOOTHINGEXFOLIATING,base,multi_word,holdout
partial_56178fb6d6a7fa50,parts,full_name_two_parts,SKINOVAIMAGELEAVEINCONDITI ONER,SKINOVAIMAGELEAVEINCONDITI;ONER,2,0,SKINOVA,SKINOVAIMAGELEAVEINCONDITIONER,base,multi_word,development
partial_5620325cda74dd2d,parts,full_name_two_parts,TR UEVERASKIN,TR;UEVERASKIN,2,0,TRUEVERA,TRUEVERASKIN,base,multi_word,development
partial_563806dcc38b6c18,parts,full_name_two_parts,FARMAC TIVEALGINATEDRESSINGCM,FARMAC;TIVEALGINATEDRESSINGCM,2,0,FARMACTIVE,FARMACTIVEALGINATEDRESSINGCM,base,multi_word,development
partial_56390a0318d51a2b,parts,two_edges_second_typo,CLIN DOIA,CLIN;DOIA,2,1,CLINZ BEARD OIL,CLINZBEARDOIL,base,multi_word,development
partial_5642ca69996e18ac,parts,full_name_two_parts,VIV IDOL,VIV;IDOL,2,0,VIVIDOL,VIVIDOL,family_head,single_word,development
partial_564304856032306d,parts,one_internal_exact,ADYS,ADYS,1,0,HOFFLADY SACHET,HOFFLADYSACHET,base,multi_word,development
partial_564c338097fb8135,parts,full_name_two_parts,POW ERBCOMPLEX,POW;ERBCOMPLEX,2,0,POWER,POWERBCOMPLEX,base,multi_word,holdout
partial_56543e9122601ab9,parts,full_name_two_parts,MOX IFLOXACINELNILE,MOX;IFLOXACINELNILE,2,0,MOXIFLOXACIN EL NILE,MOXIFLOXACINELNILE,base,multi_word,development
partial_565570984e6a1e47,parts,one_internal_typo,NOAO,NOAO,1,1,ADRENOCORTINE,ADRENOCORTINE,base,single_word,development
partial_568d33a638e5f27c,parts,full_name_two_parts,TERBUT ANYL,TERBUT;ANYL,2,0,TERBUTANYL,TERBUTANYL,base,single_word,holdout
partial_569b44df42263b73,parts,one_prefix_exact,VARF,VARF,1,0,VARFACT MASSAGE,VARFACTMASSAGE,base,multi_word,development
partial_569f6394796060c5,parts,full_name_two_parts,MI DMASSAGE,MI;DMASSAGE,2,0,MID MASSAGE,MIDMASSAGE,base,multi_word,development
partial_56a212d895fbad64,parts,full_name_two_parts,CAREBYCARECLEANSI NGMOISTURIZINGMILK,CAREBYCARECLEANSI;NGMOISTURIZINGMILK,2,0,CLEANSING,CAREBYCARECLEANSINGMOISTURIZINGMILK,base,multi_word,development
partial_56a29e4a87f7c688,parts,full_name_two_parts,SCARFXSILICO NESHEET75X7CM,SCARFXSILICO;NESHEET75X7CM,2,0,SCAR FX SILICONE SHEET 75X7 CM,SCARFXSILICONESHEET75X7CM,base,multi_word,development
partial_56ada880e5554e05,parts,full_name_two_parts,OTRI VINBABYSALINENASAL,OTRI;VINBABYSALINENASAL,2,0,OTRIVIN,OTRIVINBABYSALINENASAL,base,multi_word,development
partial_56b3de2b87f196ac,parts,full_name_three_parts,ATC ONA FIL,ATC;ONA;FIL,3,0,ATCONAFIL,ATCONAFIL,base,single_word,development
partial_56c0e5dba89d2e05,parts,full_name_two_parts,DOPAMINEHYDROCHLORI DE,DOPAMINEHYDROCHLORI;DE,2,0,DOPAMINE HYDROCHLORIDE,DOPAMINEHYDROCHLORIDE,base,multi_word,holdout
partial_56d2d3a162632716,parts,full_name_three_parts,VARILR IXPFUM ONODOSE,VARILR;IXPFUM;ONODOSE,3,0,VARILRIX PFU MONODOSE,VARILRIXPFUMONODOSE,base,multi_word,development
partial_56e81b9b457c8da0,parts,one_internal_exact,HEOF,HEOF,1,0,THEOFAR,THEOFAR,base,single_word,development
partial_56eaae0f7dcebb21,parts,full_name_two_parts,RILAS TILACNILAUDE,RILAS;TILACNILAUDE,2,0,RILASTIL,RILASTILACNILAUDE,base,multi_word,development
partial_5708f16799c460eb,parts,full_name_two_parts,CIDO CETINESUCCINATE,CIDO;CETINESUCCINATE,2,0,CIDOCETINE,CIDOCETINESUCCINATE,base,multi_word,development
partial_571eabab46ac8c7e,parts,full_name_two_parts,CID AL,CID;AL,2,0,CIDAL,CIDAL,base,single_word,holdout
partial_573513e0307a1777,parts,full_name_two_parts,NE WPIXHAIR,NE;WPIXHAIR,2,0,NEWPIX HAIR,NEWPIXHAIR,base,multi_word,development
partial_5740f9da89734b7f,parts,full_name_two_parts,REF LUXALIN,REF;LUXALIN,2,0,REFLUXALIN,REFLUXALIN,base,single_word,holdout
partial_574e2ed0ea760f2d,parts,full_name_two_parts,HEPTAP ANTHENOLRICHBODY,HEPTAP;ANTHENOLRICHBODY,2,0,HEPTA,HEPTAPANTHENOLRICHBODY,base,multi_word,development
partial_5751cb9c963c9583,parts,full_name_two_parts,METHY LDOPA,METHY;LDOPA,2,0,METHYLDOPA,METHYLDOPA,base,single_word,holdout
partial_5753902f05713ae7,parts,full_name_two_parts,TEL FAST,TEL;FAST,2,0,TELFAST,TELFAST,base,single_word,development
partial_5758ec9cedafdf01,parts,full_name_two_parts,LIDOCAI NE,LIDOCAI;NE,2,0,LIDOCAINE,LIDOCAINE,base,single_word,development
partial_575a3f4a5bfe0202,parts,two_edges_first_typo,BLAC PINE,BLAC;PINE,2,1,BLOCKADIPINE,BLOCKADIPINE,base,single_word,holdout
partial_57719ffd292a8fc4,parts,full_name_two_parts,OPTIC SALINE,OPTIC;SALINE,2,0,OPTIC SALINE,OPTICSALINE,base,multi_word,development
partial_5778fc7ff19facdd,parts,full_name_two_parts,SEBI UMGLOBAL,SEBI;UMGLOBAL,2,0,SEBIUM,SEBIUMGLOBAL,base,multi_word,development
partial_57823dc194345bef,parts,one_internal_typo,NAME,NAME,1,1,SUNNYMEROP,SUNNYMEROP,base,single_word,development
partial_57d002c9bf6181bd,parts,full_name_two_parts,AMPICILLINC ID,AMPICILLINC;ID,2,0,AMPICILLIN,AMPICILLINCID,base,multi_word,development
partial_57d673a08fe041f4,parts,one_prefix_exact,EXAP,EXAP,1,0,EXAPINE,EXAPINE,base,single_word,development
partial_57dcff39eee91462,parts,full_name_two_parts,DEC ENTRIK,DEC;ENTRIK,2,0,DECENTRIK,DECENTRIK,base,single_word,holdout
partial_57f689c2b54a0310,parts,full_name_two_parts,TRIBT ESTONZ,TRIBT;ESTONZ,2,0,TRIBTESTON Z,TRIBTESTONZ,base,multi_word,development
partial_5803e984e59d6e66,parts,full_name_two_parts,LIPIDA LON,LIPIDA;LON,2,0,LIPIDALON,LIPIDALON,base,single_word,development
partial_582b5c1d1341d2dc,parts,full_name_two_parts,COL GIMOR,COL;GIMOR,2,0,COLGIMOR,COLGIMOR,base,single_word,holdout
partial_58341041f861708d,parts,two_edges_second_typo,NUTR MIAG,NUTR;MIAG,2,1,NUTRIVILLE,NUTRIVILLESLIMMING,base,multi_word,development
partial_58363e61e7b6215b,parts,two_edges_second_typo,BIOB ANER,BIOB;ANER,2,1,BIOBLAS,BIOBLASCONDITIONER,base,multi_word,development
partial_5869745984e0ea41,parts,full_name_two_parts,PURIFIEDWATE RUSP44,PURIFIEDWATE;RUSP44,2,0,PURIFIED WATER USP44,PURIFIEDWATERUSP44,base,multi_word,development
partial_58744f4f5d5a3835,parts,full_name_two_parts,ACTIVITAGOLD PROCGEN,ACTIVITAGOLD;PROCGEN,2,0,ACTI VITA GOLD PROCGEN,ACTIVITAGOLDPROCGEN,base,multi_word,holdout
partial_5874adf9afaefe94,parts,full_name_two_parts,THI ORING,THI;ORING,2,0,THIORING,THIORING,base,single_word,development
partial_589b8879f24b1bce,parts,two_edges_exact,FOUR RAND,FOUR;RAND,2,0,FOURBRAND,FOURBRAND,base,single_word,development
partial_589ba2bc784abb1c,parts,full_name_two_parts,GEDO VETE,GEDO;VETE,2,0,GEDOVETE,GEDOVETE,base,single_word,development
partial_58a8a656f332fd43,parts,full_name_two_parts,FA STOFEN,FA;STOFEN,2,0,FASTOFEN,FASTOFEN,base,single_word,development
partial_58c4b9b1a2af8101,parts,full_name_two_parts,TERA SAG,TERA;SAG,2,0,TERASAG,TERASAG,base,single_word,development
partial_58d68ba7b58cd46b,parts,full_name_two_parts,SKINRA MA,SKINRA;MA,2,0,SKINRAMA,SKINRAMA,base,single_word,holdout
partial_58d90b40926d268f,parts,three_ordered_middle_typo,CAL OAA RIX,CAL;OAA;RIX,3,1,CALDIOMATRIX,CALDIOMATRIX,base,single_word,development
partial_58ea9ceec031deef,parts,three_ordered_exact,LUC LUM KIN,LUC;LUM;KIN,3,0,LUCENTE,LUCENTELUMINISKIN,base,multi_word,holdout
partial_591f4a46180a743e,parts,two_edges_second_typo,PHAR COAA,PHAR;COAA,2,1,PHAROCOLA,PHAROCOLA,base,single_word,development
partial_5925468cb863f478,parts,full_name_two_parts,DEXAWE ST,DEXAWE;ST,2,0,DEXAWEST,DEXAWEST,base,single_word,development
partial_592bc379039d661e,parts,two_edges_exact,GERV ZINE,GERV;ZINE,2,0,GERVIZINE,GERVIZINE,base,single_word,development
partial_593bcc239e332a18,parts,two_edges_first_typo,ALOX LUID,ALOX;LUID,2,1,FLOXIA,FLOXIAOSMOSIADEEPMOISTURIZINGFLUID,base,multi_word,development
partial_594848b589b666e9,parts,three_ordered_middle_typo,REJ AMD ACE,REJ;AMD;ACE,3,1,REJUVE,REJUVEMDFACE,base,multi_word,development
partial_5955548bad8655bd,parts,full_name_two_parts,PHARS ERT,PHARS;ERT,2,0,PHARSERT,PHARSERT,base,single_word,holdout
partial_5971ebb70a28b31a,parts,full_name_two_parts,VIT ROCURESOLN,VIT;ROCURESOLN,2,0,VITROCURE SOLN,VITROCURESOLN,base,multi_word,development
partial_597381288648ecb4,parts,two_edges_second_typo,CAST AACO,CAST;AACO,2,1,CASTOR OIL MEPACO,CASTOROILMEPACO,base,multi_word,development
partial_597ecbe2c3900434,parts,full_name_two_parts,PHYSIOMERNASA LASPIRATOR,PHYSIOMERNASA;LASPIRATOR,2,0,PHYSIOMER,PHYSIOMERNASALASPIRATOR,base,multi_word,development
partial_59812d3d6b6fc5c0,parts,full_name_two_parts,TE BOFORTINFORTE,TE;BOFORTINFORTE,2,0,TEBOFORTIN,TEBOFORTINFORTE,base,multi_word,development
partial_59852d930356491b,parts,full_name_two_parts,DUCRAYKERAC NYLCONTROL,DUCRAYKERAC;NYLCONTROL,2,0,DUCRAY,DUCRAYKERACNYLCONTROL,base,multi_word,holdout
partial_59907a0c5a91e50f,parts,full_name_two_parts,PA NTOTRAZOLIN,PA;NTOTRAZOLIN,2,0,PANTOTRAZOLIN,PANTOTRAZOLIN,base,single_word,development
partial_5995989789484dae,parts,two_edges_exact,EURO RAVA,EURO;RAVA,2,0,EURODRAVA,EURODRAVA,base,single_word,holdout
partial_599bfe0e07a98d1d,parts,full_name_two_parts,EPIKA VIT,EPIKA;VIT,2,0,EPIKAVIT,EPIKAVIT,base,single_word,development
partial_59d82c4424f3bc0f,parts,full_name_two_parts,ACC LONG,ACC;LONG,2,0,ACC LONG,ACCLONG,base,multi_word,holdout
partial_59eaacfa64b993e0,parts,full_name_two_parts,OV UPRIMEHGC,OV;UPRIMEHGC,2,0,OVU PRIME HGC,OVUPRIMEHGC,base,multi_word,development
partial_59f2714cec73926a,parts,three_ordered_exact,ORA GIN LEX,ORA;GIN;LEX,3,0,ORANGEDAILY,ORANGEDAILYANTIAGINGRETINOLCOMPLEX,base,multi_word,development
partial_5a06ede29cb5d1a3,parts,full_name_two_parts,REXSOLBODYCON TOURING,REXSOLBODYCON;TOURING,2,0,REXSOL,REXSOLBODYCONTOURING,base,multi_word,holdout
partial_5a0720d1966b244c,parts,two_edges_exact,XEMO MILK,XEMO;MILK,2,0,XEMOSE,XEMOSEMILK,base,multi_word,development
partial_5a18096f0503aff6,parts,full_name_two_parts,ECRINALS TRENTHENING,ECRINALS;TRENTHENING,2,0,ECRINAL,ECRINALSTRENTHENING,base,multi_word,development
partial_5a3f97e83d431d9a,parts,full_name_two_parts,DE RILGY,DE;RILGY,2,0,DERILGY,DERILGY,base,single_word,development
partial_5a54085b0c98eb5e,parts,two_edges_first_typo,NATA AZEN,NATA;AZEN,2,1,NATRISTAZEN,NATRISTAZEN,base,single_word,development
partial_5a567f425583b039,parts,full_name_two_parts,ULTRACAI NE,ULTRACAI;NE,2,0,ULTRACAINE,ULTRACAINE,base,single_word,development
partial_5a70a446ed195a17,parts,full_name_three_parts,OCU ZOL INE,OCU;ZOL;INE,3,0,OCUZOLINE,OCUZOLINE,base,single_word,holdout
partial_5abcb0816a1c03ed,parts,two_edges_second_typo,VITA EAGE,VITA;EAGE,2,1,VITAMERGE,VITAMERGE,family_head,single_word,holdout
partial_5abcfc828272ca6e,parts,full_name_two_parts,AMPICL OX,AMPICL;OX,2,0,AMPICLOX,AMPICLOX,base,single_word,holdout
partial_5ac014e45f683095,parts,full_name_two_parts,RO YAL,RO;YAL,2,0,ROYAL,ROYAL,base,single_word,development
partial_5ae9fe55a6e2bca9,parts,full_name_two_parts,AVENETI NTEDEMULSION,AVENETI;NTEDEMULSION,2,0,AVENE,AVENETINTEDEMULSION,base,multi_word,holdout
partial_5af67bc52e5f2aad,parts,one_suffix_exact,OPIN,OPIN,1,0,BILOPROPIN,BILOPROPIN,base,single_word,development
partial_5b087a01bb80f69c,parts,two_edges_second_typo,METH IDAA,METH;IDAA,2,1,METHYL FOLATE ORCHIDIA,METHYLFOLATEORCHIDIA,base,multi_word,development
partial_5b68dafd721d6fff,parts,full_name_two_parts,AVENEEXTREMELYGENTLE CLEANSER,AVENEEXTREMELYGENTLE;CLEANSER,2,0,AVENE,AVENEEXTREMELYGENTLECLEANSER,base,multi_word,holdout
partial_5b7e9a329c80c5d7,parts,full_name_three_parts,STARVILLE WHITENING NIGHTCARE,STARVILLE;WHITENING;NIGHTCARE,3,0,STARVILLE,STARVILLEWHITENINGNIGHTCARE,base,multi_word,development
partial_5b83a1289a1ab48c,parts,full_name_two_parts,SOLPA DOL,SOLPA;DOL,2,0,SOLPADOL,SOLPADOL,base,single_word,holdout
partial_5b87084833a9e7ca,parts,one_internal_typo,KROA,KROA,1,1,SKROFAD,SKROFAD,base,single_word,development
partial_5ba1fdb40d32a52c,parts,full_name_two_parts,TFP EA,TFP;EA,2,0,TF PEA,TFPEA,base,multi_word,holdout
partial_5bbfb90757985a81,parts,two_edges_second_typo,PRES AFIT,PRES;AFIT,2,1,PRESTIGE FIT,PRESTIGEFIT,base,multi_word,development
partial_5bccd1a72034aa30,parts,full_name_two_parts,DICLONATR IUM,DICLONATR;IUM,2,0,DICLONATRIUM,DICLONATRIUM,base,single_word,development
partial_5bf4a550a8de6c6e,parts,full_name_two_parts,ALBUSTI XD,ALBUSTI;XD,2,0,ALBUSTIX,ALBUSTIXD,base,multi_word,development
partial_5c1a81d4ad84ca20,parts,full_name_two_parts,HEPTAPANTHENOLCARBAMIDEB ODY,HEPTAPANTHENOLCARBAMIDEB;ODY,2,0,HEPTA,HEPTAPANTHENOLCARBAMIDEBODY,base,multi_word,development
partial_5c4d5ccc0741aa1d,parts,full_name_two_parts,SOL EEMIND,SOL;EEMIND,2,0,SOLEE,SOLEEMIND,base,multi_word,development
partial_5c63a2023233d27b,parts,full_name_two_parts,GEMI QUE,GEMI;QUE,2,0,GEMIQUE,GEMIQUE,base,single_word,development
partial_5c6a8c70326b16d5,parts,one_internal_exact,METR,METR,1,0,DIMETROL,DIMETROL,base,single_word,development
partial_5c8e4755b271150e,parts,full_name_three_parts,FI RHI STA,FI;RHI;STA,3,0,FIRHISTA,FIRHISTA,base,single_word,development
partial_5c977bd365b29c7e,parts,full_name_two_parts,CLARYF RESHSCALPHAIRSCRUB,CLARYF;RESHSCALPHAIRSCRUB,2,0,CLARY,CLARYFRESHSCALPHAIRSCRUB,base,multi_word,development
partial_5cd5ff437e8d249d,parts,two_edges_second_typo,BRIT LASB,BRIT;LASB,2,1,BRITALO,BRITALOSB,base,multi_word,development
partial_5cd7fc448f18a631,parts,full_name_two_parts,VERN ABEAUTKA,VERN;ABEAUTKA,2,0,VERNA BEAUTKA,VERNABEAUTKA,base,multi_word,development
partial_5ce782127b2c9844,parts,full_name_two_parts,RED UCOL,RED;UCOL,2,0,REDUCOL,REDUCOL,base,single_word,holdout
partial_5cfc154884bbeb33,parts,full_name_two_parts,SUNSENSEAFTERSUNCO OLINGCREME,SUNSENSEAFTERSUNCO;OLINGCREME,2,0,SUNSENSE,SUNSENSEAFTERSUNCOOLINGCREME,base,multi_word,development
partial_5d27d817841bdf66,parts,full_name_two_parts,ECTONEXADULT SNASAL,ECTONEXADULT;SNASAL,2,0,ECTONEX,ECTONEXADULTSNASAL,base,multi_word,development
partial_5d2f747c39cfdf34,parts,full_name_two_parts,HYSEAC RESTRUCTURINGCARE,HYSEAC;RESTRUCTURINGCARE,2,0,HYSEAC,HYSEACRESTRUCTURINGCARE,base,multi_word,holdout
partial_5d32956347d6862a,parts,two_edges_first_typo,VARD ORTE,VARD;ORTE,2,1,VERDEX,VERDEXHAIRFORTE,base,multi_word,development
partial_5d3451d6e2df75d1,parts,full_name_two_parts,ISOD ENSE,ISOD;ENSE,2,0,ISODENSE,ISODENSE,base,single_word,development
partial_5d34a94ad2fc20de,parts,one_prefix_exact,FRUT,FRUT,1,0,FRUTI KREM CEREAL MILK,FRUTIKREMCEREALMILK,base,multi_word,development
partial_5d4834a6e132c149,parts,full_name_two_parts,CURAZONAAN TIHAIRLOSSMD,CURAZONAAN;TIHAIRLOSSMD,2,0,CURA ZONA ANTI HAIR LOSS MD,CURAZONAANTIHAIRLOSSMD,base,multi_word,development
partial_5d53b1b3c794ff70,parts,full_name_two_parts,GLI PTALINA,GLI;PTALINA,2,0,GLIPTALINA,GLIPTALINA,base,single_word,development
partial_5d9d937c05c09acf,parts,two_edges_second_typo,CLAR YAIN,CLAR;YAIN,2,1,CLARIMYCIN,CLARIMYCIN,base,single_word,development
partial_5db5835acd80d13f,parts,full_name_two_parts,LINO TAPY,LINO;TAPY,2,0,LINOTAPY,LINOTAPY,base,single_word,development
partial_5ddb4ea33dceff62,parts,full_name_two_parts,BABYR EST,BABYR;EST,2,0,BABY REST,BABYREST,base,multi_word,development
partial_5dea95de9f412ae2,parts,full_name_two_parts,CAND EPRESSIN,CAND;EPRESSIN,2,0,CANDEPRESSIN,CANDEPRESSIN,base,single_word,development
partial_5df176921f2df02a,parts,full_name_two_parts,CA LPREG,CA;LPREG,2,0,CAL PREG,CALPREG,base,multi_word,development
partial_5e022f6f4c09f385,parts,full_name_two_parts,IVATHERMI VAPURAAKNESYT,IVATHERMI;VAPURAAKNESYT,2,0,IVATHERM,IVATHERMIVAPURAAKNESYT,base,multi_word,development
partial_5e0c62f29512a87a,parts,two_edges_first_typo,AVEA LMAD,AVEA;LMAD,2,1,AVENE,AVENEXERACALMAD,base,multi_word,holdout
partial_5e1b133923d9b2fb,parts,full_name_two_parts,NUXEREVEDEMIELULTRACOMFORTINGNIGHT FACE,NUXEREVEDEMIELULTRACOMFORTINGNIGHT;FACE,2,0,NUXE REVE DE MIEL ULTRA COMFORTING NIGHT FACE,NUXEREVEDEMIELULTRACOMFORTINGNIGHTFACE,base,multi_word,development
partial_5e1f82e7acdbdb54,parts,full_name_three_parts,CIP ROCI NORO,CIP;ROCI;NORO,3,0,CIPROCINORO,CIPROCINORO,base,single_word,development
partial_5e2a038535ce48c7,parts,full_name_two_parts,BEESLINEDEOWHITENING INVISIBLETOUCH,BEESLINEDEOWHITENING;INVISIBLETOUCH,2,0,BEESLINE,BEESLINEDEOWHITENINGINVISIBLETOUCH,base,multi_word,holdout
partial_5e39c4d5c901e56e,parts,full_name_two_parts,TOPICREMACCOMPENSA TINGMOISTURIZING,TOPICREMACCOMPENSA;TINGMOISTURIZING,2,0,TOPICREM,TOPICREMACCOMPENSATINGMOISTURIZING,base,multi_word,holdout
partial_5e52db0a22ecc284,parts,full_name_two_parts,SALM ETOCORT,SALM;ETOCORT,2,0,SALMETOCORT,SALMETOCORT,base,single_word,holdout
partial_5e535ac3d0ae3f67,parts,full_name_two_parts,ACTIVEMANNATURESA ID,ACTIVEMANNATURESA;ID,2,0,ACTIVE MAN NATURES AID,ACTIVEMANNATURESAID,base,multi_word,development
partial_5e5fee11f2a7b94a,parts,full_name_two_parts,IVYGR INTA,IVYGR;INTA,2,0,IVY GRINTA,IVYGRINTA,base,multi_word,development
partial_5eaa6078614be331,parts,full_name_two_parts,LEAPOGENCOLLAGENCO LOSTRUM,LEAPOGENCOLLAGENCO;LOSTRUM,2,0,LEAPOGEN COLLAGEN COLOSTRUM,LEAPOGENCOLLAGENCOLOSTRUM,base,multi_word,development
partial_5ee8a3826070fd75,parts,three_ordered_exact,CAL EPA INE,CAL;EPA;INE,3,0,CAL HEPARINE,CALHEPARINE,base,multi_word,development
partial_5f1a4ce299797a11,parts,full_name_two_parts,ERYTHROP RIMDRY,ERYTHROP;RIMDRY,2,0,ERYTHROPRIM,ERYTHROPRIMDRY,base,multi_word,development
partial_5f2c80ba30dca291,parts,full_name_two_parts,WEL LFEMMESTRETCHMARK,WEL;LFEMMESTRETCHMARK,2,0,WELLFEMME,WELLFEMMESTRETCHMARK,base,multi_word,development
partial_5f300269fa72a95a,parts,full_name_two_parts,MADDOXMULTIVIT AMIN,MADDOXMULTIVIT;AMIN,2,0,MADDOX,MADDOXMULTIVITAMIN,base,multi_word,development
partial_5f32c4eac6e5e86d,parts,full_name_two_parts,AGERA ACNE,AGERA;ACNE,2,0,AGERA,AGERAACNE,base,multi_word,holdout
partial_5f33af3e5fb77ceb,parts,full_name_two_parts,BENEG AST,BENEG;AST,2,0,BENEGAST,BENEGAST,base,single_word,development
partial_5f475bf8e0ba9f2d,parts,full_name_two_parts,HIDRASECCH ILDREN,HIDRASECCH;ILDREN,2,0,HIDRASEC,HIDRASECCHILDREN,base,multi_word,development
partial_5f551b9f71d0e39f,parts,one_internal_exact,ELUM,ELUM,1,0,LUCENTE,LUCENTELUMINIBODY,base,multi_word,holdout
partial_5f5c73bb906ff7b0,parts,full_name_two_parts,BABYST EPSGOATMILKFOLLOWONFORMULASTAGE,BABYST;EPSGOATMILKFOLLOWONFORMULASTAGE,2,0,STEPS,BABYSTEPSGOATMILKFOLLOWONFORMULASTAGE,base,multi_word,holdout
partial_5f65fffefbb331fd,parts,full_name_two_parts,TEGR APIN,TEGR;APIN,2,0,TEGRAPIN,TEGRAPIN,base,single_word,development
partial_5f92a9169cc9a3d5,parts,full_name_two_parts,GREENL EANZINC,GREENL;EANZINC,2,0,GREEN,GREENLEANZINC,base,multi_word,development
partial_5fa0752c0d009be5,parts,full_name_two_parts,MASHSUNSC REENTINTEDFOUNDATION,MASHSUNSC;REENTINTEDFOUNDATION,2,0,MASH SUNSCREEN TINTED FOUNDATION,MASHSUNSCREENTINTEDFOUNDATION,base,multi_word,development
partial_5fada149d63e398e,parts,two_edges_second_typo,NONO ATEA,NONO;ATEA,2,1,NONO WATER,NONOWATER,base,multi_word,development
partial_5fafa616cce5455e,parts,two_edges_exact,TEAR RALE,TEAR;RALE,2,0,TEARS NATURALE,TEARSNATURALE,base,multi_word,development
partial_5fb508218f443ab3,parts,full_name_three_parts,INTEGRAD OEXTRAHA IRGROWTH,INTEGRAD;OEXTRAHA;IRGROWTH,3,0,INTEGRADO,INTEGRADOEXTRAHAIRGROWTH,base,multi_word,development
partial_5fc9aa5142c04c88,parts,one_internal_exact,ALCI,ALCI,1,0,CALCID,CALCID,base,single_word,holdout
partial_5fcd4e66c89f6e1e,parts,two_edges_exact,TROP STEN,TROP;STEN,2,0,TROPIRESTEN,TROPIRESTEN,base,single_word,development
partial_5fd16452458e81ae,parts,full_name_two_parts,ARGIDER MP,ARGIDER;MP,2,0,ARGIDERM P,ARGIDERMP,base,multi_word,development
partial_5fd7f01d6850938f,parts,full_name_two_parts,MARNYSNEO CARBON,MARNYSNEO;CARBON,2,0,MARNYS,MARNYSNEOCARBON,base,multi_word,development
partial_5fdc86d9cf34f851,parts,full_name_two_parts,SENSITE LIAL,SENSITE;LIAL,2,0,SENSITELIAL,SENSITELIAL,base,single_word,development
partial_5fdec362ef407d1a,parts,full_name_two_parts,DOBUTAMINE MYLAN,DOBUTAMINE;MYLAN,2,0,DOBUTAMINE MYLAN,DOBUTAMINEMYLAN,base,multi_word,development
partial_5fed658b5f48f0d0,parts,full_name_two_parts,LACTOE GY,LACTOE;GY,2,0,LACTOEGY,LACTOEGY,base,single_word,development
partial_6008c53d981c69a2,parts,full_name_two_parts,EPIZOLON EDEPOT,EPIZOLON;EDEPOT,2,0,EPIZOLONE DEPOT,EPIZOLONEDEPOT,base,multi_word,holdout
partial_60095c50bbd8841a,parts,two_edges_first_typo,AONG OSIN,AONG;OSIN,2,1,CONGDOSIN,CONGDOSIN,base,single_word,development
partial_600dfbfdec977baf,parts,full_name_two_parts,TRY PSIBROME,TRY;PSIBROME,2,0,TRYPSIBROM E,TRYPSIBROME,base,multi_word,development
partial_6011df9ebe0471fa,parts,full_name_two_parts,NORMOT ENSIL,NORMOT;ENSIL,2,0,NORMOTENSIL,NORMOTENSIL,base,single_word,development
partial_6015137664621d65,parts,one_suffix_exact,ESAR,ESAR,1,0,CANDESAR,CANDESAR,base,single_word,development
partial_602a4fd1ac863186,parts,full_name_two_parts,LUMINADVANCED HAIR,LUMINADVANCED;HAIR,2,0,LUMIN ADVANCED HAIR,LUMINADVANCEDHAIR,base,multi_word,development
partial_603d0bddae6151cc,parts,full_name_two_parts,ANTHELIOSXLSPFT INTEDFLUID,ANTHELIOSXLSPFT;INTEDFLUID,2,0,ANTHELIOS,ANTHELIOSXLSPFTINTEDFLUID,base,multi_word,development
partial_60464a1bdea4d52c,parts,full_name_two_parts,DESPRUD ERM,DESPRUD;ERM,2,0,DESPRUDERM,DESPRUDERM,base,single_word,development
partial_605020812979e811,parts,full_name_two_parts,NER VIVOXPREG,NER;VIVOXPREG,2,0,NERVIVOX PREG,NERVIVOXPREG,base,multi_word,development
partial_6064af2cc57dcf59,parts,full_name_three_parts,RILASTIL TOPYLAUDE OMEGAMILK,RILASTIL;TOPYLAUDE;OMEGAMILK,3,0,RILASTIL,RILASTILTOPYLAUDEOMEGAMILK,base,multi_word,development
partial_607e93af608e2a42,parts,one_suffix_exact,OHOP,OHOP,1,0,ICOHOP,ICOHOP,base,single_word,development
partial_60855a49b9b61699,parts,two_edges_exact,PLAQ ENIL,PLAQ;ENIL,2,0,PLAQUENIL,PLAQUENIL,base,single_word,holdout
partial_608f6651effadbd5,parts,full_name_two_parts,IS OTRETAM,IS;OTRETAM,2,0,ISOTRETAM,ISOTRETAM,base,single_word,development
partial_609063c3fab374d2,parts,full_name_two_parts,PEND ULINEKIDSHAIR,PEND;ULINEKIDSHAIR,2,0,PENDULINE,PENDULINEKIDSHAIR,base,multi_word,development
partial_60947516dc5cd886,parts,full_name_two_parts,MOS APRIDE,MOS;APRIDE,2,0,MOSAPRIDE,MOSAPRIDE,base,single_word,holdout
partial_609c1a456c16c7a9,parts,one_internal_exact,NSIT,NSIT,1,0,DENSITIN,DENSITIN,base,single_word,development
partial_60da9b879e8a018d,parts,one_suffix_exact,RLOC,RLOC,1,0,PERLOC,PERLOC,base,single_word,development
partial_60e922ef38e09f71,parts,full_name_two_parts,SINOMARI NCOLDFLUNASAL,SINOMARI;NCOLDFLUNASAL,2,0,SINOMARIN,SINOMARINCOLDFLUNASAL,base,multi_word,development
partial_611379192fe10e42,parts,full_name_two_parts,GASTRO LOC,GASTRO;LOC,2,0,GASTROLOC,GASTROLOC,base,single_word,development
partial_611699a99c6fe218,parts,full_name_three_parts,UNI BIO TIC,UNI;BIO;TIC,3,0,UNIBIOTIC,UNIBIOTIC,base,single_word,development
partial_6130fa51ab6cc59c,parts,full_name_two_parts,IS OLEUVAL,IS;OLEUVAL,2,0,ISOLEUVAL,ISOLEUVAL,base,single_word,development
partial_6144cf9c24994da8,parts,full_name_two_parts,TOLEENANT ISEPTIC,TOLEENANT;ISEPTIC,2,0,TOLEEN ANTISEPTIC,TOLEENANTISEPTIC,base,multi_word,development
partial_6154774a68056704,parts,three_ordered_exact,MUR EZN SAL,MUR;EZN;SAL,3,0,MURNEZ NASAL,MURNEZNASAL,base,multi_word,development
partial_61cb8201755637e7,parts,full_name_two_parts,TERBECO MASIL,TERBECO;MASIL,2,0,TERBECOMASIL,TERBECOMASIL,base,single_word,development
partial_61f62a18f7c5c499,parts,full_name_two_parts,PARAV ESENT,PARAV;ESENT,2,0,PARAVESENT,PARAVESENT,base,single_word,development
partial_62423cfdc13723aa,parts,three_ordered_middle_typo,DOZ EFL ETA,DOZ;EFL;ETA,3,1,DOZOVA,DOZOVAFLEXETA,base,multi_word,development
partial_624d0eae035ea321,parts,full_name_two_parts,SAN SOCOLLAGENFIT,SAN;SOCOLLAGENFIT,2,0,SANSO,SANSOCOLLAGENFIT,base,multi_word,development
partial_6254b5c31e134734,parts,one_internal_exact,MONF,MONF,1,0,ISIS CINNAMON FILTER BAGS,ISISCINNAMONFILTERBAGS,base,multi_word,development
partial_62660cc4e439862f,parts,one_suffix_exact,EPTA,EPTA,1,0,FERTACEPTA,FERTACEPTA,base,single_word,development
partial_6291e6ea9e004f9b,parts,full_name_two_parts,GENES UPERBCOMPLEX,GENES;UPERBCOMPLEX,2,0,GENESUPER B COMPLEX,GENESUPERBCOMPLEX,base,multi_word,holdout
partial_62a4bd612742cd66,parts,two_edges_second_typo,LIVI SAAE,LIVI;SAAE,2,1,LIVIACOOL MASSAGE,LIVIACOOLMASSAGE,base,multi_word,development
partial_62b03f80cc9581dc,parts,full_name_two_parts,BLUE KANZA,BLUE;KANZA,2,0,BLUEKANZA,BLUEKANZA,base,single_word,holdout
partial_62b120c423f77f97,parts,full_name_two_parts,CALCIP CORT,CALCIP;CORT,2,0,CALCIPCORT,CALCIPCORT,base,single_word,development
partial_62b6f408ee085e10,parts,full_name_two_parts,NERVOT ER,NERVOT;ER,2,0,NERVOTER,NERVOTER,base,single_word,development
partial_62ddd77b6093810d,parts,full_name_two_parts,PEMETREXEDSYNT HON,PEMETREXEDSYNT;HON,2,0,PEMETREXED SYNTHON,PEMETREXEDSYNTHON,base,multi_word,development
partial_62e0daecb723ed88,parts,full_name_two_parts,MEROSTARK YL,MEROSTARK;YL,2,0,MEROSTARKYL,MEROSTARKYL,base,single_word,development
partial_62e32362740b239a,parts,full_name_two_parts,ME ANINGORE,ME;ANINGORE,2,0,MEANINGORE,MEANINGORE,base,single_word,development
partial_62e913e3950df1fd,parts,one_internal_typo,LAOV,LAOV,1,1,CALIOVANY,CALIOVANY,base,single_word,development
partial_62e9cb01cb77eac3,parts,full_name_two_parts,BI OTIN,BI;OTIN,2,0,BIOTIN,BIOTIN,base,single_word,development
partial_630fe91dd153ba77,parts,two_edges_second_typo,ROFE AA3M,ROFE;AA3M,2,1,ROFERON A 3M,ROFERONA3M,base,multi_word,development
partial_631a0dd3ff560b92,parts,full_name_two_parts,DICLONER VE,DICLONER;VE,2,0,DICLONERVE,DICLONERVE,base,single_word,development
partial_63407836438474fc,parts,two_edges_first_typo,TURA ITRA,TURA;ITRA,2,1,TURBO VITRA,TURBOVITRA,base,multi_word,development
partial_634a3d8ceb3bd270,parts,one_internal_exact,TAGL,TAGL,1,0,DELTAGLIPT,DELTAGLIPT,base,single_word,development
partial_636f6c475f4c09ef,parts,full_name_two_parts,ZAD OGLOBIN,ZAD;OGLOBIN,2,0,ZADOGLOBIN,ZADOGLOBIN,base,single_word,development
partial_6384a3015bab253a,parts,three_ordered_middle_typo,FLO AEN ING,FLO;AEN;ING,3,1,FLOXIA,FLOXIAREGENIAGENTLECLEANSING,base,multi_word,development
partial_6393689a3a191f9f,parts,one_prefix_exact,EMOR,EMOR,1,0,EMOROTO,EMOROTO,base,single_word,holdout
partial_6397549498e52af0,parts,full_name_two_parts,TOPOPRAZ AN,TOPOPRAZ;AN,2,0,TOPOPRAZAN,TOPOPRAZAN,base,single_word,development
partial_63a3ff2e56c51a03,parts,one_prefix_grapheme,PRESR,PRESR,1,0,PRESSROL,PRESSROL,base,single_word,holdout
partial_63be9f710dfcec0e,parts,three_ordered_exact,PRO INE OOL,PRO;INE;OOL,3,0,PRO LINE COOL,PROLINECOOL,base,multi_word,development
partial_63c349fc90839c8a,parts,two_edges_second_typo,BEAU CAAE,BEAU;CAAE,2,1,BEAUTICARE,BEAUTICARE,base,single_word,development
partial_63eaaabdeec4f9dc,parts,full_name_two_parts,ELIXAGEMAS SAGE,ELIXAGEMAS;SAGE,2,0,ELIXAGE MASSAGE,ELIXAGEMASSAGE,base,multi_word,development
partial_63ef29ad09a90de4,parts,one_internal_exact,HAPO,HAPO,1,0,ALPHAPOLIC H,ALPHAPOLICH,base,multi_word,holdout
partial_63f0a738155990fa,parts,full_name_two_parts,BORGASTA TIN,BORGASTA;TIN,2,0,BORGASTATIN,BORGASTATIN,base,single_word,development
partial_6426840d26e2a582,parts,full_name_two_parts,TEDAVIRESTMASSA GE,TEDAVIRESTMASSA;GE,2,0,TEDAVI REST MASSAGE,TEDAVIRESTMASSAGE,base,multi_word,development
partial_64524c3a2858a7b2,parts,full_name_two_parts,CHARCL ONEADVANCE,CHARCL;ONEADVANCE,2,0,CHARCLONE,CHARCLONEADVANCE,base,multi_word,development
partial_6456b164623fcfe8,parts,full_name_two_parts,DERM ACLINICRIMYSTRETCHMARK,DERM;ACLINICRIMYSTRETCHMARK,2,0,DERMA,DERMACLINICRIMYSTRETCHMARK,base,multi_word,development
partial_64622f782da0d9ce,parts,full_name_two_parts,AMLOSTER OLEN,AMLOSTER;OLEN,2,0,AMLOSTEROLEN,AMLOSTEROLEN,base,single_word,development
partial_647abf8bebdf7b2f,parts,full_name_two_parts,PROMOS TATIN,PROMOS;TATIN,2,0,PROMOSTATIN,PROMOSTATIN,base,single_word,development
partial_648ca5de85f5f238,parts,full_name_two_parts,PLUCEF OX,PLUCEF;OX,2,0,PLUCEFOX,PLUCEFOX,base,single_word,development
partial_648ce333b3da05ee,parts,full_name_two_parts,SPECTRA LCSFHAIRSTIMULATINGWOMEN,SPECTRA;LCSFHAIRSTIMULATINGWOMEN,2,0,SPECTRAL,SPECTRALCSFHAIRSTIMULATINGWOMEN,base,multi_word,holdout
partial_6498ec48f343de5b,parts,one_prefix_exact,ORAF,ORAF,1,0,ORA FREE,ORAFREE,base,multi_word,development
partial_64b492bfb90c05b1,parts,full_name_two_parts,ASM OLIN,ASM;OLIN,2,0,ASMOLIN,ASMOLIN,base,single_word,development
partial_64f5b9eac4d43668,parts,full_name_two_parts,SPIR ITOMEGA,SPIR;ITOMEGA,2,0,SPIRITOMEGA,SPIRITOMEGA,base,single_word,development
partial_6526945c71e07fd2,parts,full_name_two_parts,PAN OVENEMOLLIENT,PAN;OVENEMOLLIENT,2,0,PANOVEN,PANOVENEMOLLIENT,base,multi_word,holdout
partial_65325852b6fea71a,parts,three_ordered_exact,REE CEP ING,REE;CEP;ING,3,0,REEVE FACE PEELING,REEVEFACEPEELING,base,multi_word,development
partial_65345e6e04cdb20b,parts,full_name_two_parts,NEUPOGEN30M IU,NEUPOGEN30M;IU,2,0,NEUPOGEN 30MIU,NEUPOGEN30MIU,base,multi_word,holdout
partial_653bb78eaec5135d,parts,full_name_two_parts,CAPOM EGA,CAPOM;EGA,2,0,CAPOMEGA,CAPOMEGA,base,single_word,development
partial_6547043f888249bb,parts,full_name_three_parts,COLIS TINSU LPHATE,COLIS;TINSU;LPHATE,3,0,COLISTIN,COLISTINSULPHATE,base,multi_word,development
partial_657c4c20604af7db,parts,full_name_two_parts,VILLA BORGHINISEBUMEQUALIZING,VILLA;BORGHINISEBUMEQUALIZING,2,0,VILLA,VILLABORGHINISEBUMEQUALIZING,base,multi_word,development
partial_658f0c253adea71f,parts,full_name_two_parts,DTVACCINEDIPHTERIATO XOIDTETANUSTOXOID,DTVACCINEDIPHTERIATO;XOIDTETANUSTOXOID,2,0,VACCINE,DTVACCINEDIPHTERIATOXOIDTETANUSTOXOID,base,multi_word,development
partial_65a57891faffbdeb,parts,full_name_two_parts,CONC ENTRATEDHAEMODIALYSISACIDICB4BP,CONC;ENTRATEDHAEMODIALYSISACIDICB4BP,2,0,CONCENTRATED,CONCENTRATEDHAEMODIALYSISACIDICB4BP,base,multi_word,development
partial_65a7ce936acc1129,parts,full_name_two_parts,CALL IDERM,CALL;IDERM,2,0,CALLIDERM,CALLIDERM,family_head,single_word,development
partial_65c137597bcf56ee,parts,full_name_two_parts,MICO NAZ,MICO;NAZ,2,0,MICONAZ,MICONAZ,base,single_word,development
partial_65ffd5279b72c3c6,parts,full_name_two_parts,CAL CITOZINC,CAL;CITOZINC,2,0,CALCITO ZINC,CALCITOZINC,base,multi_word,holdout
partial_661dfbdb99c57337,parts,full_name_three_parts,BES TOS TARK,BES;TOS;TARK,3,0,BESTO STARK,BESTOSTARK,base,multi_word,development
partial_66335560f4f6a9d5,parts,full_name_two_parts,RINGERLACTAT ECOMPOUNDSODIUMLACTATEMOTTAHEDOON,RINGERLACTAT;ECOMPOUNDSODIUMLACTATEMOTTAHEDOON,2,0,RINGER,RINGERLACTATECOMPOUNDSODIUMLACTATEMOTTAHEDOON,base,multi_word,development
partial_6634f2bcc6b7a1b6,parts,full_name_two_parts,EFUC ISAN,EFUC;ISAN,2,0,EFUCISAN,EFUCISAN,base,single_word,development
partial_6636045853557b31,parts,full_name_two_parts,ECRI NALANP40,ECRI;NALANP40,2,0,ECRINAL,ECRINALANP40,base,multi_word,development
partial_6645fe7eeebf618f,parts,full_name_two_parts,VITALOXMAGN ESIUM,VITALOXMAGN;ESIUM,2,0,VITALOX,VITALOXMAGNESIUM,base,multi_word,development
partial_6648b2ec80369123,parts,one_internal_typo,LAIV,LAIV,1,1,MISHA MULTIVITAMINS,MISHAMULTIVITAMINS,base,multi_word,development
partial_66598871a8fd7c9c,parts,full_name_two_parts,BLENDR AMF,BLENDR;AMF,2,0,BLENDRA MF,BLENDRAMF,base,multi_word,development
partial_666626be04f880c8,parts,full_name_two_parts,AVENEGENTLEPURIFYINGSC RUB,AVENEGENTLEPURIFYINGSC;RUB,2,0,AVENE,AVENEGENTLEPURIFYINGSCRUB,base,multi_word,holdout
partial_6675dd63b4eeb0c4,parts,three_ordered_middle_typo,LEV ALC SNA,LEV;ALC;SNA,3,1,LEVEMIR,LEVEMIRPENFILLCARTRIDGESNA,base,multi_word,development
partial_667d06aee8ad5dce,parts,full_name_two_parts,SYNOVITAM IN,SYNOVITAM;IN,2,0,SYNO VITAMIN,SYNOVITAMIN,base,multi_word,development
partial_6681c7408f313a7f,parts,full_name_two_parts,AZAD ERM,AZAD;ERM,2,0,AZADERM,AZADERM,base,single_word,holdout
partial_668aae371fa6beed,parts,two_edges_second_typo,OLOP AAAL,OLOP;AAAL,2,1,OLOPTASONE NASAL,OLOPTASONENASAL,base,multi_word,development
partial_66a6f4f97f551b78,parts,full_name_three_parts,COMB ISOF TACNE,COMB;ISOF;TACNE,3,0,COMBI SOFT ACNE,COMBISOFTACNE,base,multi_word,holdout
partial_66dc0c0dd2f1c773,parts,full_name_two_parts,SWA SMILE,SWA;SMILE,2,0,SWASMILE,SWASMILE,base,single_word,development
partial_66ee9005f212ba83,parts,full_name_two_parts,NUXENUXELLENCEEC LAT,NUXENUXELLENCEEC;LAT,2,0,NUXE NUXELLENCE ECLAT,NUXENUXELLENCEECLAT,base,multi_word,development
partial_66ef6f655cf86115,parts,full_name_two_parts,DA PAGLIF,DA;PAGLIF,2,0,DAPAGLIF,DAPAGLIF,base,single_word,holdout
partial_670c775657925f99,parts,three_ordered_exact,SUP SDE ING,SUP;SDE;ING,3,0,SUPERKIDS,SUPERKIDSDETANGLING,base,multi_word,development
partial_67155a79fb7bb66f,parts,full_name_two_parts,ETOPO SIDE,ETOPO;SIDE,2,0,ETOPOSIDE,ETOPOSIDE,base,single_word,holdout
partial_671a86e6c05f2e93,parts,full_name_two_parts,PR IDOCAINE,PR;IDOCAINE,2,0,PRIDOCAINE,PRIDOCAINE,base,single_word,holdout
partial_671f009a65e554bb,parts,full_name_two_parts,PERFEC TIL,PERFEC;TIL,2,0,PERFECTIL,PERFECTIL,family_head,single_word,development
partial_6726b78dac5b4156,parts,full_name_two_parts,RELACOMPMAS SAGE,RELACOMPMAS;SAGE,2,0,RELACOMP MASSAGE,RELACOMPMASSAGE,base,multi_word,development
partial_675174bce24ec3a3,parts,two_edges_first_typo,FLOA KSET,FLOA;KSET,2,1,FLOCARE,FLOCAREUNIVERSALPACKSET,base,multi_word,development
partial_676e790c02aeb678,parts,full_name_two_parts,SOLODINEANTISE PTICSOLN,SOLODINEANTISE;PTICSOLN,2,0,SOLODINE ANTISEPTIC SOLN,SOLODINEANTISEPTICSOLN,base,multi_word,development
partial_679b2e236d4c5c06,parts,full_name_two_parts,DERMACLINICANTIWRINKL ES,DERMACLINICANTIWRINKL;ES,2,0,DERMA,DERMACLINICANTIWRINKLES,base,multi_word,development
partial_67d7baf172b25f80,parts,full_name_two_parts,WHITE OBJECTIVELIGHTENING,WHITE;OBJECTIVELIGHTENING,2,0,WHITE,WHITEOBJECTIVELIGHTENING,base,multi_word,holdout
partial_67d899d5f0611a03,parts,full_name_two_parts,MON CALCHOCOLATEPIECES,MON;CALCHOCOLATEPIECES,2,0,MONCAL CHOCOLATE PIECES,MONCALCHOCOLATEPIECES,base,multi_word,development
partial_67d9b06c6cc18a0d,parts,full_name_two_parts,DIE TBOOSTER,DIE;TBOOSTER,2,0,DIET BOOSTER,DIETBOOSTER,base,multi_word,development
partial_67f06da49b7dd9de,parts,two_edges_first_typo,PHAA RAGE,PHAA;RAGE,2,1,PHARMACERIS,PHARMACERISMILDFLUIDFOUNDATIONSPF20BRONZEINTENSECOVERAGE,base,multi_word,development
partial_68692ae8358aa344,parts,full_name_two_parts,ACET ASEE,ACET;ASEE,2,0,ACETASEE,ACETASEE,base,single_word,development
partial_6886ad512b47a460,parts,full_name_two_parts,KOATE DVI,KOATE;DVI,2,0,KOATE DVI,KOATEDVI,base,multi_word,development
partial_6888d509bbbd009e,parts,full_name_two_parts,VARD ANFEMININE,VARD;ANFEMININE,2,0,VARDAN FEMININE,VARDANFEMININE,base,multi_word,development
partial_6895483ca4b1abf6,parts,three_ordered_middle_typo,SPI AAY INM,SPI;AAY;INM,3,1,SPIRAMYCIN M,SPIRAMYCINM,base,multi_word,development
partial_689935ca5cf7dd1a,parts,full_name_two_parts,INTRAPERITO NEALDIALYSISACETATEANHYDROUSDEXTROSE,INTRAPERITO;NEALDIALYSISACETATEANHYDROUSDEXTROSE,2,0,INTRAPERITONEAL DIALYSIS ACETATE ANHYDROUS DEXTROSE,INTRAPERITONEALDIALYSISACETATEANHYDROUSDEXTROSE,base,multi_word,holdout
partial_689c7c37f26da849,parts,full_name_two_parts,GAMPSACTIV ATEDCHARCOAL,GAMPSACTIV;ATEDCHARCOAL,2,0,GAMPS,GAMPSACTIVATEDCHARCOAL,base,multi_word,development
partial_689f14e1e5f1c9ae,parts,full_name_two_parts,CHOLAF LUX,CHOLAF;LUX,2,0,CHOLAFLUX,CHOLAFLUX,base,single_word,development
partial_68a4d3528686aab1,parts,two_edges_first_typo,OMAG NCED,OMAG;NCED,2,1,OMEGA STREM ADVANCED,OMEGASTREMADVANCED,base,multi_word,development
partial_68aa14577f365043,parts,full_name_two_parts,BIOBLASCONDIT IONER,BIOBLASCONDIT;IONER,2,0,BIOBLAS,BIOBLASCONDITIONER,base,multi_word,development
partial_68b0fabdb8e79423,parts,full_name_two_parts,SKINNATRAC LEANSING,SKINNATRAC;LEANSING,2,0,SKINNATRA,SKINNATRACLEANSING,base,multi_word,development
partial_68b9bb6c3eff6e45,parts,full_name_two_parts,PYR AZINAMIDE,PYR;AZINAMIDE,2,0,PYRAZINAMIDE,PYRAZINAMIDE,base,single_word,development
partial_68c5a572be0ae694,parts,two_edges_second_typo,CETR CHEA,CETR;CHEA,2,1,CETRICHEW,CETRICHEW,base,single_word,development
partial_68d4588a63a50713,parts,full_name_two_parts,BLOO DSTOPIX10X20CM,BLOO;DSTOPIX10X20CM,2,0,BLOODSTOP,BLOODSTOPIX10X20CM,base,multi_word,holdout
partial_68e6bd66c2ea7a99,parts,three_ordered_middle_typo,EVE ENT SER,EVE;ENT;SER,3,1,EVERYOUTH,EVERYOUTHDETOXANTIAGINGCLEANSER,base,multi_word,development
partial_68ebbadc6dc8aba2,parts,full_name_two_parts,INFINITYVITAMINEX FOLIATINGCLEANSER,INFINITYVITAMINEX;FOLIATINGCLEANSER,2,0,INFINITY,INFINITYVITAMINEXFOLIATINGCLEANSER,base,multi_word,development
partial_6915cece1a4af74c,parts,two_edges_first_typo,NOAD FLEX,NOAD;FLEX,2,1,NORDITROPIN NORDIFLEX,NORDITROPINNORDIFLEX,base,multi_word,development
partial_694560a3047a078a,parts,full_name_two_parts,PRANDA GLIMMET,PRANDA;GLIMMET,2,0,PRANDAGLIM,PRANDAGLIMMET,base,multi_word,holdout
partial_69566cf1d0307726,parts,full_name_two_parts,VITAMIND3SOFTGE LSNOW,VITAMIND3SOFTGE;LSNOW,2,0,VITAMIN D3 SOFTGELS NOW,VITAMIND3SOFTGELSNOW,base,multi_word,development
partial_696863ee4d3d5159,parts,full_name_two_parts,LUST YMASSAGE,LUST;YMASSAGE,2,0,LUSTY MASSAGE,LUSTYMASSAGE,base,multi_word,development
partial_696f558520edb96f,parts,full_name_two_parts,SUPE RKIDSCURLYREFRESHING,SUPE;RKIDSCURLYREFRESHING,2,0,SUPERKIDS,SUPERKIDSCURLYREFRESHING,base,multi_word,development
partial_6980466dcb935509,parts,one_internal_exact,ELEU,ELEU,1,0,GENELEUKIM,GENELEUKIM,base,single_word,development
partial_699dad88d5fbde64,parts,full_name_two_parts,BEESLINEWHITENINGSENSITIVEZO NE,BEESLINEWHITENINGSENSITIVEZO;NE,2,0,BEESLINE,BEESLINEWHITENINGSENSITIVEZONE,base,multi_word,holdout
partial_69ae85fffcd45478,parts,full_name_two_parts,PHARMACERISSSUNPROTECTIONFAC EBODY,PHARMACERISSSUNPROTECTIONFAC;EBODY,2,0,PHARMACERIS,PHARMACERISSSUNPROTECTIONFACEBODY,base,multi_word,development
partial_69b5d0838f10040e,parts,full_name_two_parts,FARBI CURE,FARBI;CURE,2,0,FARBICURE,FARBICURE,base,single_word,development
partial_69c876a2f64a561a,parts,full_name_two_parts,FERROHEALT HY,FERROHEALT;HY,2,0,FERROHEALTHY,FERROHEALTHY,base,single_word,development
partial_69df88b26259143b,parts,full_name_two_parts,LUT ONE,LUT;ONE,2,0,LUTONE,LUTONE,base,single_word,development
partial_6a2160faf5f141ae,parts,full_name_two_parts,SOLUMARTHAIRPROTEINMASKHAIRGROW THTHICKNESS,SOLUMARTHAIRPROTEINMASKHAIRGROW;THTHICKNESS,2,0,SOLUMART,SOLUMARTHAIRPROTEINMASKHAIRGROWTHTHICKNESS,base,multi_word,development
partial_6a3765f70024f46e,parts,full_name_two_parts,PANADOLS INUSRELIEFPE,PANADOLS;INUSRELIEFPE,2,0,PANADOL,PANADOLSINUSRELIEFPE,base,multi_word,development
partial_6a411c09939ee506,parts,two_edges_exact,AZIN AMON,AZIN;AMON,2,0,AZINDAMON,AZINDAMON,base,single_word,development
partial_6a5d26801d543a17,parts,full_name_two_parts,FIRSTVOCFRIZZCON TROL,FIRSTVOCFRIZZCON;TROL,2,0,FIRSTVOC,FIRSTVOCFRIZZCONTROL,base,multi_word,holdout
partial_6a8e5c0a41756cd4,parts,full_name_two_parts,SHELTERSUNSCREENA QUAFLUID,SHELTERSUNSCREENA;QUAFLUID,2,0,SHELTER SUN SCREEN AQUA FLUID,SHELTERSUNSCREENAQUAFLUID,base,multi_word,development
partial_6ab2d9ea564a1a6e,parts,full_name_two_parts,SPASMOSTE RILE,SPASMOSTE;RILE,2,0,SPASMO STERILE,SPASMOSTERILE,base,multi_word,development
partial_6ab47f6ea5b711df,parts,two_edges_second_typo,VAXI ETRE,VAXI;ETRE,2,1,VAXIGRIP TETRA,VAXIGRIPTETRA,base,multi_word,development
partial_6abb2a3ac1eab4e6,parts,full_name_two_parts,ATRAKT APOSTEPILATIONEMOLLIENT,ATRAKT;APOSTEPILATIONEMOLLIENT,2,0,ATRAKTA,ATRAKTAPOSTEPILATIONEMOLLIENT,base,multi_word,development
partial_6b0e2c7d6950957f,parts,full_name_two_parts,SA NTAHAIRCONDITIONER,SA;NTAHAIRCONDITIONER,2,0,SANTA,SANTAHAIRCONDITIONER,base,multi_word,development
partial_6b18c15305d63feb,parts,full_name_two_parts,WEEDO BONBABY,WEEDO;BONBABY,2,0,WEEDOBON,WEEDOBONBABY,base,multi_word,development
partial_6b345bd53eeee188,parts,full_name_two_parts,OR IAMO,OR;IAMO,2,0,ORIAMO,ORIAMO,base,single_word,development
partial_6b58ba90e2ebde85,parts,two_edges_exact,OZOL MIDE,OZOL;MIDE,2,0,OZOLAMIDE,OZOLAMIDE,base,single_word,holdout
partial_6b5c54790045f1f8,parts,one_internal_typo,AHAD,AHAD,1,1,CEPHADROL,CEPHADROL,base,single_word,holdout
partial_6b5ce91a76714e0b,parts,full_name_two_parts,AVANTGARDEB ABYANTIDANDRUFF,AVANTGARDEB;ABYANTIDANDRUFF,2,0,AVANTGARDE,AVANTGARDEBABYANTIDANDRUFF,base,multi_word,development
partial_6b6bee826fa8859e,parts,full_name_two_parts,FLOXIAOSMOSIAD EEPMOISTURIZINGFLUID,FLOXIAOSMOSIAD;EEPMOISTURIZINGFLUID,2,0,FLOXIA,FLOXIAOSMOSIADEEPMOISTURIZINGFLUID,base,multi_word,development
partial_6b6d8323e59032df,parts,full_name_two_parts,RE CART,RE;CART,2,0,RECART,RECART,base,single_word,holdout
partial_6b9994b30d5aeb5c,parts,one_internal_exact,LGLU,LGLU,1,0,ALFLEXIL GLUCOSAMINE,ALFLEXILGLUCOSAMINE,base,multi_word,development
partial_6b9fe15bab8ca049,parts,two_edges_first_typo,AITE VITA,AITE;VITA,2,1,GOVITA,VITEXTRAGOVITA,base,multi_word,holdout
partial_6bbac088c28b8c91,parts,full_name_two_parts,CLARY SPFHAIRMIST,CLARY;SPFHAIRMIST,2,0,CLARY,CLARYSPFHAIRMIST,base,multi_word,development
partial_6bc713836736afaa,parts,full_name_two_parts,LEVO MAGICTAM,LEVO;MAGICTAM,2,0,LEVOMAGICTAM,LEVOMAGICTAM,base,single_word,development
partial_6bd09dff2d43e028,parts,three_ordered_middle_typo,FOL EFI TED,FOL;EFI;TED,3,1,FOLLIDANZA FILM COATED,FOLLIDANZAFILMCOATED,base,multi_word,development
partial_6bec41174fd8dbd7,parts,full_name_two_parts,CALCIPOHEALCO RT,CALCIPOHEALCO;RT,2,0,CALCIPOHEAL,CALCIPOHEALCORT,base,multi_word,development
partial_6c0f0e3927a1ce4b,parts,two_edges_first_typo,RIAG IPCO,RIAG;IPCO,2,1,RINGER,RINGERACETATEFIPCO,base,multi_word,development
partial_6c285e81687bc62f,parts,full_name_three_parts,ORT HOV ISC,ORT;HOV;ISC,3,0,ORTHOVISC,ORTHOVISC,base,single_word,development
partial_6c2b98b55c2c03ae,parts,full_name_two_parts,BRONCHON EER,BRONCHON;EER,2,0,BRONCHONEER,BRONCHONEER,base,single_word,development
partial_6c2f40b9942a8e4f,parts,full_name_two_parts,APTAMILJUNIORA PTAJUNIORADVANCEPREMIUMMILK,APTAMILJUNIORA;PTAJUNIORADVANCEPREMIUMMILK,2,0,APTAMIL,APTAMILJUNIORAPTAJUNIORADVANCEPREMIUMMILK,base,multi_word,development
partial_6c2ff16c5c3de7e2,parts,full_name_two_parts,IDIZO LE,IDIZO;LE,2,0,IDIZOLE,IDIZOLE,base,single_word,development
partial_6c49ed0d24c6d5fc,parts,full_name_two_parts,TOPICREMACCOMPENSATINGMOIST URIZING,TOPICREMACCOMPENSATINGMOIST;URIZING,2,0,TOPICREM,TOPICREMACCOMPENSATINGMOISTURIZING,base,multi_word,holdout
partial_6c5bd102e359a172,parts,full_name_two_parts,MAR AGOSASHETS,MAR;AGOSASHETS,2,0,MARAGO SASHETS,MARAGOSASHETS,base,multi_word,development
partial_6c72679596a420d8,parts,full_name_two_parts,CORTI PHEN,CORTI;PHEN,2,0,CORTIPHEN,CORTIPHEN,base,single_word,development
partial_6c7bc9f5576cfc99,parts,three_ordered_exact,ANT SPF UID,ANT;SPF;UID,3,0,ANTHELIOS,ANTHELIOSXLSPFTINTEDFLUID,base,multi_word,development
partial_6c9cb79d231311f9,parts,full_name_two_parts,BUTTERFLYIN TIMATE,BUTTERFLYIN;TIMATE,2,0,BUTTERFLY INTIMATE,BUTTERFLYINTIMATE,base,multi_word,holdout
partial_6c9f66d55244f6ae,parts,one_internal_exact,KENI,KENI,1,0,REVIVOGEN,REVIVOGENTHICKENINGCONDITIONER,base,multi_word,development
partial_6caad5e2a678363b,parts,full_name_two_parts,CLEAR AIR,CLEAR;AIR,2,0,CLEAR AIR,CLEARAIR,base,multi_word,holdout
partial_6cb12fa6f984c455,parts,full_name_two_parts,SPIRONOLACTONEDE LTA,SPIRONOLACTONEDE;LTA,2,0,SPIRONOLACTONE DELTA,SPIRONOLACTONEDELTA,base,multi_word,holdout
partial_6cd11d3770405208,parts,full_name_two_parts,OXAT RILEPAZINE,OXAT;RILEPAZINE,2,0,OXATRILEPAZINE,OXATRILEPAZINE,base,single_word,development
partial_6cda289b51deb4e9,parts,two_edges_exact,REST UIDE,REST;UIDE,2,0,RESTO GUIDE,RESTOGUIDE,base,multi_word,development
partial_6ce17d052afa33e6,parts,full_name_two_parts,REXSOLDANDRUF FCONTROL,REXSOLDANDRUF;FCONTROL,2,0,REXSOL,REXSOLDANDRUFFCONTROL,base,multi_word,holdout
partial_6ce94eb1bce043bc,parts,two_edges_second_typo,SANS RRAN,SANS;RRAN,2,1,SANSO,SANSOLACTOFERRIN,base,multi_word,development
partial_6cf9716f37901a8b,parts,full_name_two_parts,APTAMIL ADVANCEPREMIUMMILK,APTAMIL;ADVANCEPREMIUMMILK,2,0,APTAMIL,APTAMILADVANCEPREMIUMMILK,base,multi_word,development
partial_6cfc4fa96832d6dc,parts,full_name_two_parts,GEDOVE TE,GEDOVE;TE,2,0,GEDOVETE,GEDOVETE,base,single_word,development
partial_6d03430104cdd4c5,parts,two_edges_second_typo,CARE AINE,CARE;AINE,2,1,CARE DIPINE,CAREDIPINE,base,multi_word,holdout
partial_6d0a84f1ed924c4c,parts,full_name_two_parts,PROSILS PORTSPFSTICK,PROSILS;PORTSPFSTICK,2,0,PROSIL SPORT SPF STICK,PROSILSPORTSPFSTICK,base,multi_word,holdout
partial_6d105165041e69dc,parts,full_name_two_parts,OPTIM ENMULTIVITAMIN,OPTIM;ENMULTIVITAMIN,2,0,OPTI MEN MULTIVITAMIN,OPTIMENMULTIVITAMIN,base,multi_word,development
partial_6d1e8727aa277095,parts,one_internal_exact,XJEL,XJEL,1,0,OMEGA RX JELLY CANDY,OMEGARXJELLYCANDY,base,multi_word,development
partial_6d365674e30eb042,parts,full_name_two_parts,UVEBLOCKSPFF LUID,UVEBLOCKSPFF;LUID,2,0,UVEBLOCK,UVEBLOCKSPFFLUID,base,multi_word,development
partial_6d3fac9aa59260b1,parts,full_name_two_parts,HEPTAPANTHENOLKID SHAIR,HEPTAPANTHENOLKID;SHAIR,2,0,HEPTA,HEPTAPANTHENOLKIDSHAIR,base,multi_word,development
partial_6d40108399e0ff36,parts,two_edges_first_typo,SEAA AAHA,SEAA;AAHA,2,1,SECALIA,SECALIAAHA,base,multi_word,development
partial_6d47ddbdd71cd35e,parts,two_edges_first_typo,NATE YCIN,NATE;YCIN,2,1,NATAMYCIN,NATAMYCIN,base,single_word,development
partial_6d55c0faacee2c6b,parts,full_name_two_parts,PEND ULINEHANDSANITIZER,PEND;ULINEHANDSANITIZER,2,0,PENDULINE,PENDULINEHANDSANITIZER,base,multi_word,development
partial_6d56b68c5d721441,parts,full_name_two_parts,FLUSEDOREXP WDSACHETS,FLUSEDOREXP;WDSACHETS,2,0,FLUSEDOREX PWD SACHETS,FLUSEDOREXPWDSACHETS,base,multi_word,development
partial_6d6340412726dec3,parts,two_edges_first_typo,EVAL MIND,EVAL;MIND,2,1,AVALON VITAMIN D,AVALONVITAMIND,base,multi_word,development
partial_6d6a8abe9ee574e6,parts,full_name_two_parts,NORI NE,NORI;NE,2,0,NORINE,NORINE,base,single_word,holdout
partial_6d721d50441730d1,parts,full_name_two_parts,PROTECAREHA IR,PROTECAREHA;IR,2,0,PROTE CARE HAIR,PROTECAREHAIR,base,multi_word,development
partial_6d9fb4aa58469add,parts,full_name_two_parts,PEDICOR TFORTE,PEDICOR;TFORTE,2,0,PEDICORT,PEDICORTFORTE,base,multi_word,development
partial_6da1b57fa74e3729,parts,full_name_two_parts,ZS WEV,ZS;WEV,2,0,ZSWEV,ZSWEV,family_head,single_word,development
partial_6db8218919ed23f3,parts,full_name_two_parts,BOBAISUNS CREENHYDROCARE,BOBAISUNS;CREENHYDROCARE,2,0,BOBAI,BOBAISUNSCREENHYDROCARE,base,multi_word,development
partial_6dbb36a3ee58dc08,parts,two_edges_second_typo,DEVO ANED,DEVO;ANED,2,1,DEVODANAD,DEVODANAD,base,single_word,development
partial_6dc9d79978da6c79,parts,full_name_two_parts,MULTIENZYMEFORMULACAPLETSILLEGALIM PORT,MULTIENZYMEFORMULACAPLETSILLEGALIM;PORT,2,0,MULTI ENZYME FORMULA CAPLETS ILLEGAL IMPORT,MULTIENZYMEFORMULACAPLETSILLEGALIMPORT,base,multi_word,development
partial_6dd2c6ad8a871ee6,parts,full_name_two_parts,AQUANOVAPROBEAUTYFACIALCL EANSER,AQUANOVAPROBEAUTYFACIALCL;EANSER,2,0,AQUANOVA,AQUANOVAPROBEAUTYFACIALCLEANSER,base,multi_word,development
partial_6dd7e9114eafc792,parts,full_name_two_parts,ER DOTINOL,ER;DOTINOL,2,0,ERDOTINOL,ERDOTINOL,base,single_word,development
partial_6df90adb29f21072,parts,full_name_two_parts,GENUPHI LADVANCE,GENUPHI;LADVANCE,2,0,GENUPHIL,GENUPHILADVANCE,base,multi_word,development
partial_6dfac3666e95cee7,parts,full_name_three_parts,CALD IOMA TRIX,CALD;IOMA;TRIX,3,0,CALDIOMATRIX,CALDIOMATRIX,base,single_word,development
partial_6e192f8baa12c83a,parts,two_edges_second_typo,NUXE NINA,NUXE;NINA,2,1,NUXE TONING,NUXETONING,base,multi_word,development
partial_6e1abcef1ce1730c,parts,full_name_two_parts,SIG MASTINAL,SIG;MASTINAL,2,0,SIGMASTINAL,SIGMASTINAL,base,single_word,development
partial_6e31d05d685f04d1,parts,full_name_two_parts,HISTA SERIC,HISTA;SERIC,2,0,HISTASERIC,HISTASERIC,base,single_word,development
partial_6e3f6ccd152b6c60,parts,full_name_three_parts,FREEZ LLEZAM ASSAGE,FREEZ;LLEZAM;ASSAGE,3,0,FREEZLLEZA MASSAGE,FREEZLLEZAMASSAGE,base,multi_word,development
partial_6e54062b0c8f4c98,parts,full_name_two_parts,REFR ESHTEARS,REFR;ESHTEARS,2,0,REFRESH,REFRESHTEARS,base,multi_word,development
partial_6e683a3119f176c1,parts,full_name_two_parts,AET HOXYSKLEROL,AET;HOXYSKLEROL,2,0,AETHOXYSKLEROL,AETHOXYSKLEROL,base,single_word,development
partial_6e89a40a8c6a1f26,parts,full_name_two_parts,CEL OXIB,CEL;OXIB,2,0,CELOXIB,CELOXIB,base,single_word,development
partial_6e89eeb03190d474,parts,full_name_two_parts,DEXIC LAVE,DEXIC;LAVE,2,0,DEXICLAVE,DEXICLAVE,base,single_word,development
partial_6ee4c4de836d41a0,parts,full_name_two_parts,VILLABORG HINIRESTORING,VILLABORG;HINIRESTORING,2,0,VILLA,VILLABORGHINIRESTORING,base,multi_word,development
partial_6efae5582820cfea,parts,full_name_two_parts,DEPZAB ID,DEPZAB;ID,2,0,DEPZABID,DEPZABID,base,single_word,development
partial_6f05a801c9044181,parts,full_name_three_parts,HA YAR NEX,HA;YAR;NEX,3,0,HAYARNEX,HAYARNEX,base,single_word,development
partial_6f2b02126ffbcd72,parts,two_edges_first_typo,AALG SKIN,AALG;SKIN,2,1,CALGON SKIN,CALGONSKIN,base,multi_word,development
partial_6f4116087d1997ce,parts,full_name_two_parts,POVIDONESKIN CLEANSER,POVIDONESKIN;CLEANSER,2,0,POVIDONE SKIN CLEANSER,POVIDONESKINCLEANSER,base,multi_word,development
partial_6f47dc507bdd7b7f,parts,full_name_two_parts,AEROTROPANEBULIZER SOLN,AEROTROPANEBULIZER;SOLN,2,0,AEROTROPA NEBULIZER SOLN,AEROTROPANEBULIZERSOLN,base,multi_word,development
partial_6f5475669de2a383,parts,one_suffix_exact,CHNO,CHNO,1,0,METHYLTECHNO,METHYLTECHNO,base,single_word,development
partial_6f726ccb4f3fd360,parts,full_name_two_parts,NE VXALFORTE,NE;VXALFORTE,2,0,NEVXAL,NEVXALFORTE,base,multi_word,development
partial_6f75642a6878ea27,parts,full_name_two_parts,EFFR UTI,EFFR;UTI,2,0,EFFRUTI,EFFRUTI,base,single_word,development
partial_6f89bdc8c07d6a75,parts,full_name_two_parts,EPIRU BICINMYLAN,EPIRU;BICINMYLAN,2,0,EPIRUBICIN MYLAN,EPIRUBICINMYLAN,base,multi_word,development
partial_6fa486d6b5e55a20,parts,full_name_two_parts,SETR ONOMET,SETR;ONOMET,2,0,SETRONOMET,SETRONOMET,base,single_word,development
partial_6fc1519d8bea4ba7,parts,full_name_two_parts,INTERFERONALFA NTIVEM,INTERFERONALFA;NTIVEM,2,0,INTERFERON ALFANTIVE M,INTERFERONALFANTIVEM,base,multi_word,holdout
partial_6fcef3abcee2d6a3,parts,full_name_two_parts,GR ANDVITHONEY,GR;ANDVITHONEY,2,0,GRAND,GRANDVITHONEY,base,multi_word,development
partial_6fd3af4ae353a03a,parts,full_name_two_parts,FER OSALIC,FER;OSALIC,2,0,FEROSALIC,FEROSALIC,base,single_word,holdout
partial_7017e527de99246c,parts,full_name_two_parts,MAR COFENFLU,MAR;COFENFLU,2,0,MARCOFEN,MARCOFENFLU,base,multi_word,holdout
partial_704226a61dd3182a,parts,full_name_two_parts,VI TAMINBCOMPLEXSUGARCOATED,VI;TAMINBCOMPLEXSUGARCOATED,2,0,VITAMIN B COMPLEX SUGAR COATED,VITAMINBCOMPLEXSUGARCOATED,base,multi_word,development
partial_70490875c144bd68,parts,full_name_two_parts,MOSE DINSR,MOSE;DINSR,2,0,MOSEDIN,MOSEDINSR,base,multi_word,holdout
partial_7063ee3b907be75b,parts,two_edges_second_typo,RASA PAAK,RASA;PAAK,2,1,RASANOPARK,RASANOPARK,base,single_word,holdout
partial_70899c63fe5547cb,parts,full_name_two_parts,PI RON,PI;RON,2,0,P IRON,PIRON,base,multi_word,development
partial_70a13145bde0df38,parts,one_suffix_exact,RILH,RILH,1,0,CAPTOPRIL,CAPTOPRILH,base,multi_word,development
partial_70bf9d2048f959a0,parts,full_name_two_parts,EGYALBWHI TENING,EGYALBWHI;TENING,2,0,EGYALB,EGYALBWHITENING,base,multi_word,holdout
partial_70c457df45a22231,parts,two_edges_second_typo,QUEE MIDA,QUEE;MIDA,2,1,QUEENZOLAMIDE,QUEENZOLAMIDE,base,single_word,development
partial_70e33de553409a6d,parts,full_name_two_parts,SODICRY STAL,SODICRY;STAL,2,0,SODI CRYSTAL,SODICRYSTAL,base,multi_word,development
partial_70f44d94d9b16e66,parts,two_edges_first_typo,REAL ALIN,REAL;ALIN,2,1,REFLUXALIN,REFLUXALIN,base,single_word,holdout
partial_70feaa309d5a3090,parts,full_name_two_parts,PA RAMIBECOMPOUND,PA;RAMIBECOMPOUND,2,0,PARAMIBE COMPOUND,PARAMIBECOMPOUND,base,multi_word,development
partial_7107ef4c912ae8cb,parts,full_name_two_parts,FEROMO RO,FEROMO;RO,2,0,FEROMORO,FEROMORO,base,single_word,development
partial_7121aa41eaade4bc,parts,full_name_two_parts,UNI COFLEX,UNI;COFLEX,2,0,UNICOFLEX,UNICOFLEX,base,single_word,development
partial_7127b8fd21ad776e,parts,three_ordered_middle_typo,THR MAO HOB,THR;MAO;HOB,3,1,THROMBOPHOB,THROMBOPHOB,base,single_word,development
partial_713a2f0128049adf,parts,full_name_two_parts,LIMITLESSLACT ASE,LIMITLESSLACT;ASE,2,0,LIMITLESS,LIMITLESSLACTASE,base,multi_word,holdout
partial_7170974d5ae5837d,parts,one_internal_typo,ITSA,ITSA,1,1,HOPKINVIT SUBLINGUAL,HOPKINVITSUBLINGUAL,base,multi_word,development
partial_71805ae6af3e1204,parts,full_name_two_parts,BI OMOX,BI;OMOX,2,0,BIOMOX,BIOMOX,base,single_word,development
partial_718d542bae67cb04,parts,full_name_two_parts,BIASKINEM OLLIENT,BIASKINEM;OLLIENT,2,0,BIASKIN EMOLLIENT,BIASKINEMOLLIENT,base,multi_word,development
partial_7191ce8bab50a731,parts,full_name_two_parts,SU TAPRIMDS,SU;TAPRIMDS,2,0,SUTAPRIM D,SUTAPRIMDS,base,multi_word,development
partial_7196f6c2b932bfd1,parts,full_name_three_parts,ELI XOZ OLID,ELI;XOZ;OLID,3,0,ELIXOZOLID,ELIXOZOLID,base,single_word,development
partial_71ab8e3dbbf1870b,parts,full_name_two_parts,DERMAL EX,DERMAL;EX,2,0,DERMALEX,DERMALEX,family_head,single_word,development
partial_71d7750c6dcf5b99,parts,full_name_two_parts,LICTRI LIT,LICTRI;LIT,2,0,LICTRILIT,LICTRILIT,base,single_word,development
partial_71eed65ef5059718,parts,full_name_two_parts,OSPE XIN,OSPE;XIN,2,0,OSPEXIN,OSPEXIN,base,single_word,development
partial_71f262f6c31429b8,parts,full_name_three_parts,PEN TOL ATE,PEN;TOL;ATE,3,0,PENTOLATE,PENTOLATE,base,single_word,development
partial_7209c9636dd094a6,parts,full_name_two_parts,ANGIOS ARTAN,ANGIOS;ARTAN,2,0,ANGIOSARTAN,ANGIOSARTAN,base,single_word,development
partial_7217b4434bd7e864,parts,two_edges_first_typo,AADY BABY,AADY;BABY,2,1,KADYBAR BABY,KADYBARBABY,base,multi_word,development
partial_7221d93f6c37ba06,parts,two_edges_first_typo,DERA HAND,DERA;HAND,2,1,DERMA,DERMACLINICHAND,base,multi_word,development
partial_722dea848695ff9b,parts,full_name_two_parts,PHARMACERISSHYDROLIPIDPROTECTIVEFA CE,PHARMACERISSHYDROLIPIDPROTECTIVEFA;CE,2,0,PHARMACERIS,PHARMACERISSHYDROLIPIDPROTECTIVEFACE,base,multi_word,development
partial_7240ca11096c5ca5,parts,full_name_two_parts,LIBRAFERL IQUID,LIBRAFERL;IQUID,2,0,LIBRAFER LIQUID,LIBRAFERLIQUID,base,multi_word,development
partial_724bf002711a2dfe,parts,full_name_two_parts,PRIMAVITAM ILK,PRIMAVITAM;ILK,2,0,PRIMAVITA,PRIMAVITAMILK,base,multi_word,development
partial_7274bb106b7fe803,parts,full_name_two_parts,LUCENTESUNCAR ECOMPLEXIONCORRECTORINVISIBLESPF,LUCENTESUNCAR;ECOMPLEXIONCORRECTORINVISIBLESPF,2,0,LUCENTE,LUCENTESUNCARECOMPLEXIONCORRECTORINVISIBLESPF,base,multi_word,holdout
partial_72843e8e3f3aeeaf,parts,three_ordered_exact,NUT ENM MIN,NUT;ENM;MIN,3,0,NUTRIVILLE,NUTRIVILLEMENMULTIVITAMIN,base,multi_word,development
partial_7292b7b4f489421c,parts,full_name_two_parts,DIGEST BASIC,DIGEST;BASIC,2,0,DIGEST BASIC,DIGESTBASIC,base,multi_word,development
partial_72b5c727a492f79f,parts,full_name_two_parts,TREXO ZOLA,TREXO;ZOLA,2,0,TREXOZOLA,TREXOZOLA,base,single_word,development
partial_72c12f730e5de2cd,parts,full_name_two_parts,ROVAMENTMA SSAGE,ROVAMENTMA;SSAGE,2,0,ROVAMENT MASSAGE,ROVAMENTMASSAGE,base,multi_word,development
partial_72c36c62ab122e3b,parts,full_name_two_parts,CARMI PRET,CARMI;PRET,2,0,CARMIPRET,CARMIPRET,base,single_word,development
partial_73070724d42dd8dc,parts,full_name_two_parts,RO OTAGE,RO;OTAGE,2,0,ROOTAGE,ROOTAGE,base,single_word,holdout
partial_73127fbb834647ca,parts,full_name_three_parts,CON VEN TIN,CON;VEN;TIN,3,0,CONVENTIN,CONVENTIN,base,single_word,development
partial_732157ced75a4c49,parts,two_edges_exact,TOPI EDAY,TOPI;EDAY,2,0,TOPICREM,TOPICREMCORRECTIVEDAY,base,multi_word,holdout
partial_732eb37011973f1a,parts,one_internal_exact,OLMI,OLMI,1,0,AZOLMIGRA,AZOLMIGRA,base,single_word,development
partial_735306ef17618685,parts,full_name_two_parts,TO BOLANZAS,TO;BOLANZAS,2,0,TOBOLANZA,TOBOLANZAS,base,multi_word,holdout
partial_735380de46fe5f3e,parts,full_name_two_parts,FEMOGES AL,FEMOGES;AL,2,0,FEMOGESAL,FEMOGESAL,base,single_word,development
partial_7373e5e46e509009,parts,full_name_two_parts,SCALEX HAIRTONIC,SCALEX;HAIRTONIC,2,0,SCALEX,SCALEXHAIRTONIC,base,multi_word,development
partial_73804c432837d483,parts,one_internal_typo,APIZ,APIZ,1,1,EUPIZAR,EUPIZAR,base,single_word,development
partial_738e54438fb3fb57,parts,full_name_two_parts,MI GAURA,MI;GAURA,2,0,MIGAURA,MIGAURA,base,single_word,development
partial_739712240dd01c1d,parts,full_name_two_parts,URIAGESPF MINERAL,URIAGESPF;MINERAL,2,0,URIAGE,URIAGESPFMINERAL,base,multi_word,holdout
partial_73978d7b8362fb09,parts,full_name_two_parts,AVENECICALFATER ESTORATIVESKIN,AVENECICALFATER;ESTORATIVESKIN,2,0,AVENE,AVENECICALFATERESTORATIVESKIN,base,multi_word,holdout
partial_739cc7e7dc7a5bd1,parts,one_internal_typo,UAIE,UAIE,1,1,JUVIEX,JUVIEX,base,single_word,development
partial_739ea37b998ecc4e,parts,full_name_two_parts,DERMEDICCAPILA RTE,DERMEDICCAPILA;RTE,2,0,DERMEDIC,DERMEDICCAPILARTE,base,multi_word,holdout
partial_73bda9f91e31f454,parts,full_name_two_parts,COUGHPE NT,COUGHPE;NT,2,0,COUGHPENT,COUGHPENT,base,single_word,holdout
partial_73c100390721e3cb,parts,full_name_two_parts,BLAIRLI QUIDCONDITIONER,BLAIRLI;QUIDCONDITIONER,2,0,BLAIR LIQUID CONDITIONER,BLAIRLIQUIDCONDITIONER,base,multi_word,development
partial_73c2f6d71404ded4,parts,full_name_two_parts,CARBI MAZOLEBP,CARBI;MAZOLEBP,2,0,CARBIMAZOLE B P,CARBIMAZOLEBP,base,multi_word,development
partial_73f016fee38a9a43,parts,one_internal_exact,FLOZ,FLOZ,1,0,DIAFLOZIMET,DIAFLOZIMET,base,single_word,holdout
partial_7403ddaae363e605,parts,full_name_two_parts,GROWTHFORMU LASILVER,GROWTHFORMU;LASILVER,2,0,GROWTH,GROWTHFORMULASILVER,base,multi_word,development
partial_7409d25557dde457,parts,two_edges_exact,ROST NING,ROST;NING,2,0,ROSTEVO,ROSTEVOWHITENING,base,multi_word,development
partial_741c5e3ba9ffe083,parts,full_name_two_parts,TRESOLY SE,TRESOLY;SE,2,0,TRESOLYSE,TRESOLYSE,base,single_word,holdout
partial_743f1da5be314f32,parts,two_edges_first_typo,NADO LEUR,NADO;LEUR,2,1,NODOULEUR,NODOULEUR,base,single_word,holdout
partial_744a68558a6aab02,parts,full_name_three_parts,CAR VED ILOL,CAR;VED;ILOL,3,0,CARVEDILOL,CARVEDILOL,base,single_word,development
partial_745ea1bd422b59b9,parts,full_name_two_parts,ULTRAC AINE,ULTRAC;AINE,2,0,ULTRACAINE,ULTRACAINE,base,single_word,development
partial_7472ee445359bda9,parts,full_name_two_parts,SPECTRALCSFHAIRSTIMULATINGW OMEN,SPECTRALCSFHAIRSTIMULATINGW;OMEN,2,0,SPECTRAL,SPECTRALCSFHAIRSTIMULATINGWOMEN,base,multi_word,holdout
partial_74815ed55db805ee,parts,full_name_two_parts,PARF AITEMOISTURIZERING,PARF;AITEMOISTURIZERING,2,0,PARFAITE,PARFAITEMOISTURIZERING,base,multi_word,holdout
partial_74a4f4763b4c60a2,parts,one_prefix_grapheme,GRENA,GRENA,1,0,GREEN,GREENALPHAMIU,base,multi_word,development
partial_74bc22f5c42ac0e9,parts,full_name_two_parts,ECRINALSTRENT HENING,ECRINALSTRENT;HENING,2,0,ECRINAL,ECRINALSTRENTHENING,base,multi_word,development
partial_74e11215f6ef7f16,parts,full_name_two_parts,ME THYTRALSOFT,ME;THYTRALSOFT,2,0,METHYTRAL,METHYTRALSOFT,base,multi_word,development
partial_74ee02931437c537,parts,full_name_two_parts,EL ONEHAIR,EL;ONEHAIR,2,0,ELONE,ELONEHAIR,base,multi_word,development
partial_74f4ac5b47e3286e,parts,two_edges_first_typo,OAGO DINE,OAGO;DINE,2,1,ORGOFEXADINE,ORGOFEXADINE,base,single_word,development
partial_74f9a08e836567b4,parts,two_edges_exact,ZETA LEST,ZETA;LEST,2,0,ZETACOLEST,ZETACOLEST,base,single_word,development
partial_75112bff92ab66b4,parts,full_name_two_parts,TO PICREMCORRECTIVENIGHT,TO;PICREMCORRECTIVENIGHT,2,0,TOPICREM,TOPICREMCORRECTIVENIGHT,base,multi_word,holdout
partial_753fc230c01b47dd,parts,full_name_two_parts,SENSITELIALD ERMOCLEANSING,SENSITELIALD;ERMOCLEANSING,2,0,SENSITELIAL,SENSITELIALDERMOCLEANSING,base,multi_word,development
partial_75663676fd7e4771,parts,full_name_two_parts,SERIOUSMASSWEIG HTGAINPROTEINKG,SERIOUSMASSWEIG;HTGAINPROTEINKG,2,0,SERIOUS MASS WEIGHT GAIN PROTEIN KG,SERIOUSMASSWEIGHTGAINPROTEINKG,base,multi_word,development
partial_7568e6b99df19315,parts,full_name_two_parts,BE ESLINESKINWHITENING,BE;ESLINESKINWHITENING,2,0,BEESLINE,BEESLINESKINWHITENING,base,multi_word,holdout
partial_75764d6773a9cf8d,parts,one_internal_exact,RBEN,RBEN,1,0,TORBENER,TORBENER,base,single_word,development
partial_757d635befb4ecb5,parts,full_name_two_parts,ZEEL ORAS,ZEEL;ORAS,2,0,ZEELORAS,ZEELORAS,base,single_word,development
partial_7598c64992b38a06,parts,full_name_two_parts,ESTOVL AR,ESTOVL;AR,2,0,ESTOVLAR,ESTOVLAR,base,single_word,development
partial_759bc27a514022ce,parts,full_name_two_parts,HEPTAPANTHENOLKIDS HAIR,HEPTAPANTHENOLKIDS;HAIR,2,0,HEPTA,HEPTAPANTHENOLKIDSHAIR,base,multi_word,development
partial_75a285fcba3cb8d4,parts,full_name_two_parts,YUTOP AR,YUTOP;AR,2,0,YUTOPAR,YUTOPAR,base,single_word,holdout
partial_75aece046487032b,parts,full_name_two_parts,KLACI DXL,KLACI;DXL,2,0,KLACID,KLACIDXL,base,multi_word,development
partial_75b20726ec963dae,parts,full_name_two_parts,NOCAND IDA000I,NOCAND;IDA000I,2,0,NOCANDIDA,NOCANDIDA000I,base,multi_word,development
partial_75c50b2630d9c3c7,parts,full_name_two_parts,NITRO CARE,NITRO;CARE,2,0,NITROCARE,NITROCARE,base,single_word,holdout
partial_75c861c9b821d4d1,parts,full_name_two_parts,DERMEDICCAPILARTEST RENGTHENING,DERMEDICCAPILARTEST;RENGTHENING,2,0,DERMEDIC,DERMEDICCAPILARTESTRENGTHENING,base,multi_word,holdout
partial_75cb2101dbf28d06,parts,full_name_two_parts,ISISANISELEMONFIL TERBAGS,ISISANISELEMONFIL;TERBAGS,2,0,ISIS ANISE LEMON FILTER BAGS,ISISANISELEMONFILTERBAGS,base,multi_word,development
partial_75d11dd3ce9289dd,parts,full_name_three_parts,DE XON IUM,DE;XON;IUM,3,0,DEXONIUM,DEXONIUM,base,single_word,development
partial_75e8ad484010fb77,parts,one_internal_exact,SCOG,SCOG,1,0,ROSCOGEN,ROSCOGEN,base,single_word,development
partial_75ec44c5ab14850f,parts,full_name_two_parts,AJIROFILANTIDANDRU FF,AJIROFILANTIDANDRU;FF,2,0,AJIROFIL ANTI DANDRUFF,AJIROFILANTIDANDRUFF,base,multi_word,development
partial_75ffe04473131ebe,parts,three_ordered_exact,DER ICW ING,DER;ICW;ING,3,0,DERMA,DERMACLINICWHITENING,base,multi_word,development
partial_7601358a4a3ff75c,parts,full_name_two_parts,BEESLINELIPCARESHIMMERYSTR AWBERRY,BEESLINELIPCARESHIMMERYSTR;AWBERRY,2,0,BEESLINE,BEESLINELIPCARESHIMMERYSTRAWBERRY,base,multi_word,holdout
partial_7610796fc2942579,parts,full_name_two_parts,SOARGINI NE,SOARGINI;NE,2,0,SO ARGININE,SOARGININE,base,multi_word,holdout
partial_761c65ae4d8659f1,parts,full_name_two_parts,PATA NERGIC,PATA;NERGIC,2,0,PATANERGIC,PATANERGIC,base,single_word,development
partial_7626182387204b43,parts,full_name_two_parts,SILIP IN,SILIP;IN,2,0,SILIPIN,SILIPIN,base,single_word,development
partial_7637e77eab2a5919,parts,two_edges_exact,NERH HAIR,NERH;HAIR,2,0,NERHAHAIR,NERHAHAIR,base,single_word,development
partial_76484a26377ea650,parts,full_name_three_parts,OP TAC ADO,OP;TAC;ADO,3,0,OPTACADO,OPTACADO,base,single_word,development
partial_7663e32cfdd4d6b7,parts,full_name_two_parts,SUNBRELLAS PF,SUNBRELLAS;PF,2,0,SUNBRELLA,SUNBRELLASPF,base,multi_word,development
partial_7686271df1ccd1e7,parts,full_name_three_parts,HAI RTO NIC,HAI;RTO;NIC,3,0,HAIRTONIC,HAIRTONIC,base,single_word,development
partial_7690ea09c9fcecb7,parts,one_suffix_exact,STOR,STOR,1,0,CRESTOR,CRESTOR,base,single_word,development
partial_76a0fb39f093bf2d,parts,two_edges_exact,MEPA VENT,MEPA;VENT,2,0,MEPACOVENT,MEPACOVENT,base,single_word,development
partial_76aa0948c540c909,parts,full_name_two_parts,HYDROC ORT,HYDROC;ORT,2,0,HYDROCORT,HYDROCORT,base,single_word,development
partial_76c160420f5d4247,parts,full_name_two_parts,TO PCAN,TO;PCAN,2,0,TOPCAN,TOPCAN,base,single_word,development
partial_76c5031b3c0c7bd6,parts,one_suffix_exact,TENE,TENE,1,0,ANDOPENTENE,ANDOPENTENE,base,single_word,development
partial_76d882a1aa669898,parts,full_name_three_parts,ORIA WHIT ENING,ORIA;WHIT;ENING,3,0,ORIA WHITENING,ORIAWHITENING,base,multi_word,development
partial_7700d957a6c72e70,parts,full_name_two_parts,KIDSDAILYVI TSLEEP,KIDSDAILYVI;TSLEEP,2,0,DAILY,KIDSDAILYVITSLEEP,base,multi_word,development
partial_77012ac920316580,parts,two_edges_exact,ATMB LAST,ATMB;LAST,2,0,ATMBILAST,ATMBILAST,base,single_word,development
partial_77246950d4ff2467,parts,one_prefix_exact,DUOD,DUOD,1,0,DUODART,DUODART,base,single_word,development
partial_7736bc3475a7500e,parts,full_name_two_parts,APIDRA10 0ICARTIRIDGES,APIDRA10;0ICARTIRIDGES,2,0,APIDRA,APIDRA100ICARTIRIDGES,base,multi_word,holdout
partial_7749e2c90f4a8a9f,parts,two_edges_first_typo,ONAO RAND,ONAO;RAND,2,1,ONDOGRAND,ONDOGRAND,base,single_word,holdout
partial_7798df12189fbcd0,parts,full_name_two_parts,PERACT AM,PERACT;AM,2,0,PERACTAM,PERACTAM,base,single_word,development
partial_77a2b70f0fb5aa72,parts,full_name_two_parts,NAILNERNAILFUNGU SBRUSH,NAILNERNAILFUNGU;SBRUSH,2,0,NAILNER,NAILNERNAILFUNGUSBRUSH,base,multi_word,holdout
partial_77a91e0d9dac5695,parts,one_internal_typo,AICL,AICL,1,1,AUDICLEAN,AUDICLEAN,base,single_word,holdout
partial_77c500ee7b95e83b,parts,full_name_two_parts,RINGERACET ATEMOTTAHEDOON,RINGERACET;ATEMOTTAHEDOON,2,0,RINGER,RINGERACETATEMOTTAHEDOON,base,multi_word,development
partial_77ce19d9cfe30955,parts,one_internal_exact,XAVI,XAVI,1,0,MOXAVIDEX,MOXAVIDEX,base,single_word,holdout
partial_77ec06e8e429279f,parts,full_name_two_parts,TR EMOGRANT,TR;EMOGRANT,2,0,TREMOGRANT,TREMOGRANT,base,single_word,development
partial_781580873f7f156b,parts,two_edges_second_typo,BBSK IEAT,BBSK;IEAT,2,1,B B SKIN EMOLLIENT,BBSKINEMOLLIENT,base,multi_word,holdout
partial_781914298a36e708,parts,full_name_two_parts,QUE TIASU,QUE;TIASU,2,0,QUETIASU,QUETIASU,base,single_word,development
partial_781928fa96c36761,parts,full_name_two_parts,KLEND ABIOTICAM,KLEND;ABIOTICAM,2,0,KLENDABIOTICAM,KLENDABIOTICAM,base,single_word,development
partial_785da847d8e3da55,parts,full_name_two_parts,ALEXADRICAINECA RTRIDGES,ALEXADRICAINECA;RTRIDGES,2,0,ALEXADRICAINE CARTRIDGES,ALEXADRICAINECARTRIDGES,base,multi_word,development
partial_7885acc288f81a34,parts,full_name_two_parts,SCARM ED,SCARM;ED,2,0,SCARMED,SCARMED,base,single_word,development
partial_78a16f28d3a16f9e,parts,full_name_two_parts,BEESLINEWHI TENINGFACIAL,BEESLINEWHI;TENINGFACIAL,2,0,BEESLINE,BEESLINEWHITENINGFACIAL,base,multi_word,holdout
partial_78b305640b961ba2,parts,full_name_two_parts,VILZ OLID,VILZ;OLID,2,0,VILZOLID,VILZOLID,base,single_word,development
partial_78bbe4806e150911,parts,two_edges_exact,KEMI ORGE,KEMI;ORGE,2,0,KEMIFORGE,KEMIFORGE,base,single_word,development
partial_78d73fdae2216a10,parts,full_name_two_parts,FERR OSWIFT,FERR;OSWIFT,2,0,FERROSWIFT,FERROSWIFT,base,single_word,development
partial_78da01f5f318b806,parts,full_name_two_parts,ALP HABTIX,ALP;HABTIX,2,0,ALPHABTIX,ALPHABTIX,base,single_word,development
partial_792708b115996931,parts,full_name_two_parts,LA CUNITED,LA;CUNITED,2,0,LACUNITED,LACUNITED,base,single_word,development
partial_7939ceb20b1919f0,parts,full_name_two_parts,MARCR ISA,MARCR;ISA,2,0,MARCRISA,MARCRISA,base,single_word,development
partial_7959aacc73ae5d02,parts,full_name_two_parts,LOG IPACTHAIRTONIC,LOG;IPACTHAIRTONIC,2,0,LOGIPACT,LOGIPACTHAIRTONIC,base,multi_word,development
partial_795affb39045ce1b,parts,full_name_two_parts,SUNSO LA,SUNSO;LA,2,0,SUN SOLA,SUNSOLA,base,multi_word,development
partial_798747e7e801236d,parts,two_edges_second_typo,NUXE IAHT,NUXE;IAHT,2,1,NUXE NUXURIANCE ULTRA NIGHT,NUXENUXURIANCEULTRANIGHT,base,multi_word,development
partial_799429d8887447be,parts,full_name_three_parts,ARGI NINEM ARVEL,ARGI;NINEM;ARVEL,3,0,ARGININE MARVEL,ARGININEMARVEL,base,multi_word,development
partial_7999df6730808d30,parts,full_name_two_parts,BON OSOMERDNA,BON;OSOMERDNA,2,0,BONOSOME R DNA,BONOSOMERDNA,base,multi_word,development
partial_79a396a998c447bf,parts,full_name_two_parts,DIABETICS UPPORTFORMULACAPLETSILLEGALIMPORT,DIABETICS;UPPORTFORMULACAPLETSILLEGALIMPORT,2,0,DIABETIC SUPPORT FORMULA CAPLETS ILLEGAL IMPORT,DIABETICSUPPORTFORMULACAPLETSILLEGALIMPORT,base,multi_word,development
partial_79aca8b1c21ddc11,parts,two_edges_second_typo,EGYF RONA,EGYF;RONA,2,1,EGYFERON M,EGYFERONM,base,multi_word,development
partial_79cb51caff9a7947,parts,full_name_two_parts,FA BBHAIROIL,FA;BBHAIROIL,2,0,FABB HAIR OIL,FABBHAIROIL,base,multi_word,development
partial_79d5b7f2269117ce,parts,one_internal_typo,LUAL,LUAL,1,1,DALUPLENT,DALUPLENT,base,single_word,development
partial_79de5164826cb8b2,parts,full_name_two_parts,ELNASRSOLVENTANT IBIOTICSDRYMIX,ELNASRSOLVENTANT;IBIOTICSDRYMIX,2,0,EL NASR SOLVENT ANTIBIOTICS DRY MIX,ELNASRSOLVENTANTIBIOTICSDRYMIX,base,multi_word,development
partial_79e7d21dd5b6da7b,parts,full_name_two_parts,BACTROF IGHT,BACTROF;IGHT,2,0,BACTROFIGHT,BACTROFIGHT,base,single_word,development
partial_7a009da9f07963f1,parts,full_name_two_parts,OMEG ALOXLIQUID,OMEG;ALOXLIQUID,2,0,OMEGALOX,OMEGALOXLIQUID,base,multi_word,development
partial_7a028f9f76d6dd06,parts,full_name_three_parts,NOVAL GINCH ILDREN,NOVAL;GINCH;ILDREN,3,0,NOVALGIN,NOVALGINCHILDREN,base,multi_word,development
partial_7a25cd062e19b7dc,parts,two_edges_second_typo,MEPA SMAN,MEPA;SMAN,2,1,MEPASPASMIN,MEPASPASMIN,base,single_word,development
partial_7a2f2a91fcd671b8,parts,full_name_two_parts,BETADINESKINCLEANS ER,BETADINESKINCLEANS;ER,2,0,BETADINE,BETADINESKINCLEANSER,base,multi_word,holdout
partial_7a30a6ae11aaae82,parts,full_name_two_parts,SELE NOCAREHAIR,SELE;NOCAREHAIR,2,0,SELENO CARE HAIR,SELENOCAREHAIR,base,multi_word,development
partial_7a32df1fda753759,parts,one_internal_typo,DAIC,DAIC,1,1,ADRICIN,ADRICIN,base,single_word,development
partial_7a6a13b71b81fa02,parts,full_name_two_parts,LOTERAN OLCOMP,LOTERAN;OLCOMP,2,0,LOTERANOL,LOTERANOLCOMP,base,multi_word,development
partial_7a7cb673193f7143,parts,full_name_two_parts,UVEBL OCK,UVEBL;OCK,2,0,UVEBLOCK,UVEBLOCK,family_head,single_word,development
partial_7a91cf31de6e9930,parts,one_suffix_exact,UMOS,UMOS,1,0,FRUMOS,FRUMOS,base,single_word,holdout
partial_7a9e7ca61dd19a53,parts,two_edges_exact,REPR NINE,REPR;NINE,2,0,REPRODEX INTIMATE FEMININE,REPRODEXINTIMATEFEMININE,base,multi_word,development
partial_7aed05dfea63d340,parts,full_name_two_parts,SARABL OCK,SARABL;OCK,2,0,SARABLOCK,SARABLOCK,base,single_word,development
partial_7af2767a1aaf0d4f,parts,full_name_two_parts,GIN GINORM,GIN;GINORM,2,0,GINGINORM,GINGINORM,base,single_word,development
partial_7b011e432a74cbc3,parts,full_name_two_parts,OPTIWOMENMULT IVITAMIN,OPTIWOMENMULT;IVITAMIN,2,0,OPTI WOMEN MULTIVITAMIN,OPTIWOMENMULTIVITAMIN,base,multi_word,development
partial_7b0c137a3784c6d1,parts,full_name_two_parts,VITAM INBCOMPLEXVITAMINB,VITAM;INBCOMPLEXVITAMINB,2,0,VITAMIN,VITAMINBCOMPLEXVITAMINB,base,multi_word,holdout
partial_7b1dd73359dac61c,parts,two_edges_exact,GARC OGIA,GARC;OGIA,2,0,GARCINIA CAMBOGIA,GARCINIACAMBOGIA,base,multi_word,development
partial_7b4168ce25c1cde7,parts,full_name_two_parts,ACECZ EMA,ACECZ;EMA,2,0,ACECZEMA,ACECZEMA,base,single_word,development
partial_7b45f90b19b14ff8,parts,full_name_three_parts,SL IMH EPT,SL;IMH;EPT,3,0,SLIMHEPT,SLIMHEPT,base,single_word,development
partial_7b6f89f7157a8d6e,parts,full_name_two_parts,TRAZONAG EN,TRAZONAG;EN,2,0,TRAZONAGEN,TRAZONAGEN,base,single_word,development
partial_7b8b43551193e2a6,parts,two_edges_exact,OXYT ACID,OXYT;ACID,2,0,OXYTETRACID,OXYTETRACID,base,single_word,development
partial_7b8be94cbdbf43a3,parts,one_prefix_exact,GIRA,GIRA,1,0,GIRAGININE,GIRAGININE,base,single_word,development
partial_7b985f42f53abaf0,parts,full_name_two_parts,PHARMACERISMILDFLUIDFOUNDA TIONSPF20SANDINTENSECOVERAGE,PHARMACERISMILDFLUIDFOUNDA;TIONSPF20SANDINTENSECOVERAGE,2,0,PHARMACERIS,PHARMACERISMILDFLUIDFOUNDATIONSPF20SANDINTENSECOVERAGE,base,multi_word,development
partial_7bbbb4a1982181cd,parts,one_internal_exact,CACT,CACT,1,0,CICACTIVE,CICACTIVE,base,single_word,development
partial_7bce325c7097166c,parts,full_name_two_parts,CETOLIG HT,CETOLIG;HT,2,0,CETOLIGHT,CETOLIGHT,base,single_word,holdout
partial_7bce4afbc508c576,parts,full_name_two_parts,NERHAHA IR,NERHAHA;IR,2,0,NERHAHAIR,NERHAHAIR,base,single_word,development
partial_7bdf3057b49b0b6d,parts,two_edges_second_typo,META NANE,META;NANE,2,1,METAPI FEMININE,METAPIFEMININE,base,multi_word,development
partial_7befa38990365e16,parts,full_name_two_parts,HOL DISAR,HOL;DISAR,2,0,HOLDISAR,HOLDISAR,base,single_word,development
partial_7bfa08fc75379d04,parts,full_name_two_parts,UVEPROSPF50BODY MILK,UVEPROSPF50BODY;MILK,2,0,UVEPRO,UVEPROSPF50BODYMILK,base,multi_word,development
partial_7c0b83ae6adb4dad,parts,full_name_two_parts,CARELO ZEN,CARELO;ZEN,2,0,CARELOZEN,CARELOZEN,base,single_word,development
partial_7c2c451b1050d9b0,parts,full_name_two_parts,RONY HAIR,RONY;HAIR,2,0,RONY HAIR,RONYHAIR,base,multi_word,holdout
partial_7c2f25946010b789,parts,full_name_two_parts,CIC APLAST,CIC;APLAST,2,0,CICAPLAST,CICAPLAST,family_head,single_word,holdout
partial_7c2f7837e5dd455b,parts,full_name_two_parts,HAI ROWTHHAIR,HAI;ROWTHHAIR,2,0,HAIROWTH,HAIROWTHHAIR,base,multi_word,holdout
partial_7c502ac5320ccced,parts,full_name_two_parts,ATRA KTAAQUA,ATRA;KTAAQUA,2,0,ATRAKTA,ATRAKTAAQUA,base,multi_word,development
partial_7c5ac34f573b3d11,parts,full_name_three_parts,LAC TOH ERB,LAC;TOH;ERB,3,0,LACTOHERB,LACTOHERB,base,single_word,development
partial_7c602ccf94aba087,parts,full_name_two_parts,RIX VY,RIX;VY,2,0,RIXVY,RIXVY,base,single_word,holdout
partial_7c6abc08ae7a2cbc,parts,full_name_two_parts,AAPERENE WALSUNSCREENSPF,AAPERENE;WALSUNSCREENSPF,2,0,AAPE RENEWAL SUNSCREEN SPF,AAPERENEWALSUNSCREENSPF,base,multi_word,holdout
partial_7c6bf4449a19fca6,parts,full_name_two_parts,NOFI BRA,NOFI;BRA,2,0,NOFIBRA,NOFIBRA,base,single_word,development
partial_7ca11c2008617b90,parts,full_name_two_parts,WOOD YMASSAGE,WOOD;YMASSAGE,2,0,WOODY MASSAGE,WOODYMASSAGE,base,multi_word,development
partial_7cd0ac7c811908c5,parts,one_internal_typo,AATA,AATA,1,1,ATRAKTA,ATRAKTAAQUA,base,multi_word,development
partial_7cd80c34621c73c7,parts,one_internal_exact,BERR,BERR,1,0,ACAI BERRY VEG,ACAIBERRYVEG,base,multi_word,development
partial_7ce5f3951dffb846,parts,full_name_three_parts,FLA MID OSE,FLA;MID;OSE,3,0,FLAMIDOSE,FLAMIDOSE,base,single_word,development
partial_7cee979aeb9ceb0c,parts,three_ordered_exact,BRO HIC IVY,BRO;HIC;IVY,3,0,BRONCHICUM,BRONCHICUMIVY,base,multi_word,holdout
partial_7d324249f25a63b2,parts,one_internal_typo,LIQA,LIQA,1,1,CLEARALIQUE,CLEARALIQUEFORTE,base,multi_word,holdout
partial_7d387d0716e718cb,parts,full_name_two_parts,RECICAR NATE,RECICAR;NATE,2,0,RECICARNATE,RECICARNATE,base,single_word,development
partial_7d475dd7ebff3d9b,parts,full_name_two_parts,SPECTRAFILMCMSHE ET,SPECTRAFILMCMSHE;ET,2,0,SPECTRAFILM CM SHEET,SPECTRAFILMCMSHEET,base,multi_word,development
partial_7d715749087a9c52,parts,full_name_two_parts,PROTEC TAZOLE,PROTEC;TAZOLE,2,0,PROTECTAZOLE,PROTECTAZOLE,base,single_word,development
partial_7d76456840aa3694,parts,full_name_two_parts,VIV OLAT,VIV;OLAT,2,0,VIVOLAT,VIVOLAT,base,single_word,holdout
partial_7da02f9bd331570e,parts,full_name_three_parts,FER TIL DOVA,FER;TIL;DOVA,3,0,FERTILDOVA,FERTILDOVA,base,single_word,development
partial_7da95b2d60c22a24,parts,full_name_two_parts,MARCOTRA VIN,MARCOTRA;VIN,2,0,MARCOTRAVIN,MARCOTRAVIN,base,single_word,development
partial_7dc54eda6027774d,parts,two_edges_first_typo,KOAA SKIN,KOAA;SKIN,2,1,KOLAGRA,KOLAGRAVITAMINSKIN,base,multi_word,holdout
partial_7dcc4b45b0f4efb8,parts,full_name_two_parts,SOFTCLEANS ER,SOFTCLEANS;ER,2,0,SOFT CLEANSER,SOFTCLEANSER,base,multi_word,development
partial_7dd4e370abb956e4,parts,full_name_two_parts,RAP ILASTIN,RAP;ILASTIN,2,0,RAPILASTIN,RAPILASTIN,base,single_word,holdout
partial_7de3274079940e33,parts,full_name_two_parts,SEELITHYALURONICVITAMINBPLUMPI NGSKIN,SEELITHYALURONICVITAMINBPLUMPI;NGSKIN,2,0,SEE LIT HYALURONIC VITAMIN B PLUMPING SKIN,SEELITHYALURONICVITAMINBPLUMPINGSKIN,base,multi_word,development
partial_7de73ded7facb7ee,parts,three_ordered_middle_typo,NUX IEA FUM,NUX;IEA;FUM,3,1,NUXE PRODIGIEUSE LE PARFUM,NUXEPRODIGIEUSELEPARFUM,base,multi_word,holdout
partial_7df1789a63904fe0,parts,full_name_two_parts,HUMALOG KWIKPEN200IPENS,HUMALOG;KWIKPEN200IPENS,2,0,HUMALOG,HUMALOGKWIKPEN200IPENS,base,multi_word,development
partial_7e049cb2f1efb18d,parts,full_name_two_parts,SUNSENS ESUNSENSITIVE,SUNSENS;ESUNSENSITIVE,2,0,SUNSENSE,SUNSENSESUNSENSITIVE,base,multi_word,development
partial_7e07f03538269bbf,parts,full_name_two_parts,ASPOCIDPAEDIAT RIC,ASPOCIDPAEDIAT;RIC,2,0,ASPOCID,ASPOCIDPAEDIATRIC,base,multi_word,development
partial_7e15f87c2f3c69e7,parts,full_name_two_parts,CEN TRAVITAPEA,CEN;TRAVITAPEA,2,0,CENTRAVITA,CENTRAVITAPEA,base,multi_word,development
partial_7e5f2c5e879aeb4d,parts,one_internal_exact,INKE,INKE,1,0,ZINKEEM,ZINKEEM,base,single_word,development
partial_7e60880bb9b7da03,parts,full_name_two_parts,GRIPE WATERBAMBINO,GRIPE;WATERBAMBINO,2,0,GRIPE WATER BAMBINO,GRIPEWATERBAMBINO,base,multi_word,development
partial_7e60a5e3f98b052b,parts,two_edges_first_typo,CAEA RUFF,CAEA;RUFF,2,1,CLEAR Z ANTI DANDRUFF,CLEARZANTIDANDRUFF,base,multi_word,development
partial_7e76b82759bba01f,parts,one_suffix_exact,NGBB,NGBB,1,0,NUXE WHITE BRIGHTENING BB,NUXEWHITEBRIGHTENINGBB,base,multi_word,holdout
partial_7e7c7c9a136419a3,parts,full_name_two_parts,ME TOJECT,ME;TOJECT,2,0,METOJECT,METOJECT,base,single_word,development
partial_7eaff996e205148c,parts,full_name_two_parts,SU NBRELLASPF,SU;NBRELLASPF,2,0,SUNBRELLA,SUNBRELLASPF,base,multi_word,development
partial_7eb68ffa6ebc0d58,parts,two_edges_exact,NATN OPEA,NATN;OPEA,2,0,NATNERVO PEA,NATNERVOPEA,base,multi_word,development
partial_7ec4d7aa8bd0d6b7,parts,full_name_two_parts,REPAC ELL,REPAC;ELL,2,0,REPACELL,REPACELL,base,single_word,holdout
partial_7ed0d94c1b699e91,parts,full_name_two_parts,UVEPROSPF50KID SSUNSCREEN,UVEPROSPF50KID;SSUNSCREEN,2,0,UVEPRO,UVEPROSPF50KIDSSUNSCREEN,base,multi_word,development
partial_7eeb5482cdbf66d8,parts,one_internal_exact,ELVI,ELVI,1,0,DEXAGEL VISCOUS,DEXAGELVISCOUS,base,multi_word,development
partial_7f2c5c9b0a557dcc,parts,three_ordered_middle_typo,SAM ESA ETS,SAM;ESA;ETS,3,1,SAMANTA SACHETS,SAMANTASACHETS,base,multi_word,development
partial_7f344cb94f178f89,parts,one_prefix_exact,BEGO,BEGO,1,0,BEGONIA,BEGONIA,base,single_word,development
partial_7f3b550f7481ea86,parts,one_prefix_exact,HELE,HELE,1,0,HELERTEX,HELERTEX,base,single_word,development
partial_7f4c46302b377d28,parts,one_internal_typo,ILAE,ILAE,1,1,TRILLERG,TRILLERG,base,single_word,development
partial_7f817a3dfa6f4571,parts,full_name_two_parts,FOL DEX,FOL;DEX,2,0,FOLDEX,FOLDEX,base,single_word,development
partial_7f8793ccebff524e,parts,three_ordered_exact,RAF COM ODF,RAF;COM;ODF,3,0,RAFADA B COMPLEX ODF,RAFADABCOMPLEXODF,base,multi_word,development
partial_7f8cf15e64c3b990,parts,full_name_two_parts,PLO REF,PLO;REF,2,0,PLOREF,PLOREF,base,single_word,development
partial_7f92d8fa05213340,parts,full_name_two_parts,FOL IEASY,FOL;IEASY,2,0,FOLI EASY,FOLIEASY,base,multi_word,development
partial_7f9ad0907c4c6bc1,parts,full_name_two_parts,GUARDHAN DSANITIZER,GUARDHAN;DSANITIZER,2,0,GUARD HAND SANITIZER,GUARDHANDSANITIZER,base,multi_word,holdout
partial_7fc251de83af73e8,parts,full_name_two_parts,SUTA COLLAGEN,SUTA;COLLAGEN,2,0,SUTA COLLAGEN,SUTACOLLAGEN,base,multi_word,development
partial_7fe00f4c7c9ca99e,parts,full_name_two_parts,SALCROZI NE,SALCROZI;NE,2,0,SALCROZINE,SALCROZINE,base,single_word,development
partial_802bc53b45421972,parts,full_name_two_parts,AVENEHIGHPROTECTION COMPACTSPFHONEY,AVENEHIGHPROTECTION;COMPACTSPFHONEY,2,0,AVENE,AVENEHIGHPROTECTIONCOMPACTSPFHONEY,base,multi_word,holdout
partial_8033af58015cc985,parts,full_name_two_parts,BRANDOG AR,BRANDOG;AR,2,0,BRANDOGAR,BRANDOGAR,base,single_word,development
partial_8036f20cf727f25e,parts,full_name_two_parts,MORGA BILON,MORGA;BILON,2,0,MORGABILON,MORGABILON,base,single_word,holdout
partial_805519b69db50caa,parts,two_edges_first_typo,DARM XINE,DARM;XINE,2,1,DERMOHEXINE,DERMOHEXINE,base,single_word,development
partial_805b0c2ee654dc96,parts,full_name_two_parts,OLAZ INE,OLAZ;INE,2,0,OLAZINE,OLAZINE,base,single_word,development
partial_80810ef53ebf9677,parts,full_name_two_parts,LEO SABHAIR,LEO;SABHAIR,2,0,LEO SAB HAIR,LEOSABHAIR,base,multi_word,development
partial_8081ab480366951d,parts,full_name_two_parts,FRE SHTELD,FRE;SHTELD,2,0,FRESHTELD,FRESHTELD,base,single_word,development
partial_80985fa8f6c972e8,parts,full_name_two_parts,CLAU DICAT,CLAU;DICAT,2,0,CLAUDICAT,CLAUDICAT,base,single_word,holdout
partial_80ba3bf334a4a673,parts,full_name_two_parts,HA EMODIALYSISCONCENTRATEDBICARBONATEFORMULACOMPONENTA,HA;EMODIALYSISCONCENTRATEDBICARBONATEFORMULACOMPONENTA,2,0,HAEMODIALYSIS,HAEMODIALYSISCONCENTRATEDBICARBONATEFORMULACOMPONENTA,base,multi_word,holdout
partial_80e3cc7e2bbc4b6a,parts,full_name_two_parts,NUXEHUILEPRODIGI EUSEDRYOIL,NUXEHUILEPRODIGI;EUSEDRYOIL,2,0,NUXE HUILE PRODIGIEUSE DRY OIL,NUXEHUILEPRODIGIEUSEDRYOIL,base,multi_word,development
partial_80f1be15aa97a0ba,parts,three_ordered_middle_typo,EAS AAC YME,EAS;AAC;YME,3,1,EASYCOL BABY LACTASE ENZYME,EASYCOLBABYLACTASEENZYME,base,multi_word,holdout
partial_8115072fd7699af1,parts,full_name_two_parts,NICORETTEI NVISIPATCH,NICORETTEI;NVISIPATCH,2,0,NICORETTE,NICORETTEINVISIPATCH,base,multi_word,development
partial_811563b2964bd32f,parts,two_edges_second_typo,ALPH LAAE,ALPH;LAAE,2,1,ALPHA MYLASE,ALPHAMYLASE,base,multi_word,development
partial_811590d47224f420,parts,full_name_two_parts,KATIV AROX,KATIV;AROX,2,0,KATIVAROX,KATIVAROX,base,single_word,development
partial_81219c1f075ad992,parts,three_ordered_middle_typo,AUG ATA IDE,AUG;ATA;IDE,3,1,AUGICETAMIDE,AUGICETAMIDE,base,single_word,development
partial_8129ef4c4dd7dfcb,parts,full_name_two_parts,ADVANCEDFLORTARIKOH ARDGELATIN,ADVANCEDFLORTARIKOH;ARDGELATIN,2,0,ADVANCED,ADVANCEDFLORTARIKOHARDGELATIN,base,multi_word,development
partial_813d045e43c693c4,parts,two_edges_second_typo,HANZ AONE,HANZ;AONE,2,1,HANZA,HANZAACNEPRONE,base,multi_word,development
partial_8150dcd5e902f473,parts,full_name_two_parts,CIVIR US,CIVIR;US,2,0,CIVIRUS,CIVIRUS,base,single_word,development
partial_8154b7d337d3cab9,parts,full_name_two_parts,NO SEMYSNASAL,NO;SEMYSNASAL,2,0,NOSEMYS NASAL,NOSEMYSNASAL,base,multi_word,development
partial_81591fbfb52dafac,parts,full_name_two_parts,NUXEREVEDEMIELLIPMO ISTURISINGSTICK,NUXEREVEDEMIELLIPMO;ISTURISINGSTICK,2,0,NUXE REVE DE MIEL LIP MOISTURISING STICK,NUXEREVEDEMIELLIPMOISTURISINGSTICK,base,multi_word,development
partial_81642a99f042c7cb,parts,full_name_two_parts,JERRYVITCHILDRENGUMMY MULTIVITAMIN,JERRYVITCHILDRENGUMMY;MULTIVITAMIN,2,0,JERRY VIT CHILDREN GUMMY MULTIVITAMIN,JERRYVITCHILDRENGUMMYMULTIVITAMIN,base,multi_word,development
partial_81912428ee7a2096,parts,two_edges_second_typo,NAVE BANE,NAVE;BANE,2,1,NAVELBINE,NAVELBINE,base,single_word,holdout
partial_81a97e9826728dc2,parts,one_internal_exact,DCEV,DCEV,1,0,PADCEV E V,PADCEVEV,base,multi_word,development
partial_81d13230443397b9,parts,one_internal_typo,GEIN,GEIN,1,1,FLYAGAIN BABY,FLYAGAINBABY,base,multi_word,development
partial_81dfb3c386bd5911,parts,full_name_two_parts,ROSEMON DN,ROSEMON;DN,2,0,ROSEMONDN,ROSEMONDN,base,single_word,development
partial_81e0769734c3f96a,parts,full_name_two_parts,ELEVITPR EGNANCY,ELEVITPR;EGNANCY,2,0,ELEVIT,ELEVITPREGNANCY,base,multi_word,development
partial_81f2a01fa408f33e,parts,full_name_two_parts,PROLU TEX,PROLU;TEX,2,0,PROLUTEX,PROLUTEX,base,single_word,holdout
partial_82082f4c2d11fadb,parts,two_edges_exact,ATRA NSER,ATRA;NSER,2,0,ATRAKTA,ATRAKTAAQUAFACIALCLEANSER,base,multi_word,development
partial_820c9cb282566230,parts,full_name_three_parts,AL TRE SSA,AL;TRE;SSA,3,0,ALTRESSA,ALTRESSA,base,single_word,holdout
partial_820e840c35ecc7b5,parts,full_name_two_parts,BONET IMEFILMCOATED,BONET;IMEFILMCOATED,2,0,BONE TIME FILM COATED,BONETIMEFILMCOATED,base,multi_word,holdout
partial_822ea89e0080b40a,parts,two_edges_first_typo,AIMI MILK,AIMI;MILK,2,1,SIMILAC,SIMILACGOLDMILK,base,multi_word,development
partial_826f6d0c3c72a0a4,parts,full_name_two_parts,DIBACU RE,DIBACU;RE,2,0,DIBACURE,DIBACURE,base,single_word,development
partial_8277513ed8572fd8,parts,full_name_two_parts,NO XILORN,NO;XILORN,2,0,NOXILORN,NOXILORN,base,single_word,development
partial_82797784e90d5cd8,parts,full_name_two_parts,PHARMACERISTBODYSEBOSTA TIC,PHARMACERISTBODYSEBOSTA;TIC,2,0,PHARMACERIS,PHARMACERISTBODYSEBOSTATIC,base,multi_word,development
partial_8288b06f2fdbb5b7,parts,full_name_two_parts,SUN RISE,SUN;RISE,2,0,SUN RISE,SUNRISE,base,multi_word,development
partial_82aed578f0e337e4,parts,full_name_two_parts,DI FRARELE,DI;FRARELE,2,0,DIFRAREL,DIFRARELE,base,multi_word,development
partial_82b166a080feec6d,parts,full_name_two_parts,MENTORE ST,MENTORE;ST,2,0,MENTOREST,MENTOREST,base,single_word,holdout
partial_82c0bef7e74d7078,parts,full_name_two_parts,DRO XYGENCRANBERRYTRACT,DRO;XYGENCRANBERRYTRACT,2,0,OXYGEN,DROXYGENCRANBERRYTRACT,base,multi_word,development
partial_82ef4f0e497c4389,parts,two_edges_exact,HYDR EARS,HYDR;EARS,2,0,HYDRATEARS,HYDRATEARS,base,single_word,development
partial_830bad673ebcfde1,parts,full_name_two_parts,LIMITL ESSCHROMAXCUT,LIMITL;ESSCHROMAXCUT,2,0,LIMITLESS,LIMITLESSCHROMAXCUT,base,multi_word,holdout
partial_832dd42a251a2999,parts,full_name_two_parts,IMMUN OMASHKIDS,IMMUN;OMASHKIDS,2,0,IMMUNO,IMMUNOMASHKIDS,base,multi_word,holdout
partial_832e49dc98a5ed0b,parts,full_name_three_parts,DIC LOT AZEN,DIC;LOT;AZEN,3,0,DICLOTAZEN,DICLOTAZEN,base,single_word,development
partial_833470860112d339,parts,full_name_two_parts,PU LMIPURE,PU;LMIPURE,2,0,PULMIPURE,PULMIPURE,base,single_word,holdout
partial_833b977ce54c3155,parts,full_name_two_parts,SILVANAANA NAS,SILVANAANA;NAS,2,0,SILVANA ANANAS,SILVANAANANAS,base,multi_word,development
partial_837aaccdc39538e0,parts,two_edges_first_typo,HIAR DREN,HIAR;DREN,2,1,HIDRASEC,HIDRASECCHILDREN,base,multi_word,development
partial_83a4e4b7b0490ca5,parts,full_name_two_parts,INFINITYVITAMINDEODOR ANT,INFINITYVITAMINDEODOR;ANT,2,0,INFINITY,INFINITYVITAMINDEODORANT,base,multi_word,development
partial_83e752706ec4eea1,parts,full_name_two_parts,MARLIGUMCHE WINGGUMMIESOMEGA,MARLIGUMCHE;WINGGUMMIESOMEGA,2,0,MARLIGUM CHEWING GUMMIES OMEGA,MARLIGUMCHEWINGGUMMIESOMEGA,base,multi_word,development
partial_83f56de5d72d8e2b,parts,full_name_two_parts,ROTADIGESTL ACTASEH,ROTADIGESTL;ACTASEH,2,0,ROTADIGEST LACTASE H,ROTADIGESTLACTASEH,base,multi_word,holdout
partial_8446ceea3ad27059,parts,two_edges_exact,HISU REEN,HISU;REEN,2,0,HI SUN SCREEN,HISUNSCREEN,base,multi_word,development
partial_844d0ad5c0137322,parts,full_name_two_parts,LOZAPR ESS,LOZAPR;ESS,2,0,LOZAPRESS,LOZAPRESS,base,single_word,development
partial_848b8c68fe975576,parts,two_edges_first_typo,OMAR SAGE,OMAR;SAGE,2,1,OMERINO MASSAGE,OMERINOMASSAGE,base,multi_word,development
partial_84a9c04f1cfe77c4,parts,full_name_two_parts,SEPCOFRU ITSACHETS,SEPCOFRU;ITSACHETS,2,0,SEPCOFRUIT SACHETS,SEPCOFRUITSACHETS,base,multi_word,development
partial_84bae3e18358485d,parts,full_name_two_parts,NISSINSHAIR MASK,NISSINSHAIR;MASK,2,0,NISSINS HAIR MASK,NISSINSHAIRMASK,base,multi_word,holdout
partial_8519f0b6790a57a4,parts,one_internal_exact,MOCU,MOCU,1,0,HEMOCURE,HEMOCURE,base,single_word,development
partial_85513cde2d6af82b,parts,two_edges_exact,GLOS HAIR,GLOS;HAIR,2,0,GLOSSY,GLOSSYHAIR,base,multi_word,development
partial_85773d2469fd0aee,parts,full_name_two_parts,CAN EPHRONUNO,CAN;EPHRONUNO,2,0,CANEPHRON UNO,CANEPHRONUNO,base,multi_word,holdout
partial_857f3ba8e80cc1f1,parts,full_name_two_parts,VAS OPINE,VAS;OPINE,2,0,VASOPINE,VASOPINE,base,single_word,development
partial_8584d44060fe28ab,parts,full_name_two_parts,NUXEWHITEBRIGHTENINGM ASKSHEETS,NUXEWHITEBRIGHTENINGM;ASKSHEETS,2,0,NUXE WHITE BRIGHTENING MASK SHEETS,NUXEWHITEBRIGHTENINGMASKSHEETS,base,multi_word,development
partial_859a67c38541f0f1,parts,full_name_two_parts,LANOQU EL,LANOQU;EL,2,0,LANOQUEL,LANOQUEL,base,single_word,development
partial_85be158203d3882b,parts,full_name_two_parts,KOJICNALW HITENING,KOJICNALW;HITENING,2,0,KOJICNAL WHITENING,KOJICNALWHITENING,base,multi_word,development
partial_85be602448ab8dbe,parts,full_name_two_parts,AL PHILACENTERICCOATED,AL;PHILACENTERICCOATED,2,0,ALPHILAC ENTERIC COATED,ALPHILACENTERICCOATED,base,multi_word,holdout
partial_85c97785525c27d4,parts,full_name_two_parts,ZAVES CA,ZAVES;CA,2,0,ZAVESCA,ZAVESCA,base,single_word,development
partial_85d855dcd37b5bdb,parts,full_name_two_parts,SYN OVITAMIN,SYN;OVITAMIN,2,0,SYNO VITAMIN,SYNOVITAMIN,base,multi_word,development
partial_85db4bac5799ec94,parts,full_name_two_parts,OTR INATURALALOEVERANASAL,OTR;INATURALALOEVERANASAL,2,0,OTRINATURAL ALOE VERA NASAL,OTRINATURALALOEVERANASAL,base,multi_word,development
partial_86144a2148644629,parts,three_ordered_middle_typo,MED EXM INE,MED;EXM;INE,3,1,MEDRELAXMIDINE,MEDRELAXMIDINE,base,single_word,development
partial_8617cda20bd87dde,parts,two_edges_first_typo,AYAL BRIX,AYAL;BRIX,2,1,HYALUBRIX,HYALUBRIX,base,single_word,development
partial_8630946dbc6af11a,parts,full_name_two_parts,YOU CANHYDRA,YOU;CANHYDRA,2,0,YOUCAN,YOUCANHYDRA,base,multi_word,development
partial_8632926dad105722,parts,full_name_two_parts,OZURDEXINTRAVITREALI MPLANT,OZURDEXINTRAVITREALI;MPLANT,2,0,OZURDEX INTRAVITREAL IMPLANT,OZURDEXINTRAVITREALIMPLANT,base,multi_word,development
partial_86456372e9d34409,parts,one_internal_exact,POVE,POVE,1,0,PHLEPOVEINAL,PHLEPOVEINAL,base,single_word,development
partial_865c59d12069452b,parts,full_name_two_parts,FAVIB OST,FAVIB;OST,2,0,FAVIBOST,FAVIBOST,base,single_word,development
partial_865e8369c014d0ef,parts,full_name_two_parts,HA EMODIALYSISCONCENTRATECK113,HA;EMODIALYSISCONCENTRATECK113,2,0,HAEMODIALYSIS,HAEMODIALYSISCONCENTRATECK113,base,multi_word,holdout
partial_866595bb40ed7bad,parts,full_name_two_parts,SAFETRIUMK IDS,SAFETRIUMK;IDS,2,0,SAFETRIUM,SAFETRIUMKIDS,base,multi_word,development
partial_8686e64a94c3a663,parts,full_name_two_parts,SELCO DEL,SELCO;DEL,2,0,SELCODEL,SELCODEL,base,single_word,holdout
partial_868fab490901a581,parts,three_ordered_middle_typo,RON AAI OIL,RON;AAI;OIL,3,1,RONY HAIR OIL,RONYHAIROIL,base,multi_word,development
partial_86ab39d08f6ba5c4,parts,two_edges_second_typo,CHAN GUAA,CHAN;GUAA,2,1,CHANCY SUBLINGUAL,CHANCYSUBLINGUAL,base,multi_word,development
partial_86b0149de2274b99,parts,full_name_two_parts,ACN IMED,ACN;IMED,2,0,ACNIMED,ACNIMED,base,single_word,development
partial_86b9cb3634aed05e,parts,full_name_two_parts,REVIVOGENBIOCLEA NSING,REVIVOGENBIOCLEA;NSING,2,0,REVIVOGEN,REVIVOGENBIOCLEANSING,base,multi_word,development
partial_86ba493a1e8ffefa,parts,two_edges_exact,EMYO APRO,EMYO;APRO,2,0,EMYOLEMA PRO,EMYOLEMAPRO,base,multi_word,development
partial_86d161c1056f503d,parts,full_name_two_parts,APTAM ILADVANCEPREMIUMMILK,APTAM;ILADVANCEPREMIUMMILK,2,0,APTAMIL,APTAMILADVANCEPREMIUMMILK,base,multi_word,development
partial_86e32d3d45ffb380,parts,two_edges_first_typo,COAF IVER,COAF;IVER,2,1,COMFORT,COMFORTLIVER,base,multi_word,development
partial_86ecf0dd19ed4cb3,parts,one_suffix_exact,HOXA,HOXA,1,0,ETHOXA,ETHOXA,base,single_word,development
partial_86f3290bd4f62293,parts,full_name_two_parts,MULT ILOADCUINTRAUTERINEDEVICENA,MULT;ILOADCUINTRAUTERINEDEVICENA,2,0,MULTILOAD CU INTRAUTERINE DEVICE N A,MULTILOADCUINTRAUTERINEDEVICENA,base,multi_word,development
partial_86ffbd8e2944f03e,parts,two_edges_first_typo,CABE NATE,CABE;NATE,2,1,CO BETAPRONATE,COBETAPRONATE,base,multi_word,development
partial_8708a1a1ed01ae24,parts,full_name_two_parts,IGEAMARINECOLL AGEN,IGEAMARINECOLL;AGEN,2,0,IGEA MARINE COLLAGEN,IGEAMARINECOLLAGEN,base,multi_word,development
partial_87281bb8703072c4,parts,full_name_two_parts,SOZACT SOOTHING,SOZACT;SOOTHING,2,0,SOZ ACT SOOTHING,SOZACTSOOTHING,base,multi_word,development
partial_87345aec1cecbd6e,parts,full_name_two_parts,JASMOLIN EMASSAGE,JASMOLIN;EMASSAGE,2,0,JASMOLINE MASSAGE,JASMOLINEMASSAGE,base,multi_word,development
partial_8736f632551a246d,parts,full_name_two_parts,MEP ACOGREENTEA,MEP;ACOGREENTEA,2,0,MEPACO,MEPACOGREENTEA,base,multi_word,development
partial_8748d33ab72399ad,parts,full_name_two_parts,DIFL UCAN,DIFL;UCAN,2,0,DIFLUCAN,DIFLUCAN,base,single_word,holdout
partial_8771f727559ad0b9,parts,full_name_two_parts,OMEGAENRICHEDSOFTGELSADRIENG AGNON,OMEGAENRICHEDSOFTGELSADRIENG;AGNON,2,0,OMEGA ENRICHED SOFTGELS ADRIEN GAGNON,OMEGAENRICHEDSOFTGELSADRIENGAGNON,base,multi_word,holdout
partial_8784bb5c0800291e,parts,two_edges_exact,HOFF EALU,HOFF;EALU,2,0,HOFFLASE,HOFFLASEALU,base,multi_word,development
partial_878d007c270af443,parts,one_prefix_exact,MACL,MACL,1,0,MACLAVEX,MACLAVEX,base,single_word,holdout
partial_87a01cd9b0c40920,parts,two_edges_first_typo,MIAG NIOR,MIAG;NIOR,2,1,MIX GROW JUNIOR,MIXGROWJUNIOR,base,multi_word,development
partial_88132206dfc26a99,parts,full_name_two_parts,SELFO RAHAIR,SELFO;RAHAIR,2,0,SELFORA,SELFORAHAIR,base,multi_word,holdout
partial_8834b6a1e14ba34f,parts,full_name_two_parts,PEXONA MIDE,PEXONA;MIDE,2,0,PEXONAMIDE,PEXONAMIDE,base,single_word,development
partial_8848849aa68ea025,parts,three_ordered_middle_typo,DEL MEA ENT,DEL;MEA;ENT,3,1,DELESLAM EMOLLIENT,DELESLAMEMOLLIENT,base,multi_word,development
partial_884b3c971ed9a826,parts,full_name_two_parts,JA KMESTON,JA;KMESTON,2,0,JAKMESTON,JAKMESTON,base,single_word,development
partial_885e556f0a61f280,parts,full_name_two_parts,TOR MINOVANT,TOR;MINOVANT,2,0,TORMINOVANT,TORMINOVANT,base,single_word,development
partial_8866f8d3fcd6a20b,parts,full_name_three_parts,IVATHERM IVAPUREX FOLIATING,IVATHERM;IVAPUREX;FOLIATING,3,0,IVATHERM,IVATHERMIVAPUREXFOLIATING,base,multi_word,development
partial_88789672657c1ab4,parts,full_name_two_parts,HAN ZA,HAN;ZA,2,0,HANZA,HANZA,base,single_word,development
partial_88ad0aa19f602930,parts,full_name_two_parts,AVEENODERMEXADAILYEM OLLIENTBODY,AVEENODERMEXADAILYEM;OLLIENTBODY,2,0,AVEENO,AVEENODERMEXADAILYEMOLLIENTBODY,base,multi_word,holdout
partial_88b38089dc75cc75,parts,full_name_two_parts,EZISOOTH IX,EZISOOTH;IX,2,0,EZISOOTHIX,EZISOOTHIX,base,single_word,development
partial_88bc92a28dd92823,parts,full_name_two_parts,OC TONASERT,OC;TONASERT,2,0,OCTONASERT,OCTONASERT,base,single_word,development
partial_88be2b4fc0cab8dd,parts,full_name_two_parts,FLU DARA,FLU;DARA,2,0,FLUDARA,FLUDARA,base,single_word,holdout
partial_88d4bd1d93f57000,parts,one_internal_exact,ARAS,ARAS,1,0,KIARA,KIARASOFT,base,multi_word,development
partial_88edba490ca03fa3,parts,two_edges_exact,ZANO LIDE,ZANO;LIDE,2,0,ZANOGLIDE,ZANOGLIDE,base,single_word,development
partial_88f0e536541f96e8,parts,full_name_two_parts,LIMITLESSO STEODENSEORIGINAL,LIMITLESSO;STEODENSEORIGINAL,2,0,LIMITLESS,LIMITLESSOSTEODENSEORIGINAL,base,multi_word,holdout
partial_88f7aa3120a180fe,parts,full_name_two_parts,LACTOFERRIN SAJA,LACTOFERRIN;SAJA,2,0,LACTOFERRIN SAJA,LACTOFERRINSAJA,base,multi_word,development
partial_8928503459da15aa,parts,full_name_two_parts,SUNLOVESUNSCR EEN,SUNLOVESUNSCR;EEN,2,0,SUN LOVE SUN SCREEN,SUNLOVESUNSCREEN,base,multi_word,development
partial_892a0f2fd4bc99f5,parts,two_edges_first_typo,NAXE RANT,NAXE;RANT,2,1,NUXE BODY LONG LASTING DEODORANT,NUXEBODYLONGLASTINGDEODORANT,base,multi_word,development
partial_8931a76e78d6969c,parts,full_name_two_parts,BARAKAFO RTE,BARAKAFO;RTE,2,0,BARAKA,BARAKAFORTE,base,multi_word,development
partial_89477634887b3adc,parts,full_name_two_parts,MARNYSOSTEOHELPCO MPLEX,MARNYSOSTEOHELPCO;MPLEX,2,0,MARNYS,MARNYSOSTEOHELPCOMPLEX,base,multi_word,development
partial_896408ca2127d107,parts,full_name_three_parts,FI NES TEP,FI;NES;TEP,3,0,FINE STEP,FINESTEP,base,multi_word,development
partial_8978cf529e8cd5fe,parts,one_internal_exact,LCOL,LCOL,1,0,DULCOLAX,DULCOLAX,base,single_word,development
partial_8982d5264034b204,parts,full_name_two_parts,CONCENTRATEDHAEMODIALYSISACI DICB1BP,CONCENTRATEDHAEMODIALYSISACI;DICB1BP,2,0,CONCENTRATED,CONCENTRATEDHAEMODIALYSISACIDICB1BP,base,multi_word,development
partial_8985a563d4c77d0b,parts,full_name_three_parts,CAL CIO STAN,CAL;CIO;STAN,3,0,CALCIOSTAN,CALCIOSTAN,base,single_word,development
partial_899171b575a89cc8,parts,two_edges_first_typo,AIAK SAGE,AIAK;SAGE,2,1,BIAKADY CARE MASSAGE,BIAKADYCAREMASSAGE,base,multi_word,development
partial_89a58583830242ca,parts,one_prefix_exact,FLOC,FLOC,1,0,FLOCARE,FLOCARE,family_head,single_word,development
partial_89aa54fb36ac6007,parts,full_name_two_parts,NUXEWH ITEBRIGHTENINGPURIFYING,NUXEWH;ITEBRIGHTENINGPURIFYING,2,0,NUXE WHITE BRIGHTENING PURIFYING,NUXEWHITEBRIGHTENINGPURIFYING,base,multi_word,holdout
partial_89b1e77177412202,parts,two_edges_first_typo,MEXI ODIM,MEXI;ODIM,2,1,MAXIMODIM,MAXIMODIM,base,single_word,development
partial_89c26e3e88349ded,parts,two_edges_exact,METI RMIN,METI;RMIN,2,0,METIANORMIN,METIANORMIN,base,single_word,holdout
partial_89dc6d2ae33581fe,parts,full_name_two_parts,STREPSILSORANGE VITAMIN,STREPSILSORANGE;VITAMIN,2,0,STREPSILS,STREPSILSORANGEVITAMIN,base,multi_word,development
partial_8a00801199f6cab0,parts,full_name_two_parts,SE NSITELIALSOOTHING,SE;NSITELIALSOOTHING,2,0,SENSITELIAL,SENSITELIALSOOTHING,base,multi_word,development
partial_8a03da180bc00ad6,parts,full_name_two_parts,CAPOMAS SAGE,CAPOMAS;SAGE,2,0,CAPO MASSAGE,CAPOMASSAGE,base,multi_word,development
partial_8a0b19e84a49500c,parts,full_name_two_parts,BEESLINEDEOWHITENINGFRAGRANCE FREE,BEESLINEDEOWHITENINGFRAGRANCE;FREE,2,0,BEESLINE,BEESLINEDEOWHITENINGFRAGRANCEFREE,base,multi_word,holdout
partial_8a0d557107db48b7,parts,full_name_two_parts,RENUMULT IPLUS,RENUMULT;IPLUS,2,0,RENU MULTIPLUS,RENUMULTIPLUS,base,multi_word,holdout
partial_8a10d4642d12211e,parts,full_name_two_parts,QRI ZMH,QRI;ZMH,2,0,Q RIZM H,QRIZMH,base,multi_word,development
partial_8a34ca20d237a8e4,parts,two_edges_first_typo,AAXI OBAL,AAXI;OBAL,2,1,HAXIDA GLOBAL,HAXIDAGLOBAL,base,multi_word,development
partial_8a3d76611a8c5c1b,parts,full_name_two_parts,IN FLAZONE,IN;FLAZONE,2,0,INFLAZONE,INFLAZONE,base,single_word,development
partial_8a5b16fd138352f1,parts,full_name_two_parts,AKE NPARK,AKE;NPARK,2,0,AKENPARK,AKENPARK,base,single_word,holdout
partial_8a61c86809f05eb5,parts,two_edges_exact,LACO AVIL,LACO;AVIL,2,0,LACOSAVIL,LACOSAVIL,base,single_word,development
partial_8a6a8e1f2f4b114a,parts,full_name_two_parts,LANTUSSOL OSTARPENS,LANTUSSOL;OSTARPENS,2,0,LANTUS,LANTUSSOLOSTARPENS,base,multi_word,development
partial_8a7fa9bd4e3f8d25,parts,full_name_two_parts,HERPAC UT,HERPAC;UT,2,0,HERPACUT,HERPACUT,base,single_word,development
partial_8aa2a326e56d57e9,parts,full_name_two_parts,LI KDAM,LI;KDAM,2,0,LIKDAM,LIKDAM,base,single_word,holdout
partial_8aadd298621c1075,parts,full_name_two_parts,NO NEM,NO;NEM,2,0,NONEM,NONEM,base,single_word,development
partial_8ab55bf7fb163de7,parts,full_name_two_parts,LAFAIRSUNSCR EEN,LAFAIRSUNSCR;EEN,2,0,LAFAIR SUNSCREEN,LAFAIRSUNSCREEN,base,multi_word,development
partial_8ab618c5b1635c9d,parts,full_name_two_parts,LIMITLESSGLOW HAIR,LIMITLESSGLOW;HAIR,2,0,LIMITLESS,LIMITLESSGLOWHAIR,base,multi_word,holdout
partial_8ac8c64b7a456be4,parts,one_prefix_exact,OCUP,OCUP,1,0,OCUPHENICOL,OCUPHENICOL,base,single_word,holdout
partial_8adaf56a016581a4,parts,full_name_two_parts,FOSAVANCEONCEWEEK LY,FOSAVANCEONCEWEEK;LY,2,0,FOSAVANCE ONCE WEEKLY,FOSAVANCEONCEWEEKLY,base,multi_word,development
partial_8ae121138c04d9ad,parts,full_name_two_parts,CYCLOLAC TAZINE,CYCLOLAC;TAZINE,2,0,CYCLOLACTAZINE,CYCLOLACTAZINE,base,single_word,development
partial_8ae8679d50b58d44,parts,full_name_two_parts,DEXA IBUFEN,DEXA;IBUFEN,2,0,DEXA IBUFEN,DEXAIBUFEN,base,multi_word,development
partial_8ae9b1a754ab61d6,parts,full_name_two_parts,VENT AL,VENT;AL,2,0,VENTAL,VENTAL,base,single_word,development
partial_8aebc7cb3297d224,parts,two_edges_first_typo,CEAE 20CM,CEAE;20CM,2,1,CEREDERM,CEREDERMPLASTER20CM,base,multi_word,holdout
partial_8aed9e522c6e9e35,parts,two_edges_exact,XIRD 00IU,XIRD;00IU,2,0,XIR D310000IU,XIRD310000IU,base,multi_word,development
partial_8afb816169486512,parts,full_name_two_parts,STRONGVI LLEMENHAIR,STRONGVI;LLEMENHAIR,2,0,STRONGVILLE,STRONGVILLEMENHAIR,base,multi_word,holdout
partial_8b0b2c530e68b5e8,parts,full_name_two_parts,IVYCA RE,IVYCA;RE,2,0,IVYCARE,IVYCARE,base,single_word,development
partial_8b0b508cf963e3d6,parts,two_edges_second_typo,MIRE ATEM,MIRE;ATEM,2,1,MIRENA INTRAUTERINE DELIVERY SYSTEM,MIRENAINTRAUTERINEDELIVERYSYSTEM,base,multi_word,development
partial_8b143380fcbf7c53,parts,full_name_two_parts,STERIL EWATERIRRIGATIONOTSUKA,STERIL;EWATERIRRIGATIONOTSUKA,2,0,STERILE WATER IRRIGATION OTSUKA,STERILEWATERIRRIGATIONOTSUKA,base,multi_word,development
partial_8b1caab04e7e5507,parts,full_name_two_parts,EM ERALPAED,EM;ERALPAED,2,0,EMERAL,EMERALPAED,base,multi_word,development
partial_8b4569e142e50fdb,parts,two_edges_second_typo,PELE HINA,PELE;HINA,2,1,PELEMBAP,PELEMBAPSOOTHING,base,multi_word,development
partial_8b67e4605db4148a,parts,full_name_two_parts,KATIVAR OX,KATIVAR;OX,2,0,KATIVAROX,KATIVAROX,base,single_word,development
partial_8b77d5a51c4feee1,parts,full_name_three_parts,PL EMA ZOL,PL;EMA;ZOL,3,0,PLEMAZOL,PLEMAZOL,base,single_word,holdout
partial_8b7ae1b26bdec023,parts,full_name_two_parts,REXSOLRETINOLAH AANTIWRINKLETREATMENT,REXSOLRETINOLAH;AANTIWRINKLETREATMENT,2,0,REXSOL,REXSOLRETINOLAHAANTIWRINKLETREATMENT,base,multi_word,holdout
partial_8b8d4d048a150ef6,parts,full_name_two_parts,DUCRAYANASTIMC ONCENTRATE,DUCRAYANASTIMC;ONCENTRATE,2,0,DUCRAY,DUCRAYANASTIMCONCENTRATE,base,multi_word,holdout
partial_8baeb5c79526737d,parts,full_name_two_parts,TOR SERETIC,TOR;SERETIC,2,0,TORSERETIC,TORSERETIC,base,single_word,development
partial_8bc0840681aa2983,parts,three_ordered_middle_typo,HEP AAX ENE,HEP;AAX;ENE,3,1,HEPAVAX GENE,HEPAVAXGENE,base,multi_word,development
partial_8be327b28a2f7de4,parts,one_prefix_exact,ZYMO,ZYMO,1,0,ZYMOGEN,ZYMOGENFORTE,base,multi_word,holdout
partial_8bf4e09e2737ae60,parts,full_name_two_parts,CHARMALURESULFA TEFREEHAIR,CHARMALURESULFA;TEFREEHAIR,2,0,CHARMALURE,CHARMALURESULFATEFREEHAIR,base,multi_word,development
partial_8bfb60f78dd883be,parts,full_name_two_parts,ET HYLALCOHOL,ET;HYLALCOHOL,2,0,ETHYL ALCOHOL,ETHYLALCOHOL,base,multi_word,holdout
partial_8c0a5c4ebdc37c9e,parts,full_name_three_parts,REM ONT ADA,REM;ONT;ADA,3,0,REMONTADA,REMONTADA,base,single_word,development
partial_8c127c26cb6c7293,parts,two_edges_exact,NOBA RYME,NOBA;RYME,2,0,NOBACOMBYNTA TRY ME,NOBACOMBYNTATRYME,base,multi_word,holdout
partial_8c2746e39eb94fc2,parts,full_name_two_parts,GABI ONFORTE,GABI;ONFORTE,2,0,GABION,GABIONFORTE,base,multi_word,holdout
partial_8c33e49386c5bdd8,parts,full_name_two_parts,PA MIDIN,PA;MIDIN,2,0,PAMIDIN,PAMIDIN,base,single_word,development
partial_8c47398266e4fd39,parts,full_name_two_parts,LUB COMPLEX,LUB;COMPLEX,2,0,LU B COMPLEX,LUBCOMPLEX,base,multi_word,development
partial_8c7288b5456e5602,parts,full_name_two_parts,LIVERALB UMIN,LIVERALB;UMIN,2,0,LIVER ALBUMIN,LIVERALBUMIN,base,multi_word,development
partial_8c9aa4926bb2b94b,parts,full_name_two_parts,DENTO CAINE,DENTO;CAINE,2,0,DENTOCAINE,DENTOCAINE,base,single_word,development
partial_8c9bf05eb7696758,parts,full_name_two_parts,REXSOLPOSTP EELREPAIR,REXSOLPOSTP;EELREPAIR,2,0,REXSOL,REXSOLPOSTPEELREPAIR,base,multi_word,holdout
partial_8ca9e40deaa80e7d,parts,full_name_two_parts,PHARMACERISS SUNPROTECTIONFACEBODY,PHARMACERISS;SUNPROTECTIONFACEBODY,2,0,PHARMACERIS,PHARMACERISSSUNPROTECTIONFACEBODY,base,multi_word,development
partial_8cc57d201ffedba2,parts,full_name_two_parts,PULMIPR OVE,PULMIPR;OVE,2,0,PULMIPROVE,PULMIPROVE,base,single_word,development
partial_8cd7444aac08fe76,parts,full_name_two_parts,DDR RUUGGEEYYEE,DDR;RUUGGEEYYEE,2,0,DDRRUUGG EEYYEE,DDRRUUGGEEYYEE,base,multi_word,development
partial_8cdef03cf2020513,parts,full_name_three_parts,PRI VAC OND,PRI;VAC;OND,3,0,PRIVACOND,PRIVACOND,base,single_word,holdout
partial_8cfe1bf60b782806,parts,three_ordered_middle_typo,LUN NBA SPF,LUN;NBA;SPF,3,1,LUNA SUN BLOCK SPF,LUNASUNBLOCKSPF,base,multi_word,development
partial_8cfe5d46198b143d,parts,full_name_two_parts,SVRTOPIALYSEB AUMEINTENSIF,SVRTOPIALYSEB;AUMEINTENSIF,2,0,SVR TOPIALYSE BAUME INTENSIF,SVRTOPIALYSEBAUMEINTENSIF,base,multi_word,development
partial_8d0a2b9ebdc919a0,parts,full_name_two_parts,TE KLO,TE;KLO,2,0,TEKLO,TEKLO,base,single_word,development
partial_8d155dab5bf7a842,parts,full_name_two_parts,SYNOBARSKINCL EANSER,SYNOBARSKINCL;EANSER,2,0,SYNOBAR,SYNOBARSKINCLEANSER,base,multi_word,development
partial_8d1594d06e03e256,parts,full_name_two_parts,ENTYV IO,ENTYV;IO,2,0,ENTYVIO,ENTYVIO,base,single_word,development
partial_8d2407c86feeb91c,parts,full_name_three_parts,DI SAR TAN,DI;SAR;TAN,3,0,DISARTAN,DISARTAN,base,single_word,development
partial_8d2c00ac936b0c6c,parts,full_name_two_parts,IMMULAN TN,IMMULAN;TN,2,0,IMMULANT,IMMULANTN,base,multi_word,holdout
partial_8d2e2dba93d7d24d,parts,full_name_two_parts,SVRSU NSECURESPF,SVRSU;NSECURESPF,2,0,SVR SUNSECURE SPF,SVRSUNSECURESPF,base,multi_word,development
partial_8d36784296fea6da,parts,one_suffix_exact,VAIR,VAIR,1,0,TENTAVAIR,TENTAVAIR,base,single_word,development
partial_8d40a3c290084c0a,parts,full_name_three_parts,SOLANTRA ULTRAMOI STURIZING,SOLANTRA;ULTRAMOI;STURIZING,3,0,SOLANTRA,SOLANTRAULTRAMOISTURIZING,base,multi_word,development
partial_8d573dfd15b1e3b0,parts,full_name_two_parts,BOBAISUNSCR EENEXTRALIGHTENING,BOBAISUNSCR;EENEXTRALIGHTENING,2,0,BOBAI,BOBAISUNSCREENEXTRALIGHTENING,base,multi_word,development
partial_8d67d201442cbdb6,parts,full_name_two_parts,IM MUNIZZARE,IM;MUNIZZARE,2,0,IMMUNIZZARE,IMMUNIZZARE,base,single_word,development
partial_8d7eb45058d7d249,parts,two_edges_exact,SOLO MASK,SOLO;MASK,2,0,SOLODEX,SOLODEXROOTSHAIRMASK,base,multi_word,development
partial_8d86687f40e9d514,parts,two_edges_first_typo,SUAK DOBA,SUAK;DOBA,2,1,SUDKIDS CORDOBA,SUDKIDSCORDOBA,base,multi_word,development
partial_8d9939b18bc3e0b4,parts,full_name_two_parts,PEP TICATEMILK,PEP;TICATEMILK,2,0,PEPTICATE MILK,PEPTICATEMILK,base,multi_word,development
partial_8d9c55f662be665c,parts,full_name_two_parts,GYNOCONA ZOL,GYNOCONA;ZOL,2,0,GYNOCONAZOL,GYNOCONAZOL,base,single_word,development
partial_8da16b6ae5682c99,parts,full_name_two_parts,ROYALT ILIAGUAVALEAVESFILTERBAGS,ROYALT;ILIAGUAVALEAVESFILTERBAGS,2,0,ROYAL,ROYALTILIAGUAVALEAVESFILTERBAGS,base,multi_word,development
partial_8db4eb9d4b49e68a,parts,full_name_two_parts,FERROE BA,FERROE;BA,2,0,FERROEBA,FERROEBA,base,single_word,development
partial_8db8f97d90b3bdf3,parts,full_name_two_parts,DESTIN ABABY,DESTIN;ABABY,2,0,DESTINA,DESTINABABY,base,multi_word,holdout
partial_8dde7b540edaadf8,parts,full_name_two_parts,RE KANOBODY,RE;KANOBODY,2,0,REKANO,REKANOBODY,base,multi_word,development
partial_8df3a83a7f6a8c1d,parts,three_ordered_middle_typo,CAL AFI TED,CAL;AFI;TED,3,1,CALFOOD D3 FILM COATED,CALFOODD3FILMCOATED,base,multi_word,development
partial_8e2b8a849d2af693,parts,two_edges_exact,TOPI NIDE,TOPI;NIDE,2,0,TOPISONIDE,TOPISONIDE,base,single_word,development
partial_8e3101f1058d899f,parts,full_name_two_parts,SUNLAM OTRI,SUNLAM;OTRI,2,0,SUNLAMOTRI,SUNLAMOTRI,base,single_word,development
partial_8e43cb2ebf94f5c5,parts,two_edges_second_typo,OLAH AAIR,OLAH;AAIR,2,1,OLA HOLA CARE HAIR,OLAHOLACAREHAIR,base,multi_word,development
partial_8e57601137728a20,parts,full_name_two_parts,ROL LTRONMASSAGE,ROL;LTRONMASSAGE,2,0,ROLL TRON MASSAGE,ROLLTRONMASSAGE,base,multi_word,development
partial_8e85dc952e332ae9,parts,full_name_two_parts,GE MIFLOXACIN,GE;MIFLOXACIN,2,0,GEMIFLOXACIN,GEMIFLOXACIN,base,single_word,development
partial_8e9a425db160c26d,parts,full_name_two_parts,AVENETRIACNE AL,AVENETRIACNE;AL,2,0,AVENE,AVENETRIACNEAL,base,multi_word,holdout
partial_8ec497879e60a5fb,parts,full_name_three_parts,AB COM EGA,AB;COM;EGA,3,0,ABC OMEGA,ABCOMEGA,base,multi_word,holdout
partial_8ece9ddeec5550a9,parts,full_name_two_parts,FUCI CORT,FUCI;CORT,2,0,FUCICORT,FUCICORT,base,single_word,development
partial_8ee985c61f595146,parts,two_edges_second_typo,SECR CAAT,SECR;CAAT,2,1,SECRET LUBRICANT,SECRETLUBRICANT,base,multi_word,development
partial_8f45332544605181,parts,one_internal_exact,LADV,LADV,1,0,RILASTIL,RILASTILADVANCEMEN,base,multi_word,development
partial_8f59210bb3b8f563,parts,two_edges_first_typo,RACI NATE,RACI;NATE,2,1,RECICARNATE,RECICARNATE,base,single_word,development
partial_8f94e7926235ee6a,parts,full_name_two_parts,PANADOL JOINTER,PANADOL;JOINTER,2,0,PANADOL,PANADOLJOINTER,base,multi_word,development
partial_8fa6a52bf10aff19,parts,full_name_two_parts,SALIKITAF ACIAL,SALIKITAF;ACIAL,2,0,SALIKITA FACIAL,SALIKITAFACIAL,base,multi_word,holdout
partial_8fad3b016d83c890,parts,full_name_two_parts,PHARMIXANTIBACTERIALH ANDCLEANSING,PHARMIXANTIBACTERIALH;ANDCLEANSING,2,0,PHARMIX,PHARMIXANTIBACTERIALHANDCLEANSING,base,multi_word,development
partial_8fb8911ca8550c29,parts,full_name_two_parts,ROWAPRAXINF ORTE,ROWAPRAXINF;ORTE,2,0,ROWAPRAXIN,ROWAPRAXINFORTE,base,multi_word,development
partial_8ffed77de6492445,parts,full_name_two_parts,BEESLINEBODYPEA RLPOLISH,BEESLINEBODYPEA;RLPOLISH,2,0,BEESLINE,BEESLINEBODYPEARLPOLISH,base,multi_word,holdout
partial_900146a14fc0c577,parts,full_name_two_parts,PENDULINES HEAKIDSHAIR,PENDULINES;HEAKIDSHAIR,2,0,PENDULINE,PENDULINESHEAKIDSHAIR,base,multi_word,development
partial_905333b41b4eb5da,parts,full_name_two_parts,PA RKVILLWHITENING,PA;RKVILLWHITENING,2,0,PARKVILL,PARKVILLWHITENING,base,multi_word,development
partial_90712c27e0331b12,parts,full_name_two_parts,PREC EDEX,PREC;EDEX,2,0,PRECEDEX,PRECEDEX,base,single_word,development
partial_9076bce6be100ed0,parts,full_name_two_parts,RE NAVELAMER,RE;NAVELAMER,2,0,RENAVELAMER,RENAVELAMER,base,single_word,development
partial_90a4b7c36533d6ac,parts,full_name_two_parts,PARKVILLWHITEN ING,PARKVILLWHITEN;ING,2,0,PARKVILL,PARKVILLWHITENING,base,multi_word,development
partial_90be23823aa441d1,parts,full_name_two_parts,PIROCAM STERILE,PIROCAM;STERILE,2,0,PIROCAM STERILE,PIROCAMSTERILE,base,multi_word,holdout
partial_90ce73bb24708adc,parts,two_edges_second_typo,BEBE MILA,BEBE;MILA,2,1,BEBELAC,BEBELACJUNIORMILK,base,multi_word,development
partial_90f172073ed8a300,parts,one_internal_typo,EWAA,EWAA,1,1,NEW HAIR,NEWHAIR,base,multi_word,development
partial_90f5c587a64d8f34,parts,three_ordered_exact,VIG YFI TED,VIG;YFI;TED,3,0,VIGICALCY FILM COATED,VIGICALCYFILMCOATED,base,multi_word,development
partial_91002c703fd4fdad,parts,full_name_two_parts,ROYALGING ERFILTERBAGS,ROYALGING;ERFILTERBAGS,2,0,ROYAL,ROYALGINGERFILTERBAGS,base,multi_word,development
partial_91061cb577310da2,parts,one_internal_typo,FOPA,FOPA,1,1,CEFOPROX,CEFOPROX,base,single_word,development
partial_9134d2f0021c2c94,parts,full_name_two_parts,CERVETO LKAADVANCE,CERVETO;LKAADVANCE,2,0,CERVETOLKA,CERVETOLKAADVANCE,base,multi_word,development
partial_914c31b75f56597e,parts,full_name_two_parts,BA CQURE,BA;CQURE,2,0,BACQURE,BACQURE,base,single_word,development
partial_914d7fa1fd413c68,parts,two_edges_second_typo,MEAN GORA,MEAN;GORA,2,1,MEANINGORE,MEANINGORE,base,single_word,development
partial_915792f9d6b63ae6,parts,two_edges_first_typo,BIOA SHCT,BIOA;SHCT,2,1,BIOCARDIS HCT,BIOCARDISHCT,base,multi_word,development
partial_916670d2c299ae92,parts,full_name_two_parts,INLIFEINTIMATEFEMININEWA SHABLE,INLIFEINTIMATEFEMININEWA;SHABLE,2,0,INLIFE INTIMATE FEMININE WASHABLE,INLIFEINTIMATEFEMININEWASHABLE,base,multi_word,development
partial_9193102b98263a7c,parts,full_name_two_parts,FA STCARE,FA;STCARE,2,0,FAST CARE,FASTCARE,base,multi_word,development
partial_91935aa2eb744bad,parts,full_name_two_parts,BRON CANDES,BRON;CANDES,2,0,BRONCANDES,BRONCANDES,base,single_word,holdout
partial_919371c7c1a4c8f4,parts,full_name_two_parts,MONALISACUINTRAUTERINED EVICE,MONALISACUINTRAUTERINED;EVICE,2,0,MONA LISA CU INTRAUTERINE DEVICE,MONALISACUINTRAUTERINEDEVICE,base,multi_word,holdout
partial_91d91a91f7a729a0,parts,full_name_two_parts,EVANEO TRIMEXT,EVANEO;TRIMEXT,2,0,EVANEOTRIM EXT,EVANEOTRIMEXT,base,multi_word,development
partial_9205152756eb5912,parts,full_name_two_parts,RE QUIBPROLIB,RE;QUIBPROLIB,2,0,REQUIB PROLIB,REQUIBPROLIB,base,multi_word,development
partial_922ce16a672dc4e6,parts,full_name_two_parts,MUSTEL ACRADLE,MUSTEL;ACRADLE,2,0,MUSTELA,MUSTELACRADLE,base,multi_word,development
partial_9238348eec5014d6,parts,two_edges_first_typo,SOLA YTIC,SOLA;YTIC,2,1,SOLVOLYTIC,SOLVOLYTIC,base,single_word,development
partial_92413ec43cd08650,parts,two_edges_first_typo,SAPP EVON,SAPP;EVON,2,1,SUPPLEVON,SUPPLEVON,base,single_word,development
partial_9262ee9dc00cfb24,parts,one_prefix_exact,VARN,VARN,1,0,VARNOVA,VARNOVA,base,single_word,holdout
partial_928010921a036da5,parts,three_ordered_middle_typo,FLU AAT TIN,FLU;AAT;TIN,3,1,FLUVASTATIN,FLUVASTATIN,base,single_word,development
partial_928531e7dc7ce6e5,parts,full_name_two_parts,CYPENT OLA,CYPENT;OLA,2,0,CYPENTOLA,CYPENTOLA,base,single_word,holdout
partial_92a4d8878d9d0e20,parts,full_name_two_parts,LUSTYMA SSAGE,LUSTYMA;SSAGE,2,0,LUSTY MASSAGE,LUSTYMASSAGE,base,multi_word,development
partial_92ae5ae98a486685,parts,one_internal_exact,IAGE,IAGE,1,0,SIAGEN,SIAGEN,base,single_word,development
partial_92d88cd09282d442,parts,full_name_two_parts,ROTA DANSETRON,ROTA;DANSETRON,2,0,ROTADANSETRON,ROTADANSETRON,base,single_word,development
partial_92dd6799748a44ac,parts,full_name_two_parts,DEWAN TISEPTIC,DEWAN;TISEPTIC,2,0,DEW ANTISEPTIC,DEWANTISEPTIC,base,multi_word,development
partial_92e3daaf84849852,parts,full_name_two_parts,ISOPT OMAXITROL,ISOPT;OMAXITROL,2,0,ISOPTO,ISOPTOMAXITROL,base,multi_word,development
partial_92eee163c13bf8b5,parts,three_ordered_middle_typo,MOO MES AGE,MOO;MES;AGE,3,1,MOOV MASSAGE,MOOVMASSAGE,base,multi_word,development
partial_92f2ed1c98e3ddaa,parts,full_name_three_parts,CIC ASI LVER,CIC;ASI;LVER,3,0,CICASILVER,CICASILVER,base,single_word,development
partial_9325e87a66048fc0,parts,full_name_two_parts,FEMIRIV EROSES,FEMIRIV;EROSES,2,0,FEMIRIVE ROSE,FEMIRIVEROSES,base,multi_word,development
partial_9327a1e8546ce4bb,parts,one_internal_typo,AUAR,AUAR,1,1,JOINTGUARD,JOINTGUARDULTRA,base,multi_word,development
partial_93607d678d2cf7bc,parts,full_name_two_parts,SPECTRAPANTHEN OLEXTRA,SPECTRAPANTHEN;OLEXTRA,2,0,SPECTRA,SPECTRAPANTHENOLEXTRA,base,multi_word,development
partial_9369261934262e8a,parts,one_suffix_exact,SHUA,SHUA,1,0,JOSHUA,JOSHUA,base,single_word,development
partial_936c67b8661909b2,parts,three_ordered_middle_typo,BET AAA INE,BET;AAA;INE,3,1,BETA ALANINE,BETAALANINE,base,multi_word,development
partial_9370ed384dc8e4ec,parts,two_edges_first_typo,ENAO RAVA,ENAO;RAVA,2,1,ENDODRAVA,ENDODRAVA,base,single_word,development
partial_937e51a25039ff0c,parts,full_name_two_parts,COF FEEZINCHAIRTONICLIQUID,COF;FEEZINCHAIRTONICLIQUID,2,0,COFFEE ZINC HAIR TONIC LIQUID,COFFEEZINCHAIRTONICLIQUID,base,multi_word,holdout
partial_93819914ee84179b,parts,full_name_two_parts,BA RICTOMAP,BA;RICTOMAP,2,0,BARICTOMAP,BARICTOMAP,base,single_word,development
partial_93825ad9cb5f9031,parts,full_name_two_parts,PROBION TAL,PROBION;TAL,2,0,PROBIONTAL,PROBIONTAL,base,single_word,development
partial_939acf58dc47f796,parts,two_edges_exact,STRE QUIN,STRE;QUIN,2,0,STREPTOQUIN,STREPTOQUIN,base,single_word,development
partial_939dfe78db0c69d1,parts,full_name_three_parts,CONC RETA CLEAN,CONC;RETA;CLEAN,3,0,CONCRETA,CONCRETACLEAN,base,multi_word,development
partial_939f306523932c4c,parts,full_name_two_parts,GENEPREGNAFERTIL ITY,GENEPREGNAFERTIL;ITY,2,0,GENEPREGNA,GENEPREGNAFERTILITY,base,multi_word,development
partial_93ab460582723413,parts,two_edges_exact,DEVA ZINC,DEVA;ZINC,2,0,DEVART,DEVARTZINC,base,multi_word,holdout
partial_93b4f2e87aecbbda,parts,full_name_two_parts,VA XEMIA,VA;XEMIA,2,0,VAXEMIA,VAXEMIA,base,single_word,holdout
partial_93b62049e3755059,parts,three_ordered_exact,CEP RAF RTE,CEP;RAF;RTE,3,0,CEPHRAFORTE,CEPHRAFORTE,base,single_word,development
partial_93de701baec57236,parts,full_name_two_parts,SOL ARI,SOL;ARI,2,0,SOLARI,SOLARI,family_head,single_word,development
partial_93f5519cf02c8e78,parts,full_name_two_parts,HYDRENSACLEA NSING,HYDRENSACLEA;NSING,2,0,HYDRENSA,HYDRENSACLEANSING,base,multi_word,holdout
partial_9402f41b8e12e2c2,parts,full_name_two_parts,CYPROTERONEACE TATE,CYPROTERONEACE;TATE,2,0,CYPROTERONE ACETATE,CYPROTERONEACETATE,base,multi_word,development
partial_9421af8aa7fcf216,parts,full_name_two_parts,VENUSTAFILM COATED,VENUSTAFILM;COATED,2,0,VENUSTA FILM COATED,VENUSTAFILMCOATED,base,multi_word,development
partial_942c559b1bae4251,parts,full_name_two_parts,LE NTOJESTON,LE;NTOJESTON,2,0,LENTOJESTON,LENTOJESTON,base,single_word,development
partial_944764502a19ed55,parts,full_name_two_parts,LER GICARE,LER;GICARE,2,0,LERGICARE,LERGICARE,base,single_word,development
partial_9462cdbe654a4357,parts,full_name_two_parts,RINGERLACTATECOMPOUNDSODIUMLA CTATEELNILE,RINGERLACTATECOMPOUNDSODIUMLA;CTATEELNILE,2,0,RINGER,RINGERLACTATECOMPOUNDSODIUMLACTATEELNILE,base,multi_word,development
partial_946e87e6dd02b348,parts,full_name_two_parts,SEMA NEUROSUBLINGUAL,SEMA;NEUROSUBLINGUAL,2,0,SEMANEURO SUBLINGUAL,SEMANEUROSUBLINGUAL,base,multi_word,development
partial_947186c8884c2764,parts,one_internal_typo,KURA,KURA,1,1,SKYKUR,SKYKURHAIR,base,multi_word,holdout
partial_949c58e0abd4844d,parts,one_internal_exact,TROD,TROD,1,0,CETRODEL,CETRODEL,base,single_word,development
partial_94a2dec54dce8a8b,parts,full_name_two_parts,CENT RAVITA,CENT;RAVITA,2,0,CENTRAVITA,CENTRAVITA,family_head,single_word,development
partial_94a96846d7cf20dc,parts,full_name_two_parts,ME MCOCETIN,ME;MCOCETIN,2,0,MEMCOCETIN,MEMCOCETIN,base,single_word,development
partial_95150680eaedcad2,parts,full_name_two_parts,BAVIL ASE,BAVIL;ASE,2,0,BAVILASE,BAVILASE,base,single_word,holdout
partial_9516ae25e9c54a3d,parts,full_name_two_parts,OPTAPR OMASSAGE,OPTAPR;OMASSAGE,2,0,OPTAPRO MASSAGE,OPTAPROMASSAGE,base,multi_word,holdout
partial_951e9e8f8903421d,parts,full_name_two_parts,GEENBESTM ASSAGE,GEENBESTM;ASSAGE,2,0,GEENBEST MASSAGE,GEENBESTMASSAGE,base,multi_word,development
partial_951ec395dc7d3ba9,parts,two_edges_first_typo,IAMU ASHK,IAMU;ASHK,2,1,IMMUNO,IMMUNOMASHK,base,multi_word,holdout
partial_9527351a79c52afd,parts,full_name_two_parts,GLO RIAGENT,GLO;RIAGENT,2,0,GLORIAGENT,GLORIAGENT,base,single_word,development
partial_9539092a8706db9d,parts,full_name_two_parts,ALEX AN,ALEX;AN,2,0,ALEXAN,ALEXAN,base,single_word,development
partial_954a47647c782c1b,parts,full_name_two_parts,QHEA LTHD3,QHEA;LTHD3,2,0,Q HEALTH D3,QHEALTHD3,base,multi_word,development
partial_955ec25c97f061f5,parts,full_name_two_parts,CARNITIN EFUMARATE,CARNITIN;EFUMARATE,2,0,CARNITINE FUMARATE,CARNITINEFUMARATE,base,multi_word,development
partial_957ddecf97550f4c,parts,two_edges_first_typo,NERA STAR,NERA;STAR,2,1,NERMOSTAR,NERMOSTAR,base,single_word,development
partial_95808e56a43ea3b2,parts,full_name_two_parts,TOLAHAIROILREPLACE MENT,TOLAHAIROILREPLACE;MENT,2,0,TOLA HAIR OIL REPLACEMENT,TOLAHAIROILREPLACEMENT,base,multi_word,development
partial_958c7a78596c465a,parts,full_name_two_parts,VI OLETINTIMATE,VI;OLETINTIMATE,2,0,VIOLET INTIMATE,VIOLETINTIMATE,base,multi_word,development
partial_9601de7fced66b1e,parts,full_name_three_parts,CRY PTO PER,CRY;PTO;PER,3,0,CRYPTOPER,CRYPTOPER,base,single_word,holdout
partial_9607cc0b558d642f,parts,one_internal_typo,AIDA,AIDA,1,1,ORIDAL,ORIDAL,base,single_word,development
partial_96255c8cc35dc224,parts,two_edges_second_typo,ADOL LATS,ADOL;LATS,2,1,ADOL EXTRA CAPLETS,ADOLEXTRACAPLETS,base,multi_word,development
partial_962d2b0aeab67f5d,parts,full_name_two_parts,DACRYO TIVE,DACRYO;TIVE,2,0,DACRYOTIVE,DACRYOTIVE,base,single_word,development
partial_963ae4e28eccf841,parts,full_name_two_parts,GREENCOFFEEBEANE XTRACT,GREENCOFFEEBEANE;XTRACT,2,0,GREEN,GREENCOFFEEBEANEXTRACT,base,multi_word,development
partial_9652b2f31fd2e4e5,parts,three_ordered_middle_typo,COU CAT REN,COU;CAT;REN,3,1,COUGHSED,COUGHSEDPARACETAMOLCHILDREN,base,multi_word,holdout
partial_965fbfe5c0c5eecd,parts,three_ordered_middle_typo,CHA APE NOL,CHA;APE;NOL,3,1,CHARISMA PANTHENOL,CHARISMAPANTHENOL,base,multi_word,development
partial_96771c05db254614,parts,full_name_two_parts,INFE CTODENT,INFE;CTODENT,2,0,INFECTODENT,INFECTODENT,base,single_word,development
partial_9682f54da9d2d2a6,parts,full_name_two_parts,SUREPAL PENWHITE,SUREPAL;PENWHITE,2,0,SUREPAL,SUREPALPENWHITE,base,multi_word,development
partial_96a07aa62d50633d,parts,full_name_two_parts,HYDRAP HASE,HYDRAP;HASE,2,0,HYDRAPHASE,HYDRAPHASE,family_head,single_word,holdout
partial_96a270a9776447f6,parts,full_name_two_parts,AKIVAHYDRAMOIST URIZING,AKIVAHYDRAMOIST;URIZING,2,0,AKIVA,AKIVAHYDRAMOISTURIZING,base,multi_word,development
partial_96a5c67b38ca285f,parts,two_edges_first_typo,VITE CARE,VITE;CARE,2,1,VITAL,VITALCARE,base,multi_word,development
partial_96ec382ea1f2b5c1,parts,full_name_two_parts,KE MPOVANCOM,KE;MPOVANCOM,2,0,KEMPOVANCOM,KEMPOVANCOM,base,single_word,holdout
partial_96f29efe18aa8997,parts,full_name_two_parts,MUC OSR,MUC;OSR,2,0,MUCO S R,MUCOSR,base,multi_word,development
partial_971d142b27f98bb5,parts,full_name_three_parts,HYC YAN ARO,HYC;YAN;ARO,3,0,HYCYANARO,HYCYANARO,base,single_word,development
partial_97203b27807c7cf4,parts,full_name_two_parts,INCAN DADVANCE,INCAN;DADVANCE,2,0,INCAN D,INCANDADVANCE,base,multi_word,holdout
partial_973e928b6334ac8c,parts,full_name_two_parts,PROGEST ERONE,PROGEST;ERONE,2,0,PROGESTERONE,PROGESTERONE,base,single_word,holdout
partial_974c42688af97f9f,parts,full_name_two_parts,OME GAPRESS,OME;GAPRESS,2,0,OMEGAPRESS,OMEGAPRESS,base,single_word,development
partial_974ff56e1195b82d,parts,one_prefix_exact,AKTA,AKTA,1,0,AKTAR BABY,AKTARBABY,base,multi_word,development
partial_976b61adeaad6624,parts,full_name_two_parts,SUPPORTAN DRINKTROPICALFRUITS,SUPPORTAN;DRINKTROPICALFRUITS,2,0,SUPPORTAN DRINK TROPICAL FRUITS,SUPPORTANDRINKTROPICALFRUITS,base,multi_word,development
partial_9781768781438110,parts,full_name_two_parts,SERO XATCR,SERO;XATCR,2,0,SEROXAT,SEROXATCR,base,multi_word,development
partial_9781b046662f283e,parts,full_name_two_parts,BODIUMSTR ETCHMARKS,BODIUMSTR;ETCHMARKS,2,0,BODIUM,BODIUMSTRETCHMARKS,base,multi_word,holdout
partial_978343d293924ef4,parts,three_ordered_exact,SOD TEM ASR,SOD;TEM;ASR,3,0,SODIUM,SODIUMLACTATEMOLARELNASR,base,multi_word,development
partial_9799f75c5e6511ea,parts,full_name_two_parts,HAEMODIALYSISCONCENTRATEDLIQ UIDACETATECONCENTRATION,HAEMODIALYSISCONCENTRATEDLIQ;UIDACETATECONCENTRATION,2,0,HAEMODIALYSIS,HAEMODIALYSISCONCENTRATEDLIQUIDACETATECONCENTRATION,base,multi_word,holdout
partial_97b25f98a1d0fa64,parts,one_internal_exact,TASA,TASA,1,0,BETASALIC,BETASALIC,base,single_word,development
partial_97d8d7b9831b7378,parts,full_name_two_parts,ROTA LBONED,ROTA;LBONED,2,0,ROTALBONE D,ROTALBONED,base,multi_word,development
partial_97e3041e8aa89413,parts,full_name_two_parts,SP ECTRABANSPF,SP;ECTRABANSPF,2,0,SPECTRABAN SPF,SPECTRABANSPF,base,multi_word,holdout
partial_97ef69d8c01440ab,parts,full_name_two_parts,CIVI RUS,CIVI;RUS,2,0,CIVIRUS,CIVIRUS,base,single_word,development
partial_97f02c81009b9d25,parts,full_name_three_parts,FOLTENEAN TIDANDRUF FTREATMENT,FOLTENEAN;TIDANDRUF;FTREATMENT,3,0,FOLTENE,FOLTENEANTIDANDRUFFTREATMENT,base,multi_word,development
partial_97f332367ac592bc,parts,full_name_two_parts,PYRAPH OLPED,PYRAPH;OLPED,2,0,PYRAPHOL PED,PYRAPHOLPED,base,multi_word,development
partial_980af2b363e50678,parts,one_internal_exact,MABR,MABR,1,0,HEMA BRAND,HEMABRAND,base,multi_word,development
partial_9818e0ebdd56f39e,parts,full_name_two_parts,NEARBYYOU SKINMOISTURISING,NEARBYYOU;SKINMOISTURISING,2,0,NEARBY,NEARBYYOUSKINMOISTURISING,base,multi_word,development
partial_981c3133d262efb5,parts,full_name_two_parts,KETORAL HAIR,KETORAL;HAIR,2,0,KETORAL HAIR,KETORALHAIR,base,multi_word,holdout
partial_982aee276cf1a5b4,parts,full_name_two_parts,GYPTILIPOSOMALIR ONKIDS,GYPTILIPOSOMALIR;ONKIDS,2,0,GYPTI,GYPTILIPOSOMALIRONKIDS,base,multi_word,holdout
partial_9863c92d15989350,parts,three_ordered_exact,SIL ARI INC,SIL;ARI;INC,3,0,SILYMARIN ZINC,SILYMARINZINC,base,multi_word,holdout
partial_987af36ccbde98b2,parts,full_name_two_parts,AFRINPEDIAT RIC,AFRINPEDIAT;RIC,2,0,AFRIN,AFRINPEDIATRIC,base,multi_word,development
partial_98804babbf3671ad,parts,full_name_two_parts,SUPE RFORMULA,SUPE;RFORMULA,2,0,FORMULA,SUPERFORMULA,base,multi_word,development
partial_988fc60d54b3406e,parts,full_name_two_parts,RHINO CORTAQUA,RHINO;CORTAQUA,2,0,RHINOCORT AQUA,RHINOCORTAQUA,base,multi_word,development
partial_9891f1765ddc09cc,parts,full_name_two_parts,KPMAGN IVITAL,KPMAGN;IVITAL,2,0,KP MAGNIVITAL,KPMAGNIVITAL,base,multi_word,development
partial_98b1313721e92c49,parts,full_name_two_parts,MOVELEXACTIVE MASSAGE,MOVELEXACTIVE;MASSAGE,2,0,MOVELEX,MOVELEXACTIVEMASSAGE,base,multi_word,development
partial_98bdf8f2414edf9d,parts,full_name_two_parts,CRYOV ERDCOLD,CRYOV;ERDCOLD,2,0,CRYOVERD,CRYOVERDCOLD,base,multi_word,development
partial_98cfdf9593126306,parts,full_name_two_parts,MIG TRIPTAN,MIG;TRIPTAN,2,0,MIGTRIPTAN,MIGTRIPTAN,base,single_word,development
partial_98d2af6521fc90f0,parts,full_name_two_parts,MARNYSN OBILETILBOTTLES,MARNYSN;OBILETILBOTTLES,2,0,MARNYS,MARNYSNOBILETILBOTTLES,base,multi_word,development
partial_98dc67c3145b2351,parts,full_name_three_parts,ZAL HIN APEX,ZAL;HIN;APEX,3,0,ZALHINAPEX,ZALHINAPEX,base,single_word,development
partial_98de74c509f658c4,parts,full_name_two_parts,NORBACT IN,NORBACT;IN,2,0,NORBACTIN,NORBACTIN,base,single_word,development
partial_98f7f36dd6e886f3,parts,full_name_two_parts,MOVARIOMASS AGE,MOVARIOMASS;AGE,2,0,MOVARIO MASSAGE,MOVARIOMASSAGE,base,multi_word,development
partial_990239c968a04e93,parts,full_name_two_parts,BRONCH ICUM,BRONCH;ICUM,2,0,BRONCHICUM,BRONCHICUM,base,single_word,holdout
partial_990c47fe0a0b174a,parts,one_suffix_exact,ISOL,ISOL,1,0,CAPISOL,CAPISOL,base,single_word,development
partial_990d30406142019d,parts,full_name_two_parts,UME GAD,UME;GAD,2,0,UMEGA D,UMEGAD,base,multi_word,development
partial_990d440033c81f7b,parts,two_edges_second_typo,PERF ANOL,PERF;ANOL,2,1,PERFECTION,PERFECTIONPANTHENOL,base,multi_word,development
partial_99307f33ef558743,parts,full_name_three_parts,CALCIU MFOLINA TESTADA,CALCIU;MFOLINA;TESTADA,3,0,CALCIUM FOLINATE STADA,CALCIUMFOLINATESTADA,base,multi_word,holdout
partial_99315473e9472953,parts,three_ordered_middle_typo,MKV AK2 ISA,MKV;AK2;ISA,3,1,VITAMIN,MKVITAMINK2GELVISA,base,multi_word,holdout
partial_9949b39871df0e15,parts,full_name_two_parts,DO STA,DO;STA,2,0,DOSTA,DOSTA,base,single_word,development
partial_9972d1aaf77c1af6,parts,two_edges_second_typo,NERM ATAR,NERM;ATAR,2,1,NERMOSTAR,NERMOSTAR,base,single_word,development
partial_9990271d9b72b1ad,parts,full_name_two_parts,LCAD EPIGMENTINGMASK,LCAD;EPIGMENTINGMASK,2,0,LCA DEPIGMENTING MASK,LCADEPIGMENTINGMASK,base,multi_word,development
partial_99a92e1f1c3489e6,parts,full_name_two_parts,STEMFA CIALMASK,STEMFA;CIALMASK,2,0,STEM FACIAL MASK,STEMFACIALMASK,base,multi_word,development
partial_99ca460e61ce103b,parts,full_name_two_parts,FLAMINALHYD ROENZYMEALGINOGEL,FLAMINALHYD;ROENZYMEALGINOGEL,2,0,FLAMINAL,FLAMINALHYDROENZYMEALGINOGEL,base,multi_word,development
partial_99d546314e33968a,parts,full_name_three_parts,OMEG ALJU NIORS,OMEG;ALJU;NIORS,3,0,OMEGAL,OMEGALJUNIORS,base,multi_word,development
partial_99d7c5848935d37d,parts,full_name_two_parts,URIAGEAGEP ROTECT,URIAGEAGEP;ROTECT,2,0,URIAGE,URIAGEAGEPROTECT,base,multi_word,holdout
partial_99dfe63a8af769bb,parts,full_name_two_parts,AS EROPIX,AS;EROPIX,2,0,ASEROPIX,ASEROPIX,base,single_word,development
partial_99e558a027fd363c,parts,full_name_two_parts,RE TROAMYLASE,RE;TROAMYLASE,2,0,RETRO,RETROAMYLASE,base,multi_word,holdout
partial_99e9053f8766249b,parts,full_name_two_parts,ATTOVELOCEPANT HENOL,ATTOVELOCEPANT;HENOL,2,0,ATTOVELOCE,ATTOVELOCEPANTHENOL,base,multi_word,development
partial_99f0df89f378628a,parts,full_name_two_parts,BE OSTEFORT,BE;OSTEFORT,2,0,BEOSTE,BEOSTEFORT,base,multi_word,development
partial_99f3113666d191e7,parts,two_edges_second_typo,CHOL TATA,CHOL;TATA,2,1,CHOLESTATE,CHOLESTATE,base,single_word,development
partial_99f598eb88dd04a5,parts,one_internal_exact,OROC,OROC,1,0,CLOROCEF,CLOROCEF,base,single_word,development
partial_99fef835282ade15,parts,two_edges_second_typo,INST AICE,INST;AICE,2,1,INSTANT ICE,INSTANTICE,base,multi_word,development
partial_9a3429ac0756f5c5,parts,one_internal_exact,RMIL,RMIL,1,0,URMILA,URMILA,base,single_word,development
partial_9a39d6313437156b,parts,full_name_two_parts,MEM PHISPANTHENOL,MEM;PHISPANTHENOL,2,0,MEMPHIS PANTHENOL,MEMPHISPANTHENOL,base,multi_word,development
partial_9a43561cd63eeaf7,parts,full_name_two_parts,MOUNJELLYI RONVITAMIN,MOUNJELLYI;RONVITAMIN,2,0,MOUNJELLY,MOUNJELLYIRONVITAMIN,base,multi_word,development
partial_9a5d7f8bd57bac68,parts,full_name_two_parts,NEOSPO REPR,NEOSPO;REPR,2,0,NEOSPORE P R,NEOSPOREPR,base,multi_word,development
partial_9a67e71343e513fb,parts,full_name_two_parts,FRE SHDERM,FRE;SHDERM,2,0,FRESH DERM,FRESHDERM,base,multi_word,development
partial_9a6fb43d220bf603,parts,full_name_two_parts,ACICLO VIRVIATRIS,ACICLO;VIRVIATRIS,2,0,ACICLOVIR VIATRIS,ACICLOVIRVIATRIS,base,multi_word,development
partial_9a7025726f7dbddd,parts,full_name_two_parts,BABONGEMASHER BALDRINK,BABONGEMASHER;BALDRINK,2,0,BABONGE MAS HERBAL DRINK,BABONGEMASHERBALDRINK,base,multi_word,development
partial_9a71a4a1480a9f29,parts,full_name_two_parts,DUC RAYNUTRICERATHAIRMASK,DUC;RAYNUTRICERATHAIRMASK,2,0,DUCRAY,DUCRAYNUTRICERATHAIRMASK,base,multi_word,holdout
partial_9a7a10bdfafcaf52,parts,full_name_two_parts,FASTMO VEMASSAGE,FASTMO;VEMASSAGE,2,0,FASTMOVE,FASTMOVEMASSAGE,base,multi_word,holdout
partial_9a84c17c248b7a61,parts,full_name_two_parts,GRANISE TRON,GRANISE;TRON,2,0,GRANISETRON,GRANISETRON,base,single_word,holdout
partial_9a8c17c6e7b49e59,parts,full_name_two_parts,EFE MYO,EFE;MYO,2,0,EFEMYO,EFEMYO,base,single_word,development
partial_9a8c8aaef648c2d1,parts,full_name_three_parts,DOL ASP RAY,DOL;ASP;RAY,3,0,DOLASPRAY,DOLASPRAY,base,single_word,development
partial_9a9751cabee0b31c,parts,one_internal_typo,HOAL,HOAL,1,1,PHOSPHOPLEX,PHOSPHOPLEXIRON,base,multi_word,development
partial_9aa3a8c52bfeb3af,parts,full_name_two_parts,TEMP GESIC,TEMP;GESIC,2,0,TEMPGESIC,TEMPGESIC,base,single_word,holdout
partial_9aa7f98c72afa76c,parts,two_edges_second_typo,ATRA AATE,ATRA;AATE,2,1,ATRACURIUM BESYLATE,ATRACURIUMBESYLATE,base,multi_word,holdout
partial_9aaffa469d8ada48,parts,two_edges_first_typo,INAR VETO,INAR;VETO,2,1,INTRA,INTRAVETO,base,multi_word,development
partial_9ab7d99abaf7224d,parts,one_prefix_exact,GATY,GATY,1,0,GATYXEL,GATYXEL,base,single_word,development
partial_9ad6529fb978afc2,parts,full_name_two_parts,GLOWFITBARL EYCOFFEE,GLOWFITBARL;EYCOFFEE,2,0,GLOW FIT BARLEY COFFEE,GLOWFITBARLEYCOFFEE,base,multi_word,development
partial_9addf597d8ff3df3,parts,one_internal_typo,RAIC,RAIC,1,1,ALLERGICASONE,ALLERGICASONE,base,single_word,development
partial_9aef68921f3d7635,parts,full_name_two_parts,LUCENTESUNCARECOMPLEXIONCORRECTORINVI SIBLESPF,LUCENTESUNCARECOMPLEXIONCORRECTORINVI;SIBLESPF,2,0,LUCENTE,LUCENTESUNCARECOMPLEXIONCORRECTORINVISIBLESPF,base,multi_word,holdout
partial_9aefe7785186e633,parts,full_name_two_parts,PREMAP RESS,PREMAP;RESS,2,0,PREMAPRESS,PREMAPRESS,base,single_word,development
partial_9af717967e5b0c19,parts,full_name_two_parts,OM EGAGUMMYGOVITA,OM;EGAGUMMYGOVITA,2,0,OMEGA GUMMY GOVITA,OMEGAGUMMYGOVITA,base,multi_word,development
partial_9b24d71b213e02dd,parts,two_edges_exact,REXS REEN,REXS;REEN,2,0,REXSOL,REXSOLSPFSUNSCREEN,base,multi_word,holdout
partial_9b26de26f21be7c7,parts,full_name_three_parts,NAP REX HAIR,NAP;REX;HAIR,3,0,NAPREX HAIR,NAPREXHAIR,base,multi_word,holdout
partial_9b28606087d34bed,parts,full_name_three_parts,DIA FLOZ IMET,DIA;FLOZ;IMET,3,0,DIAFLOZIMET,DIAFLOZIMET,base,single_word,holdout
partial_9b332fe4386eb146,parts,full_name_two_parts,GOLDENB AMBO,GOLDENB;AMBO,2,0,GOLDEN BAMBO,GOLDENBAMBO,base,multi_word,holdout
partial_9b55b20b0bc4f9ab,parts,full_name_two_parts,STRIACLEAROILANTISTRETCHMAR KS,STRIACLEAROILANTISTRETCHMAR;KS,2,0,STRIACLEAR,STRIACLEAROILANTISTRETCHMARKS,base,multi_word,development
partial_9b59b42a6cb69778,parts,full_name_two_parts,BEESLINE LIPCARESHIMMERYCHERRY,BEESLINE;LIPCARESHIMMERYCHERRY,2,0,BEESLINE,BEESLINELIPCARESHIMMERYCHERRY,base,multi_word,holdout
partial_9b696f9c0a24e71d,parts,one_internal_exact,ILIG,ILIG,1,0,ACILIGHT,ACILIGHT,base,single_word,development
partial_9b978a24dc3b87ef,parts,full_name_two_parts,PROMOT IC,PROMOT;IC,2,0,PROMOTIC,PROMOTIC,base,single_word,development
partial_9bb3ea3044f88ecc,parts,full_name_two_parts,ZISR OCIN,ZISR;OCIN,2,0,ZISROCIN,ZISROCIN,base,single_word,holdout
partial_9bbaaea8e36f5072,parts,full_name_two_parts,SPA SMOCANULASEDBITABCANCELLED,SPA;SMOCANULASEDBITABCANCELLED,2,0,SPASMOCANULASE D BITAB CANCELLED,SPASMOCANULASEDBITABCANCELLED,base,multi_word,development
partial_9bc0c52fc4443549,parts,full_name_two_parts,REBOSSSOOTHI NG,REBOSSSOOTHI;NG,2,0,REBOSS,REBOSSSOOTHING,base,multi_word,development
partial_9bced219bc9140a3,parts,full_name_two_parts,GLUVI LDAN,GLUVI;LDAN,2,0,GLUVILDAN,GLUVILDAN,base,single_word,development
partial_9bcf9cdeb3120597,parts,full_name_two_parts,CHAR MALUREHAIROIL,CHAR;MALUREHAIROIL,2,0,CHARMALURE,CHARMALUREHAIROIL,base,multi_word,development
partial_9bd73c1411b5af47,parts,two_edges_second_typo,BLOF RAEX,BLOF;RAEX,2,1,BLOFORDEX,BLOFORDEX,base,single_word,development
partial_9c0305421f8f9bd0,parts,full_name_two_parts,CHEM OTRIMFORTE,CHEM;OTRIMFORTE,2,0,CHEMOTRIM,CHEMOTRIMFORTE,base,multi_word,holdout
partial_9c066a94fb11e3ca,parts,full_name_two_parts,XI LOIAL,XI;LOIAL,2,0,XILOIAL,XILOIAL,base,single_word,development
partial_9c227b839213e8b3,parts,one_prefix_exact,SWIS,SWIS,1,0,SWISSLAC,SWISSLAC,family_head,single_word,development
partial_9c2853783e2ad5fe,parts,two_edges_exact,NUTR TRUD,NUTR;TRUD,2,0,NUTRITRU,NUTRITRUD,base,multi_word,holdout
partial_9c3d6bed7153e5c6,parts,full_name_two_parts,TARGO MASH,TARGO;MASH,2,0,TARGOMASH,TARGOMASH,base,single_word,development
partial_9c3e2126671fcda3,parts,three_ordered_exact,ACT UTA APS,ACT;UTA;APS,3,0,ACTYLOGLUTA SE 20TAPS,ACTYLOGLUTASE20TAPS,base,multi_word,development
partial_9c47e1bf16fe021b,parts,full_name_two_parts,FERROT RON,FERROT;RON,2,0,FERROTRON,FERROTRON,base,single_word,development
partial_9cac9febe23daefd,parts,full_name_two_parts,SOMINA LETTA,SOMINA;LETTA,2,0,SOMINALETTA,SOMINALETTA,base,single_word,development
partial_9cca987889e27242,parts,full_name_two_parts,BO RGASONE,BO;RGASONE,2,0,BORGASONE,BORGASONE,base,single_word,development
partial_9ccdee862dc3edc5,parts,full_name_two_parts,STA RVILLEFACIALCLEANSER,STA;RVILLEFACIALCLEANSER,2,0,STARVILLE,STARVILLEFACIALCLEANSER,base,multi_word,development
partial_9ce90ef35756a450,parts,full_name_two_parts,ROYAL STERIDE,ROYAL;STERIDE,2,0,ROYALSTERIDE,ROYALSTERIDE,base,single_word,holdout
partial_9d1bf1a940762364,parts,full_name_three_parts,RI VAS TIG,RI;VAS;TIG,3,0,RIVASTIG,RIVASTIG,base,single_word,development
partial_9d424aaef9b4dbbc,parts,full_name_two_parts,ARCHO DAL,ARCHO;DAL,2,0,ARCHODAL,ARCHODAL,base,single_word,development
partial_9d4b9f0e670d01d9,parts,two_edges_first_typo,CLAA RAFT,CLAA;RAFT,2,1,CLASICRAFT,CLASICRAFT,base,single_word,development
partial_9d55714a0b752039,parts,full_name_two_parts,CL INIJELLUBRICATINGJELLY,CL;INIJELLUBRICATINGJELLY,2,0,CLINIJEL LUBRICATING JELLY,CLINIJELLUBRICATINGJELLY,base,multi_word,development
partial_9d55f0968ac87c90,parts,one_internal_exact,ILYS,ILYS,1,0,ALEJON,ALEJONOILYSKINACNE,base,multi_word,development
partial_9d60fb374d14cd07,parts,full_name_two_parts,CUSIMO LOL,CUSIMO;LOL,2,0,CUSIMOLOL,CUSIMOLOL,base,single_word,development
partial_9d7ce3280ef09038,parts,full_name_two_parts,PR OMIXAN,PR;OMIXAN,2,0,PROMIXAN,PROMIXAN,base,single_word,development
partial_9d90257ccada8db3,parts,full_name_two_parts,GENOV EGENOVANEXTREMESPF,GENOV;EGENOVANEXTREMESPF,2,0,GENOVE,GENOVEGENOVANEXTREMESPF,base,multi_word,development
partial_9d93c8fa0b6d043f,parts,two_edges_first_typo,AOLY ATED,AOLY;ATED,2,1,POLYZYME DOUBLE COATED,POLYZYMEDOUBLECOATED,base,multi_word,development
partial_9d97c9be2184dac6,parts,full_name_two_parts,NUXEGENTLEEXF OLIATING,NUXEGENTLEEXF;OLIATING,2,0,NUXE GENTLE EXFOLIATING,NUXEGENTLEEXFOLIATING,base,multi_word,development
partial_9d9a6ad704257945,parts,full_name_two_parts,DEPIDERMS PF,DEPIDERMS;PF,2,0,DEPIDERM,DEPIDERMSPF,base,multi_word,development
partial_9d9d966382c88c1c,parts,full_name_two_parts,ARTIT OP,ARTIT;OP,2,0,ARTI TOP,ARTITOP,base,multi_word,development
partial_9da57f8bbe79fd35,parts,two_edges_first_typo,CERE LOBA,CERE;LOBA,2,1,CARERINOBILOBA,CARERINOBILOBA,base,single_word,development
partial_9da78fe0faacf329,parts,full_name_two_parts,CONTALI CE,CONTALI;CE,2,0,CONTALICE,CONTALICE,base,single_word,holdout
partial_9db0951da006f9f7,parts,full_name_two_parts,VICHYIDEALSOLEILSPFMATTIFYI NGFACEFLUIDDRYTOUCH,VICHYIDEALSOLEILSPFMATTIFYI;NGFACEFLUIDDRYTOUCH,2,0,VICHY,VICHYIDEALSOLEILSPFMATTIFYINGFACEFLUIDDRYTOUCH,base,multi_word,development
partial_9dc36c8be3cc10fb,parts,full_name_two_parts,AVE NESKINRECOVERY,AVE;NESKINRECOVERY,2,0,AVENE,AVENESKINRECOVERY,base,multi_word,holdout
partial_9dd0259540ef3530,parts,full_name_two_parts,MOB INORM,MOB;INORM,2,0,MOBINORM,MOBINORM,base,single_word,development
partial_9dd81f69436aee13,parts,full_name_two_parts,BEESL INEDEOWHITENINGARABIANOUD,BEESL;INEDEOWHITENINGARABIANOUD,2,0,BEESLINE,BEESLINEDEOWHITENINGARABIANOUD,base,multi_word,holdout
partial_9deffcfa4c1cb7c4,parts,full_name_two_parts,VICHYDERCOS AMINEXILCLINICALWOMENMONODOSEHAIR,VICHYDERCOS;AMINEXILCLINICALWOMENMONODOSEHAIR,2,0,VICHY,VICHYDERCOSAMINEXILCLINICALWOMENMONODOSEHAIR,base,multi_word,development
partial_9e08afe027832613,parts,full_name_two_parts,OTRIKIDS MUMS,OTRIKIDS;MUMS,2,0,OTRI KIDS MUMS,OTRIKIDSMUMS,base,multi_word,development
partial_9e1159b6324c2905,parts,full_name_two_parts,PHARMACERISHPURINOIL YDANDRUFF,PHARMACERISHPURINOIL;YDANDRUFF,2,0,PHARMACERIS,PHARMACERISHPURINOILYDANDRUFF,base,multi_word,development
partial_9e259b4b01c72477,parts,three_ordered_exact,PED ILH ILK,PED;ILH;ILK,3,0,PEDIAMIL,PEDIAMILHAMILK,base,multi_word,development
partial_9e281a216f20431a,parts,full_name_two_parts,TINIFLOXAC IN,TINIFLOXAC;IN,2,0,TINIFLOXACIN,TINIFLOXACIN,base,single_word,development
partial_9e3042061fc7504f,parts,one_internal_exact,THIS,THIS,1,0,XANTHISTOP,XANTHISTOP,base,single_word,development
partial_9e6f524deb32213c,parts,three_ordered_exact,VIC ALS SPF,VIC;ALS;SPF,3,0,VICHY,VICHYIDEALSOLEILSPF,base,multi_word,development
partial_9eaa52820bee3942,parts,full_name_three_parts,TRI CAR DIA,TRI;CAR;DIA,3,0,TRICARDIA,TRICARDIA,base,single_word,development
partial_9eb4594d33d35712,parts,full_name_three_parts,MARSHM ALLOWF EMININE,MARSHM;ALLOWF;EMININE,3,0,MARSHMALLOW,MARSHMALLOWFEMININE,base,multi_word,development
partial_9ec56b413e7e9f85,parts,full_name_two_parts,FIRST VOCHAIR,FIRST;VOCHAIR,2,0,FIRSTVOC,FIRSTVOCHAIR,base,multi_word,holdout
partial_9eedc3b89d8bcc1a,parts,three_ordered_middle_typo,PER ATN URA,PER;ATN;URA,3,1,PERFECT NEURA,PERFECTNEURA,base,multi_word,development
partial_9eff007594491d59,parts,one_internal_exact,RCAF,RCAF,1,0,NERCAFIX,NERCAFIX,base,single_word,development
partial_9f11e5cdcdb4069a,parts,full_name_two_parts,PHARMACERISEEM OTOPICHYDRATINGLIPIDREPLENISHINGBODY,PHARMACERISEEM;OTOPICHYDRATINGLIPIDREPLENISHINGBODY,2,0,PHARMACERIS,PHARMACERISEEMOTOPICHYDRATINGLIPIDREPLENISHINGBODY,base,multi_word,development
partial_9f12a0227d03f7c7,parts,full_name_two_parts,METHAB IOGEN,METHAB;IOGEN,2,0,METHABIOGEN,METHABIOGEN,base,single_word,development
partial_9f15677ceb1dc696,parts,full_name_two_parts,PARACET AMOLKABI,PARACET;AMOLKABI,2,0,PARACETAMOL KABI,PARACETAMOLKABI,base,multi_word,development
partial_9f24a25964207322,parts,full_name_two_parts,PAROMI NO,PAROMI;NO,2,0,PAROMINO,PAROMINO,base,single_word,development
partial_9f2c1d3c82ecbc4e,parts,full_name_two_parts,MARSHMALL OWACNEPRONESKIN,MARSHMALL;OWACNEPRONESKIN,2,0,MARSHMALLOW,MARSHMALLOWACNEPRONESKIN,base,multi_word,development
partial_9f2c6aa81672c650,parts,full_name_two_parts,SOVID AL,SOVID;AL,2,0,SOVIDAL,SOVIDAL,base,single_word,development
partial_9f3a5b6ba26b6c3d,parts,full_name_two_parts,TOPICREMULTRAMOISTURIZINGFA CE,TOPICREMULTRAMOISTURIZINGFA;CE,2,0,TOPICREM,TOPICREMULTRAMOISTURIZINGFACE,base,multi_word,holdout
partial_9f45fafc14d29859,parts,full_name_two_parts,MONTE KAL,MONTE;KAL,2,0,MONTEKAL,MONTEKAL,base,single_word,development
partial_9f70daa571b61522,parts,full_name_two_parts,FLIXOTIDEDI SKUS,FLIXOTIDEDI;SKUS,2,0,FLIXOTIDE,FLIXOTIDEDISKUS,base,multi_word,development
partial_9f729f4c77698177,parts,one_internal_typo,GHEN,GHEN,1,1,SONGHA NIGHT,SONGHANIGHT,base,multi_word,holdout
partial_9f8be0d48e851adf,parts,full_name_two_parts,LOWTIMIB COMP,LOWTIMIB;COMP,2,0,LOWTIMIB,LOWTIMIBCOMP,base,multi_word,development
partial_9f9f3edcbe737e9e,parts,full_name_two_parts,ETAP HYLLINE,ETAP;HYLLINE,2,0,ETAPHYLLINE,ETAPHYLLINE,base,single_word,development
partial_9fa0228f333fbe0c,parts,three_ordered_exact,ADV LAM AGE,ADV;LAM;AGE,3,0,ADVANCEVELA MAX MASSAGE,ADVANCEVELAMAXMASSAGE,base,multi_word,development
partial_9fa7a1fad426356f,parts,full_name_two_parts,IMODIUMINST ANT,IMODIUMINST;ANT,2,0,IMODIUM INSTANT,IMODIUMINSTANT,base,multi_word,development
partial_9fbba38b1008aa62,parts,full_name_two_parts,CEF IDIME,CEF;IDIME,2,0,CEFIDIME,CEFIDIME,base,single_word,holdout
partial_9fbc6f0b09728ad5,parts,full_name_two_parts,MEDEXAFL AM,MEDEXAFL;AM,2,0,MEDEXAFLAM,MEDEXAFLAM,base,single_word,development
partial_9fd0cca545b3bf88,parts,full_name_two_parts,ARNYAANTISEPT IC,ARNYAANTISEPT;IC,2,0,ARNYA ANTISEPTIC,ARNYAANTISEPTIC,base,multi_word,development
partial_9ffb7651e67bd29d,parts,one_internal_exact,IMCA,IMCA,1,0,SLIMCADO,SLIMCADO,base,single_word,development
partial_a018ef3f3e70f819,parts,full_name_two_parts,ALPECINA CTIVE,ALPECINA;CTIVE,2,0,ALPECIN,ALPECINACTIVE,base,multi_word,holdout
partial_a01e3dc81525b6a7,parts,one_internal_typo,LETO,LETO,1,1,FLOXIA,FLOXIAREGULATORPURIFYING,base,multi_word,development
partial_a01ed0ac1cbdc2eb,parts,three_ordered_middle_typo,GEN ACI LEX,GEN;ACI;LEX,3,1,GENTAMICIN ALEX,GENTAMICINALEX,base,multi_word,development
partial_a0272336d4ba8bcd,parts,full_name_two_parts,ABION EM,ABION;EM,2,0,ABIONEM,ABIONEM,base,single_word,development
partial_a045f64fb11924ed,parts,full_name_two_parts,RO YSAN,RO;YSAN,2,0,ROYSAN,ROYSAN,base,single_word,development
partial_a04d2ab75f1c8a0b,parts,one_internal_exact,NEWH,NEWH,1,0,MOONSHINE,MOONSHINEWHITENING,base,multi_word,development
partial_a05bdd28be47dbbb,parts,two_edges_second_typo,KETO AACO,KETO;AACO,2,1,KETOTI PHARCO,KETOTIPHARCO,base,multi_word,development
partial_a06d29a51f01f7eb,parts,full_name_three_parts,IMAT INIB MYLAN,IMAT;INIB;MYLAN,3,0,IMATINIB MYLAN,IMATINIBMYLAN,base,multi_word,development
partial_a07576af26ff967c,parts,two_edges_exact,XILO ORTE,XILO;ORTE,2,0,XILONE,XILONEFORTE,base,multi_word,development
partial_a07d068379af9609,parts,full_name_two_parts,OMEGALO XLIQUID,OMEGALO;XLIQUID,2,0,OMEGALOX,OMEGALOXLIQUID,base,multi_word,development
partial_a0c5a0c3210bb481,parts,full_name_two_parts,LUCE NTELUMINIBODY,LUCE;NTELUMINIBODY,2,0,LUCENTE,LUCENTELUMINIBODY,base,multi_word,holdout
partial_a0c9974811540ead,parts,full_name_three_parts,PO LYS ACC,PO;LYS;ACC,3,0,POLYSACC,POLYSACC,base,single_word,development
partial_a0ddd78803f6a6ad,parts,two_edges_exact,MEST SAGE,MEST;SAGE,2,0,MESTAL MASSAGE,MESTALMASSAGE,base,multi_word,development
partial_a0f76b27d46744ff,parts,full_name_two_parts,MUSTELA SKINFRESHENER,MUSTELA;SKINFRESHENER,2,0,MUSTELA,MUSTELASKINFRESHENER,base,multi_word,development
partial_a13012b6ddd9fd87,parts,full_name_two_parts,HIGHPU RE,HIGHPU;RE,2,0,HIGH PURE,HIGHPURE,base,multi_word,development
partial_a1447d233a4f6a15,parts,full_name_two_parts,VICHYAQUALIATHERMALSOOTHING LIP,VICHYAQUALIATHERMALSOOTHING;LIP,2,0,VICHY,VICHYAQUALIATHERMALSOOTHINGLIP,base,multi_word,development
partial_a157288dd8d043c4,parts,full_name_two_parts,NORBAC TIN,NORBAC;TIN,2,0,NORBACTIN,NORBACTIN,base,single_word,development
partial_a15ef6760d97084f,parts,full_name_two_parts,ATODERM PPBAUME,ATODERM;PPBAUME,2,0,ATODERM,ATODERMPPBAUME,base,multi_word,development
partial_a16b9200e7d2bfda,parts,two_edges_first_typo,HEAA ORTE,HEAA;ORTE,2,1,HEPATO,HEPATOFORTE,base,multi_word,development
partial_a16c50f5d24899e7,parts,one_internal_exact,GAVI,GAVI,1,0,BORGAVIRAX,BORGAVIRAX,base,single_word,development
partial_a172990e6ba64f0b,parts,full_name_three_parts,SAN TEV ITA,SAN;TEV;ITA,3,0,SANTEVITA,SANTEVITA,base,single_word,development
partial_a18471b1053b285b,parts,one_internal_typo,POXA,POXA,1,1,ANDOPOXETINE,ANDOPOXETINE,base,single_word,development
partial_a187fc5b952f0d3d,parts,full_name_two_parts,SOKIN ALWHITENING,SOKIN;ALWHITENING,2,0,SOKINAL WHITENING,SOKINALWHITENING,base,multi_word,holdout
partial_a1914d6bc5ae4b50,parts,full_name_two_parts,OL AHOLACARESKIN,OL;AHOLACARESKIN,2,0,OLA HOLA CARE SKIN,OLAHOLACARESKIN,base,multi_word,development
partial_a1a7c4c8193e2fc5,parts,one_internal_typo,ADYR,ADYR,1,1,CANDYRISH,CANDYRISH,base,single_word,holdout
partial_a1a81e1628879783,parts,full_name_two_parts,SANZ ALERA,SANZ;ALERA,2,0,SANZALERA,SANZALERA,base,single_word,development
partial_a1b2f32c01565b0d,parts,full_name_two_parts,BREATHOV ANCENEBULIZERSOLN,BREATHOV;ANCENEBULIZERSOLN,2,0,BREATHOVANCE NEBULIZER SOLN,BREATHOVANCENEBULIZERSOLN,base,multi_word,development
partial_a1e5f4abb803ae8a,parts,full_name_two_parts,DELPA NTO,DELPA;NTO,2,0,DELPANTO,DELPANTO,base,single_word,holdout
partial_a1eabe90bed53e81,parts,full_name_two_parts,MUSTELACLE ANSINGMILK,MUSTELACLE;ANSINGMILK,2,0,MUSTELA,MUSTELACLEANSINGMILK,base,multi_word,development
partial_a200d57e764f393f,parts,full_name_two_parts,TA XOTERE,TA;XOTERE,2,0,TAXOTERE,TAXOTERE,base,single_word,holdout
partial_a22ba606c0bda019,parts,full_name_two_parts,DELESLAMEM OLLIENT,DELESLAMEM;OLLIENT,2,0,DELESLAM EMOLLIENT,DELESLAMEMOLLIENT,base,multi_word,development
partial_a2373e428e3e63ac,parts,three_ordered_exact,NAS ANA INE,NAS;ANA;INE,3,0,NASAL CLEAN ALKALINE,NASALCLEANALKALINE,base,multi_word,development
partial_a23a25139e31f29f,parts,full_name_two_parts,IRONDIRECTORODISP ERSIBLESACHETS,IRONDIRECTORODISP;ERSIBLESACHETS,2,0,IRON DIRECT ORODISPERSIBLE SACHETS,IRONDIRECTORODISPERSIBLESACHETS,base,multi_word,development
partial_a23ebbb6f54a2151,parts,full_name_two_parts,PHAR MACERISHPURINDRYDANDRUFF,PHAR;MACERISHPURINDRYDANDRUFF,2,0,PHARMACERIS,PHARMACERISHPURINDRYDANDRUFF,base,multi_word,development
partial_a2428cea40f9d791,parts,two_edges_first_typo,AANS EGNA,AANS;EGNA,2,1,SANSO,SANSOPREGNA,base,multi_word,development
partial_a2555efb4abc1d9f,parts,one_internal_typo,MDEA,MDEA,1,1,REMDESPES,REMDESPES,base,single_word,development
partial_a278202804b785f4,parts,full_name_two_parts,CHARMALUR EHAIROIL,CHARMALUR;EHAIROIL,2,0,CHARMALURE,CHARMALUREHAIROIL,base,multi_word,development
partial_a289fc876e3651f0,parts,one_internal_typo,AOST,AOST,1,1,BEOSTE,BEOSTE,family_head,single_word,development
partial_a290c86182a2436c,parts,full_name_three_parts,NI TRO VIT,NI;TRO;VIT,3,0,NITRO VIT,NITROVIT,base,multi_word,development
partial_a2a7111e6388a116,parts,full_name_two_parts,PHARMACERISWWHITENINGTRIPLEA CTIONDAY,PHARMACERISWWHITENINGTRIPLEA;CTIONDAY,2,0,PHARMACERIS,PHARMACERISWWHITENINGTRIPLEACTIONDAY,base,multi_word,development
partial_a2b14ebf0d6a614d,parts,two_edges_first_typo,ACAT ETIN,ACAT;ETIN,2,1,ACITRETIN,ACITRETIN,base,single_word,development
partial_a2b3f58ad5f2357f,parts,three_ordered_exact,BIO NMA AGE,BIO;NMA;AGE,3,0,BIORUN MASSAGE,BIORUNMASSAGE,base,multi_word,holdout
partial_a2c20c268cd60577,parts,three_ordered_exact,MAS CAR OVA,MAS;CAR;OVA,3,0,MASSOCARE NOVA,MASSOCARENOVA,base,multi_word,development
partial_a2cd1ad419265b97,parts,full_name_two_parts,URSOD IOL,URSOD;IOL,2,0,URSODIOL,URSODIOL,base,single_word,development
partial_a2d3147a6a8cd29a,parts,full_name_two_parts,TERRAMY CINTOP,TERRAMY;CINTOP,2,0,TERRAMYCIN,TERRAMYCINTOP,base,multi_word,holdout
partial_a2e5ea53228e4cb9,parts,one_suffix_exact,NCUT,NCUT,1,0,GRAPEXON,GRAPEXONCUT,base,multi_word,holdout
partial_a2e8fc830395a002,parts,full_name_two_parts,EGYP RO,EGYP;RO,2,0,EGYPRO,EGYPRO,base,single_word,development
partial_a2f80ac289f4c8f8,parts,full_name_two_parts,LISINO PRIL,LISINO;PRIL,2,0,LISINOPRIL,LISINOPRIL,base,single_word,development
partial_a316b283192a4cbf,parts,full_name_two_parts,SERIOUSMASSW EIGHTGAINPROTEINKG,SERIOUSMASSW;EIGHTGAINPROTEINKG,2,0,SERIOUS MASS WEIGHT GAIN PROTEIN KG,SERIOUSMASSWEIGHTGAINPROTEINKG,base,multi_word,development
partial_a32186a232e51133,parts,one_internal_typo,ERKA,ERKA,1,1,SPERKODA,SPERKODA,base,single_word,development
partial_a32c9c1b8f123068,parts,full_name_two_parts,DUCRAYMEL ASCREENSPFECLATRICH,DUCRAYMEL;ASCREENSPFECLATRICH,2,0,DUCRAY,DUCRAYMELASCREENSPFECLATRICH,base,multi_word,holdout
partial_a34c7f7bebe71e81,parts,full_name_two_parts,BE ENASOFT,BE;ENASOFT,2,0,BEENA SOFT,BEENASOFT,base,multi_word,development
partial_a354fcf696e59b24,parts,full_name_two_parts,GANV IR,GANV;IR,2,0,GANVIR,GANVIR,base,single_word,development
partial_a35c823248a7ccd1,parts,two_edges_second_typo,QUIN RMEX,QUIN;RMEX,2,1,QUINOSTARMAX,QUINOSTARMAX,base,single_word,development
partial_a36106b5a490c683,parts,full_name_two_parts,TADAR AXIA,TADAR;AXIA,2,0,TADARAXIA,TADARAXIA,base,single_word,development
partial_a38d0e5a478eac1f,parts,full_name_two_parts,SKAD OCAL,SKAD;OCAL,2,0,SKADOCAL,SKADOCAL,base,single_word,holdout
partial_a3b3359b7ec77f28,parts,full_name_two_parts,DEPIWHITEBODYMI LK,DEPIWHITEBODYMI;LK,2,0,DEPIWHITE,DEPIWHITEBODYMILK,base,multi_word,development
partial_a3b5adfc911134ef,parts,full_name_two_parts,BOBAITHERMALWA TER,BOBAITHERMALWA;TER,2,0,BOBAI,BOBAITHERMALWATER,base,multi_word,development
partial_a3b807be7a0a8ba2,parts,full_name_two_parts,BELLAVIE CHILDREN,BELLAVIE;CHILDREN,2,0,BELLAVIE,BELLAVIECHILDREN,base,multi_word,development
partial_a3bb143aea3dc137,parts,full_name_two_parts,SU PERSEPTANTISEPTIC,SU;PERSEPTANTISEPTIC,2,0,SUPER SEPT ANTISEPTIC,SUPERSEPTANTISEPTIC,base,multi_word,holdout
partial_a3c2a12f3a7c914c,parts,full_name_two_parts,FATRO XIM,FATRO;XIM,2,0,FATROXIM,FATROXIM,base,single_word,holdout
partial_a3d8ab914f0c68b2,parts,full_name_three_parts,KOLAGRAVI TAMINFACI ALCLEANSER,KOLAGRAVI;TAMINFACI;ALCLEANSER,3,0,KOLAGRA,KOLAGRAVITAMINFACIALCLEANSER,base,multi_word,holdout
partial_a3db6b41cad73d60,parts,full_name_two_parts,BERIATEP2 50I,BERIATEP2;50I,2,0,BERIATE,BERIATEP250I,base,multi_word,holdout
partial_a3f8582c63dff5cb,parts,two_edges_second_typo,CYST ARIC,CYST;ARIC,2,1,CYSTOMERIC,CYSTOMERIC,base,single_word,development
partial_a41a19152e4ff04e,parts,full_name_two_parts,ME TRONIDAZOLEOTSUKA,ME;TRONIDAZOLEOTSUKA,2,0,METRONIDAZOLE OTSUKA,METRONIDAZOLEOTSUKA,base,multi_word,development
partial_a43451c23dc52235,parts,one_internal_exact,NERC,NERC,1,0,BIOBLAS,BIOBLASLIQUIDCONDITIONERCOLOREDHIGHLIGHTEDHAIR,base,multi_word,development
partial_a439584dfc435b94,parts,full_name_three_parts,PRE SKA TOP,PRE;SKA;TOP,3,0,PRESKA TOP,PRESKATOP,base,multi_word,development
partial_a44ca21814ccdef8,parts,full_name_two_parts,RESOURCEJUNI OR,RESOURCEJUNI;OR,2,0,RESOURCE,RESOURCEJUNIOR,base,multi_word,development
partial_a45545ce0165a68d,parts,full_name_two_parts,BIOBALANCEARGANOILHAND NAIL,BIOBALANCEARGANOILHAND;NAIL,2,0,BALANCE,BIOBALANCEARGANOILHANDNAIL,base,multi_word,development
partial_a463f16d352e8638,parts,full_name_two_parts,REVANO SOFT,REVANO;SOFT,2,0,REVANO SOFT,REVANOSOFT,base,multi_word,development
partial_a463fc3e1df6d8e5,parts,three_ordered_middle_typo,SOL ERE QUA,SOL;ERE;QUA,3,1,SOLO CARE AQUA,SOLOCAREAQUA,base,multi_word,development
partial_a46ca780edd0622e,parts,two_edges_exact,AVEN OUCH,AVEN;OUCH,2,0,AVENTO TOUCH,AVENTOTOUCH,base,multi_word,development
partial_a46fd189ec931fd2,parts,full_name_two_parts,MOSHI NGHAIR,MOSHI;NGHAIR,2,0,MOSHING HAIR,MOSHINGHAIR,base,multi_word,development
partial_a4e78c597b8dc65f,parts,full_name_two_parts,ORCHICARP INE,ORCHICARP;INE,2,0,ORCHICARPINE,ORCHICARPINE,base,single_word,development
partial_a4fa43ee6e220ece,parts,full_name_two_parts,MEP ACOFENA,MEP;ACOFENA,2,0,MEPACOFEN,MEPACOFENA,base,multi_word,holdout
partial_a501371d4710e601,parts,one_internal_exact,ASWE,ASWE,1,0,MEPASWEET,MEPASWEETS,base,multi_word,development
partial_a510658605f5872b,parts,full_name_two_parts,SPROMILGOL DMILK,SPROMILGOL;DMILK,2,0,S PROMIL GOLD MILK,SPROMILGOLDMILK,base,multi_word,development
partial_a531c42c27efc475,parts,two_edges_exact,PHAR HAIR,PHAR;HAIR,2,0,PHARMACERIS,PHARMACERISHKERATINEUMHAIR,base,multi_word,development
partial_a54d4744cdd5832b,parts,one_internal_typo,ALOW,ALOW,1,1,MARSHMALLOW,MARSHMALLOWFEMININE,base,multi_word,development
partial_a551418f25f9baab,parts,two_edges_first_typo,AESI ATEN,AESI;ATEN,2,1,RESINOKATEN,RESINOKATEN,base,single_word,development
partial_a5617e63cbf3b1ca,parts,two_edges_first_typo,LACA IOLA,LACA;IOLA,2,1,LACTOBACTIOLA,LACTOBACTIOLA,base,single_word,development
partial_a578ecc153bfc64c,parts,one_internal_exact,NEBU,NEBU,1,0,AEROTROPA NEBULIZER SOLN,AEROTROPANEBULIZERSOLN,base,multi_word,development
partial_a59e913af68e1bf4,parts,full_name_two_parts,LAC IDAC,LAC;IDAC,2,0,LACIDAC,LACIDAC,base,single_word,development
partial_a5a4cbc43a2776cd,parts,full_name_two_parts,PREGNAMODELTCU 380AIUD,PREGNAMODELTCU;380AIUD,2,0,PREGNA MODEL T CU 380A IUD,PREGNAMODELTCU380AIUD,base,multi_word,development
partial_a5aa28542375fa71,parts,full_name_two_parts,NANOBACI LLUS,NANOBACI;LLUS,2,0,NANOBACILLUS,NANOBACILLUS,base,single_word,development
partial_a5adeb69692c4fa9,parts,full_name_two_parts,DE ODERMFOOT,DE;ODERMFOOT,2,0,DEODERM FOOT,DEODERMFOOT,base,multi_word,development
partial_a5b58296bd181400,parts,full_name_three_parts,METHO TREXAT EEBEWE,METHO;TREXAT;EEBEWE,3,0,METHOTREXATE EBEWE,METHOTREXATEEBEWE,base,multi_word,development
partial_a5b6653d941bdeaf,parts,full_name_two_parts,ALKA POWDERALKALINE,ALKA;POWDERALKALINE,2,0,ALKAPOWDER ALKALINE,ALKAPOWDERALKALINE,base,multi_word,holdout
partial_a5c137c6e5da4471,parts,full_name_two_parts,HEPATICFORTESOFTGEL ATIN,HEPATICFORTESOFTGEL;ATIN,2,0,HEPATIC FORTE SOFT GELATIN,HEPATICFORTESOFTGELATIN,base,multi_word,development
partial_a5cfccd1f9c09f12,parts,one_prefix_exact,MAAL,MAAL,1,0,MAALOX,MAALOX,base,single_word,development
partial_a5ea8ba7afac7124,parts,full_name_two_parts,GEO PROSTE,GEO;PROSTE,2,0,GEOPROST E,GEOPROSTE,base,multi_word,holdout
partial_a5ef6a7306bd6e90,parts,full_name_two_parts,ROFER ONA3M,ROFER;ONA3M,2,0,ROFERON A 3M,ROFERONA3M,base,multi_word,development
partial_a5fc54b8c0839c1f,parts,one_prefix_exact,DYSP,DYSP,1,0,DYSPA EAST,DYSPAEAST,base,multi_word,development
partial_a5fd8a82e0d82d7c,parts,one_internal_typo,EWMA,EWMA,1,1,RAW MACA,RAWMACA,base,multi_word,development
partial_a5ff2947ec6de29c,parts,full_name_two_parts,SUNLO VESUNSCREEN,SUNLO;VESUNSCREEN,2,0,SUN LOVE SUN SCREEN,SUNLOVESUNSCREEN,base,multi_word,development
partial_a61f5092beda2eb5,parts,full_name_two_parts,FOHALIFOLICAC IDVITAMINB12,FOHALIFOLICAC;IDVITAMINB12,2,0,FOHALI FOLIC ACID VITAMIN B12,FOHALIFOLICACIDVITAMINB12,base,multi_word,development
partial_a62204d7279f29e8,parts,two_edges_second_typo,DECA AENO,DECA;AENO,2,1,DECAPRENO,DECAPRENO,base,single_word,development
partial_a631a46b211504a7,parts,two_edges_first_typo,BRAA OGAR,BRAA;OGAR,2,1,BRANDOGAR,BRANDOGAR,base,single_word,development
partial_a64026cab48139f8,parts,full_name_two_parts,PENTASAXT END,PENTASAXT;END,2,0,PENTASA,PENTASAXTEND,base,multi_word,holdout
partial_a644a928e8f5cff7,parts,full_name_two_parts,MASHSU NSCREENTINTEDFOUNDATION,MASHSU;NSCREENTINTEDFOUNDATION,2,0,MASH SUNSCREEN TINTED FOUNDATION,MASHSUNSCREENTINTEDFOUNDATION,base,multi_word,development
partial_a660a75a2df6864c,parts,full_name_two_parts,PRAZ OLOSAB,PRAZ;OLOSAB,2,0,PRAZOLOSAB,PRAZOLOSAB,base,single_word,development
partial_a66c38c38abfa43a,parts,one_internal_typo,IOAC,IOAC,1,1,BONACION COATED,BONACIONCOATED,base,multi_word,development
partial_a696e4d36d73f32b,parts,full_name_two_parts,MODERNCRAN BERRY,MODERNCRAN;BERRY,2,0,MODERN CRANBERRY,MODERNCRANBERRY,base,multi_word,holdout
partial_a6a7eb03a64b4b40,parts,one_internal_typo,TYAY,TYAY,1,1,SYSTYMYCIN,SYSTYMYCIN,base,single_word,development
partial_a6a9c36f396b12b3,parts,one_internal_exact,TRAS,TRAS,1,0,CONTRASEED,CONTRASEED,base,single_word,development
partial_a6b5d9461546ff57,parts,three_ordered_middle_typo,TRU ARA KIN,TRU;ARA;KIN,3,1,TRUEVERA,TRUEVERASKIN,base,multi_word,development
partial_a6c336082d4523a6,parts,full_name_three_parts,BI OLA VAG,BI;OLA;VAG,3,0,BIOLAVAG,BIOLAVAG,base,single_word,development
partial_a6e5764e3c357ec8,parts,full_name_two_parts,ROGENDAEMO LLIENT,ROGENDAEMO;LLIENT,2,0,ROGENDA,ROGENDAEMOLLIENT,base,multi_word,holdout
partial_a6e66cbffe86592b,parts,full_name_two_parts,BLI NGAD,BLI;NGAD,2,0,BLINGA D,BLINGAD,base,multi_word,development
partial_a6fd533176198586,parts,full_name_two_parts,MOSA PRIDE,MOSA;PRIDE,2,0,MOSAPRIDE,MOSAPRIDE,base,single_word,holdout
partial_a6fef6fa18409e9d,parts,full_name_two_parts,CEREDERMP LASTER20CM,CEREDERMP;LASTER20CM,2,0,CEREDERM,CEREDERMPLASTER20CM,base,multi_word,holdout
partial_a701ffb4d6aa5e57,parts,full_name_three_parts,DA PAG LIF,DA;PAG;LIF,3,0,DAPAGLIF,DAPAGLIF,base,single_word,holdout
partial_a709959517c6b47c,parts,full_name_two_parts,GY PTICALDK,GY;PTICALDK,2,0,GYPTI,GYPTICALDK,base,multi_word,holdout
partial_a710ab062f19a12c,parts,full_name_two_parts,AVENEAKERATSMOOTHINGEXFOLIAT ING,AVENEAKERATSMOOTHINGEXFOLIAT;ING,2,0,AVENE,AVENEAKERATSMOOTHINGEXFOLIATING,base,multi_word,holdout
partial_a72126cc9bba5720,parts,full_name_three_parts,MEN TAV ERS,MEN;TAV;ERS,3,0,MENTAVERS,MENTAVERS,base,single_word,development
partial_a73ca95553e6d555,parts,full_name_two_parts,LASTL ERGE,LASTL;ERGE,2,0,LASTLERGE,LASTLERGE,base,single_word,development
partial_a74ce3ea5bd689e1,parts,one_internal_typo,NNEZ,NNEZ,1,1,CINNAZIN,CINNAZIN,base,single_word,development
partial_a770b0c3e0240833,parts,full_name_two_parts,CO LCHICINE,CO;LCHICINE,2,0,COLCHICINE,COLCHICINE,base,single_word,development
partial_a77901787e4ab306,parts,three_ordered_middle_typo,ROT MEZ NIL,ROT;MEZ;NIL,3,1,ROTAMAZENIL,ROTAMAZENIL,base,single_word,development
partial_a79bc4b02b759303,parts,full_name_two_parts,PRIMAGROWTHC HILDREN,PRIMAGROWTHC;HILDREN,2,0,PRIMA,PRIMAGROWTHCHILDREN,base,multi_word,development
partial_a7ba3798aa4bb9fc,parts,full_name_two_parts,COBALAMINDE POT,COBALAMINDE;POT,2,0,COBALAMIN DEPOT,COBALAMINDEPOT,base,multi_word,development
partial_a7f8976136c3fcd9,parts,full_name_two_parts,FLOPAD EX,FLOPAD;EX,2,0,FLOPADEX,FLOPADEX,base,single_word,development
partial_a7fd0e370599000c,parts,two_edges_second_typo,WELL AARK,WELL;AARK,2,1,WELLFEMME,WELLFEMMESTRETCHMARK,base,multi_word,development
partial_a81f839908e84698,parts,two_edges_second_typo,RONY AEET,RONY;AEET,2,1,RONY SWEET,RONYSWEET,base,multi_word,development
partial_a82c3f2b971aa047,parts,full_name_two_parts,FLIXOTI DEEVOHALER,FLIXOTI;DEEVOHALER,2,0,FLIXOTIDE,FLIXOTIDEEVOHALER,base,multi_word,development
partial_a85068136322f1b5,parts,full_name_two_parts,NICORETTEQUICKMI ST,NICORETTEQUICKMI;ST,2,0,NICORETTE,NICORETTEQUICKMIST,base,multi_word,development
partial_a868d15fffc9314e,parts,full_name_two_parts,BEESLINEAFT ERSUNCOOLING,BEESLINEAFT;ERSUNCOOLING,2,0,BEESLINE,BEESLINEAFTERSUNCOOLING,base,multi_word,holdout
partial_a86bdd3b98f216ec,parts,full_name_two_parts,NE EROMELLA,NE;EROMELLA,2,0,NEEROMELLA,NEEROMELLA,base,single_word,development
partial_a871cbe40b9d0668,parts,full_name_two_parts,CENT ROPAX,CENT;ROPAX,2,0,CENTROPAX,CENTROPAX,base,single_word,development
partial_a87aac72f6ace3bd,parts,full_name_three_parts,BED OMAS SAGE,BED;OMAS;SAGE,3,0,BEDO MASSAGE,BEDOMASSAGE,base,multi_word,development
partial_a8a3c114194a6136,parts,full_name_two_parts,VENTOCOUGHWIT HOUTSUGAR,VENTOCOUGHWIT;HOUTSUGAR,2,0,VENTOCOUGH,VENTOCOUGHWITHOUTSUGAR,base,multi_word,development
partial_a8b56b3a641fd943,parts,two_edges_exact,TRAV NORM,TRAV;NORM,2,0,TRAVONORM,TRAVONORM,base,single_word,development
partial_a8ddca30a5b8ab2e,parts,full_name_two_parts,NUXEPRODIGIEUSES HOWEROIL,NUXEPRODIGIEUSES;HOWEROIL,2,0,NUXE PRODIGIEUSE SHOWER OIL,NUXEPRODIGIEUSESHOWEROIL,base,multi_word,holdout
partial_a8f4b5146db2cdae,parts,full_name_two_parts,EGYG ULFTOUCH,EGYG;ULFTOUCH,2,0,EGYGULF,EGYGULFTOUCH,base,multi_word,development
partial_a8f82d56387febea,parts,full_name_two_parts,ISIS CHAMOMILEFILTERBAGS,ISIS;CHAMOMILEFILTERBAGS,2,0,ISIS CHAMOMILE FILTER BAGS,ISISCHAMOMILEFILTERBAGS,base,multi_word,development
partial_a906729cb539b54f,parts,full_name_two_parts,DUCRA YCHRONOSTIM,DUCRA;YCHRONOSTIM,2,0,DUCRAY,DUCRAYCHRONOSTIM,base,multi_word,holdout
partial_a9115207b7230a34,parts,full_name_two_parts,AXOMYE LLINULTRA,AXOMYE;LLINULTRA,2,0,AXOMYELLIN ULTRA,AXOMYELLINULTRA,base,multi_word,development
partial_a93cbc14deb28f04,parts,full_name_two_parts,OP TIGENT,OP;TIGENT,2,0,OPTIGENT,OPTIGENT,base,single_word,development
partial_a940ec6ce0ef7d1f,parts,full_name_two_parts,CONAZOGL OB,CONAZOGL;OB,2,0,CONAZOGLOB,CONAZOGLOB,base,single_word,holdout
partial_a945dd134c836565,parts,full_name_two_parts,ROJ OAS,ROJ;OAS,2,0,ROJOAS,ROJOAS,base,single_word,development
partial_a9513c7f67794ad4,parts,full_name_two_parts,LING ALABS,LING;ALABS,2,0,LINGALABS,LINGALABS,base,single_word,development
partial_a951742436362d47,parts,full_name_two_parts,NUTRASERUBABYSOOTHI NG,NUTRASERUBABYSOOTHI;NG,2,0,NUTRASERU,NUTRASERUBABYSOOTHING,base,multi_word,holdout
partial_a9a1886848bf042d,parts,three_ordered_exact,UNI NAD ONE,UNI;NAD;ONE,3,0,UNIMENADIONE,UNIMENADIONE,base,single_word,development
partial_a9addb14464d4487,parts,full_name_two_parts,KIARASOFTHYAL URONICACID,KIARASOFTHYAL;URONICACID,2,0,KIARA,KIARASOFTHYALURONICACID,base,multi_word,development
partial_a9b968f4ecb47d49,parts,full_name_two_parts,LIMI TLESSFORTALASEORIGINALCEIP,LIMI;TLESSFORTALASEORIGINALCEIP,2,0,LIMITLESS,LIMITLESSFORTALASEORIGINALCEIP,base,multi_word,holdout
partial_a9c02fd7182a54af,parts,full_name_two_parts,REFL ECTORSUNSCREEN,REFL;ECTORSUNSCREEN,2,0,REFLECTOR SUNSCREEN,REFLECTORSUNSCREEN,base,multi_word,development
partial_a9c14b4750bd2a37,parts,full_name_two_parts,HY DROTRELONTOP,HY;DROTRELONTOP,2,0,HYDROTRELON TOP,HYDROTRELONTOP,base,multi_word,development
partial_a9ea9372a3da2483,parts,two_edges_first_typo,AMEG TCHU,AMEG;TCHU,2,1,OMEGATCHU,OMEGATCHU,base,single_word,development
partial_aa087afc174cb189,parts,full_name_two_parts,MOR ECAREREADY,MOR;ECAREREADY,2,0,MORECARE READY,MORECAREREADY,base,multi_word,holdout
partial_aa0d7bb199d18fe6,parts,full_name_two_parts,NOVAL GINCHILDREN,NOVAL;GINCHILDREN,2,0,NOVALGIN,NOVALGINCHILDREN,base,multi_word,development
partial_aa3db905bcd6388c,parts,full_name_two_parts,LIVERA LBUMIN,LIVERA;LBUMIN,2,0,LIVER ALBUMIN,LIVERALBUMIN,base,multi_word,development
partial_aa518160ae089dbf,parts,full_name_two_parts,TRE ATOCANDIVAG,TRE;ATOCANDIVAG,2,0,TREATOCANDIVAG,TREATOCANDIVAG,base,single_word,development
partial_aa59d9842eb5492f,parts,two_edges_exact,DOBU MINE,DOBU;MINE,2,0,DOBUTAMINE,DOBUTAMINE,base,single_word,development
partial_aa83f5adb9637f9e,parts,full_name_two_parts,ZEP EXENE,ZEP;EXENE,2,0,ZEPEXENE,ZEPEXENE,base,single_word,development
partial_aa9a635c9b31f5fc,parts,full_name_two_parts,FLIBANOR IN,FLIBANOR;IN,2,0,FLIBANORIN,FLIBANORIN,base,single_word,development
partial_aab04b5934bf3057,parts,full_name_two_parts,NANC YDAL,NANC;YDAL,2,0,NANCYDAL,NANCYDAL,base,single_word,development
partial_aab46107da427cd1,parts,full_name_two_parts,WELLJ EN,WELLJ;EN,2,0,WELLJEN,WELLJEN,base,single_word,development
partial_aae6f60b92504c59,parts,full_name_two_parts,VIOLEXDOLA RHYALURONICACIDGLOWWHITENING,VIOLEXDOLA;RHYALURONICACIDGLOWWHITENING,2,0,VIOLEXDOLAR,VIOLEXDOLARHYALURONICACIDGLOWWHITENING,base,multi_word,development
partial_aaf381fa3b98a9f5,parts,one_internal_exact,ILHA,ILHA,1,0,APTAMIL,APTAMILHA1MILK,base,multi_word,development
partial_aafdda5012bb5b48,parts,three_ordered_middle_typo,FLA ARB OOM,FLA;ARB;OOM,3,1,FLANER BLOOM,FLANERBLOOM,base,multi_word,development
partial_ab047734454275e9,parts,full_name_two_parts,HOCHST ERPRIVER,HOCHST;ERPRIVER,2,0,HOCHSTERPRIVER,HOCHSTERPRIVER,base,single_word,holdout
partial_ab3182018ad684e6,parts,full_name_two_parts,COLLAGENPE PTIDES,COLLAGENPE;PTIDES,2,0,COLLAGEN PEPTIDES,COLLAGENPEPTIDES,base,multi_word,development
partial_ab3b57369a10f72e,parts,one_suffix_exact,NOXA,NOXA,1,0,DIVANOXA,DIVANOXA,base,single_word,development
partial_ab40c5d6f2d921cd,parts,full_name_two_parts,PROL IA,PROL;IA,2,0,PROLIA,PROLIA,base,single_word,development
partial_ab4409cffc5dea6d,parts,two_edges_first_typo,ABAG SING,ABAG;SING,2,1,EBAGLOW,EBAGLOWCLEANSING,base,multi_word,development
partial_ab67607605a8a86f,parts,full_name_two_parts,GASTRO LUX,GASTRO;LUX,2,0,GASTROLUX,GASTROLUX,base,single_word,development
partial_ab7a3f3c570d9b72,parts,full_name_two_parts,EGYGASTR EAZ,EGYGASTR;EAZ,2,0,EGYGASTREAZ,EGYGASTREAZ,base,single_word,holdout
partial_abaa14068873a72b,parts,three_ordered_middle_typo,SEL HEI ONG,SEL;HEI;ONG,3,1,SELFORA,SELFORAHAIRSTRONG,base,multi_word,holdout
partial_abace10610a3ff55,parts,full_name_two_parts,LITUPWHITENIN GSKIN,LITUPWHITENIN;GSKIN,2,0,LIT UP WHITENING SKIN,LITUPWHITENINGSKIN,base,multi_word,development
partial_abd0ac170539fb4a,parts,full_name_two_parts,BEKLAIRSSKINCLE ANSING,BEKLAIRSSKINCLE;ANSING,2,0,BE KLAIRS SKIN CLEANSING,BEKLAIRSSKINCLEANSING,base,multi_word,development
partial_abd0b7b0a62299fd,parts,full_name_two_parts,ACTIVITAGOLDPROCGEN CREMEDAYNIGHT,ACTIVITAGOLDPROCGEN;CREMEDAYNIGHT,2,0,ACTI VITA GOLD PROCGEN CREME DAY NIGHT,ACTIVITAGOLDPROCGENCREMEDAYNIGHT,base,multi_word,development
partial_abd763508b254fc7,parts,two_edges_second_typo,AVAN ENOA,AVAN;ENOA,2,1,AVANO PANTHENOL,AVANOPANTHENOL,base,multi_word,holdout
partial_abecec48cddf7868,parts,full_name_two_parts,AMO XICILLINSTADA,AMO;XICILLINSTADA,2,0,AMOXICILLIN STADA,AMOXICILLINSTADA,base,multi_word,development
partial_abfd8e8514592a77,parts,full_name_three_parts,AC NIS WAB,AC;NIS;WAB,3,0,ACNISWAB,ACNISWAB,base,single_word,development
partial_ac1b5d9a8ee77dfa,parts,full_name_two_parts,TRE NTOXIMAL,TRE;NTOXIMAL,2,0,TRENTOXIMAL,TRENTOXIMAL,base,single_word,development
partial_ac2bd52527ec70d2,parts,full_name_two_parts,MOVEL EX,MOVEL;EX,2,0,MOVELEX,MOVELEX,base,single_word,development
partial_ac33eb3ffc2457d7,parts,full_name_two_parts,MARNYSNEOCARB ON,MARNYSNEOCARB;ON,2,0,MARNYS,MARNYSNEOCARBON,base,multi_word,development
partial_ac3d4a85895a205b,parts,full_name_two_parts,STERAHANDSAN ITIZER,STERAHANDSAN;ITIZER,2,0,STERA HAND SANITIZER,STERAHANDSANITIZER,base,multi_word,development
partial_ac49b278a5f934b0,parts,full_name_two_parts,EGY PEDICAL,EGY;PEDICAL,2,0,EGY PEDICAL,EGYPEDICAL,base,multi_word,development
partial_ac59c70e69a9cef3,parts,full_name_two_parts,PR OFASTCLEANSER,PR;OFASTCLEANSER,2,0,PROFAST CLEANSER,PROFASTCLEANSER,base,multi_word,development
partial_ac6f97f6b2fb67a3,parts,two_edges_first_typo,CHAM ORTE,CHAM;ORTE,2,1,CHEMOTRIM,CHEMOTRIMFORTE,base,multi_word,holdout
partial_ac73cf93355c234c,parts,full_name_three_parts,IMM URAV EONE,IMM;URAV;EONE,3,0,IMMURAVE ONE,IMMURAVEONE,base,multi_word,development
partial_ac7ae4415b5d558e,parts,two_edges_second_typo,NEST OREN,NEST;OREN,2,1,NESTACORAN,NESTACORAN,base,single_word,development
partial_ac8d39cd1f017eb5,parts,full_name_two_parts,TURMERICCURCU MINVEG,TURMERICCURCU;MINVEG,2,0,TURMERIC CURCUMIN VEG,TURMERICCURCUMINVEG,base,multi_word,development
partial_ac9076c44ff80087,parts,full_name_two_parts,LO PROIRONADULT,LO;PROIRONADULT,2,0,LOPRO,LOPROIRONADULT,base,multi_word,development
partial_ac9927d4fd24cdc4,parts,full_name_three_parts,ME PHA NON,ME;PHA;NON,3,0,MEPHAN ON,MEPHANON,base,multi_word,development
partial_ac9e0aa034d2910a,parts,two_edges_second_typo,STOP ARTE,STOP;ARTE,2,1,STOPADOL,STOPADOLFORTE,base,multi_word,development
partial_ac9e6d250b4d99a4,parts,full_name_two_parts,PREGNAMODELT CU380AIUD,PREGNAMODELT;CU380AIUD,2,0,PREGNA MODEL T CU 380A IUD,PREGNAMODELTCU380AIUD,base,multi_word,development
partial_acac07f16692073c,parts,full_name_two_parts,KER AFLEX,KER;AFLEX,2,0,KERAFLEX,KERAFLEX,base,single_word,development
partial_acb7ead11a28e6c2,parts,two_edges_exact,ALEJ HAIR,ALEJ;HAIR,2,0,ALEJON,ALEJONBIPHASEHAIR,base,multi_word,development
partial_acbb178b82ce6a30,parts,three_ordered_exact,ATR AAT ARE,ATR;AAT;ARE,3,0,ATRAKTA,ATRAKTAATOCARE,base,multi_word,development
partial_acc20e5c88cabd03,parts,full_name_two_parts,BEESLINEBODYPEAR LPOLISH,BEESLINEBODYPEAR;LPOLISH,2,0,BEESLINE,BEESLINEBODYPEARLPOLISH,base,multi_word,holdout
partial_ad03bbee48454764,parts,one_internal_exact,ALME,ALME,1,0,BALMEX,BALMEX,base,single_word,development
partial_ad12fbe5c333b347,parts,full_name_two_parts,FORMAMYSTRETCHM ARKS,FORMAMYSTRETCHM;ARKS,2,0,FORMAMY,FORMAMYSTRETCHMARKS,base,multi_word,holdout
partial_ad1f429be092226a,parts,one_internal_exact,FLOF,FLOF,1,0,DAFLOFIX,DAFLOFIX,base,single_word,development
partial_ad3a6cb4ffb0b90e,parts,two_edges_second_typo,INSU A00I,INSU;A00I,2,1,INSULIN,INSULINHBIOR100I,base,multi_word,development
partial_ad5f927ecea4a3b2,parts,full_name_two_parts,ELIM OLIVAN,ELIM;OLIVAN,2,0,ELIMOLIVAN,ELIMOLIVAN,base,single_word,development
partial_ad769ac3d666ad84,parts,full_name_two_parts,EV ERESTANTIFUNGAL,EV;ERESTANTIFUNGAL,2,0,EVEREST,EVERESTANTIFUNGAL,base,multi_word,development
partial_ad8067cab67f6a6d,parts,full_name_two_parts,ACIDOPHI LUSPROBIOTIC,ACIDOPHI;LUSPROBIOTIC,2,0,ACIDOPHILUS PROBIOTIC,ACIDOPHILUSPROBIOTIC,base,multi_word,development
partial_ad858394c1448e5e,parts,full_name_two_parts,DYVOFACIA LCLEANSER,DYVOFACIA;LCLEANSER,2,0,DYVO FACIAL CLEANSER,DYVOFACIALCLEANSER,base,multi_word,development
partial_ad8693aeade7a516,parts,full_name_two_parts,VICHYIDEALWHI TEDEEPCLEANSING,VICHYIDEALWHI;TEDEEPCLEANSING,2,0,VICHY,VICHYIDEALWHITEDEEPCLEANSING,base,multi_word,development
partial_ad9a8b9464dd4433,parts,full_name_two_parts,ULTRAFAIRFACI AL,ULTRAFAIRFACI;AL,2,0,ULTRA FAIR FACIAL,ULTRAFAIRFACIAL,base,multi_word,development
partial_ad9aa8d880a315ee,parts,full_name_three_parts,PHO LPR INE,PHO;LPR;INE,3,0,PHOLPRINE,PHOLPRINE,base,single_word,holdout
partial_ada5754334a3ea4a,parts,full_name_two_parts,ECOVAR YL,ECOVAR;YL,2,0,ECOVARYL,ECOVARYL,base,single_word,development
partial_adb806a8a5e4d72c,parts,full_name_two_parts,ANTHEL MIN,ANTHEL;MIN,2,0,ANTHELMIN,ANTHELMIN,base,single_word,development
partial_ade1ee0ad29d3bf5,parts,full_name_two_parts,ETHAMBU TOLMEMPHIS,ETHAMBU;TOLMEMPHIS,2,0,ETHAMBUTOL MEMPHIS,ETHAMBUTOLMEMPHIS,base,multi_word,development
partial_adf8b902f6a63ac1,parts,full_name_two_parts,ALEEZDEWACET ONE,ALEEZDEWACET;ONE,2,0,ALEEZDEW ACETONE,ALEEZDEWACETONE,base,multi_word,holdout
partial_ae45b5bedba19fd9,parts,full_name_two_parts,PHARMACE RISWWHITENINGACTIVECONCENTRATE,PHARMACE;RISWWHITENINGACTIVECONCENTRATE,2,0,PHARMACERIS,PHARMACERISWWHITENINGACTIVECONCENTRATE,base,multi_word,development
partial_ae5679baa46525a9,parts,two_edges_first_typo,MERV LINE,MERV;LINE,2,1,MARVIGOLINE,MARVIGOLINE,base,single_word,holdout
partial_ae5f9f50f3db5d7f,parts,full_name_two_parts,MONOD EXIN,MONOD;EXIN,2,0,MONODEXIN,MONODEXIN,base,single_word,development
partial_aea044c40cd36cde,parts,full_name_two_parts,JE NOCOMPOUND,JE;NOCOMPOUND,2,0,JENO COMPOUND,JENOCOMPOUND,base,multi_word,holdout
partial_aea52ffece9efd78,parts,three_ordered_middle_typo,RAB INA L5I,RAB;INA;L5I,3,1,RABIES VACCINE VERO CELL 5I,RABIESVACCINEVEROCELL5I,base,multi_word,development
partial_aeb803173815a8c2,parts,full_name_two_parts,LITUPWHITENINGCLEAN SING,LITUPWHITENINGCLEAN;SING,2,0,LIT UP WHITENING CLEANSING,LITUPWHITENINGCLEANSING,base,multi_word,development
partial_aec7ccdbadea8ee9,parts,full_name_two_parts,CA LTERA,CA;LTERA,2,0,CALTERA,CALTERA,base,single_word,development
partial_aefcba1f802fea0e,parts,one_prefix_exact,WEPT,WEPT,1,0,WEPTONAL,WEPTONAL,base,single_word,development
partial_af0b1985b24a4c0e,parts,full_name_two_parts,FERROBELLAFORTI FIEDLIQUIDCHOCOLATE,FERROBELLAFORTI;FIEDLIQUIDCHOCOLATE,2,0,FERROBELLA FORTIFIED LIQUID CHOCOLATE,FERROBELLAFORTIFIEDLIQUIDCHOCOLATE,base,multi_word,development
partial_af122aa5c55024ae,parts,full_name_two_parts,SILDEN AROCK,SILDEN;AROCK,2,0,SILDENAROCK,SILDENAROCK,base,single_word,development
partial_af2852ec481c041e,parts,one_internal_typo,MANF,MANF,1,1,ISIS CINNAMON FILTER BAGS,ISISCINNAMONFILTERBAGS,base,multi_word,development
partial_af2f0f0192bf4da3,parts,three_ordered_exact,PED GRO ILK,PED;GRO;ILK,3,0,PEDIAGROW MILK,PEDIAGROWMILK,base,multi_word,holdout
partial_af37bcf7bc2c0899,parts,full_name_two_parts,EPINEP HRINEMEMPHIS,EPINEP;HRINEMEMPHIS,2,0,EPINEPHRINE MEMPHIS,EPINEPHRINEMEMPHIS,base,multi_word,development
partial_af3d87ff96427f49,parts,full_name_two_parts,ACTOSEBCA LCIUM,ACTOSEBCA;LCIUM,2,0,ACTOSEB CALCIUM,ACTOSEBCALCIUM,base,multi_word,development
partial_af4a2be0cea803b4,parts,two_edges_first_typo,VECA RTEC,VECA;RTEC,2,1,VECOVARTEC,VECOVARTEC,base,single_word,development
partial_af4a75af7436a33f,parts,full_name_two_parts,EXTREMEAXIONACHOCOL ATESOFTCHEWSPIECES,EXTREMEAXIONACHOCOL;ATESOFTCHEWSPIECES,2,0,EXTREME,EXTREMEAXIONACHOCOLATESOFTCHEWSPIECES,base,multi_word,development
partial_af6555e213cd0a5b,parts,full_name_two_parts,LUMINADVAN CEDHAIR,LUMINADVAN;CEDHAIR,2,0,LUMIN ADVANCED HAIR,LUMINADVANCEDHAIR,base,multi_word,development
partial_af69d8a102442f1b,parts,full_name_two_parts,DINA CER,DINA;CER,2,0,DINACER,DINACER,base,single_word,development
partial_af7a9209f04a456c,parts,full_name_two_parts,ECHIN ATON,ECHIN;ATON,2,0,ECHINATON,ECHINATON,base,single_word,holdout
partial_afa33825c4c1420e,parts,three_ordered_exact,WES AHA OIL,WES;AHA;OIL,3,0,WESAYA HAIR OIL,WESAYAHAIROIL,base,multi_word,holdout
partial_afaa53bb4b81c0ac,parts,three_ordered_exact,BEE TEN ARL,BEE;TEN;ARL,3,0,BEESLINE,BEESLINEDEOWHITENINGBEAUTYPEARL,base,multi_word,holdout
partial_afac72e74e5b79e9,parts,two_edges_exact,CEFB OLOR,CEFB;OLOR,2,0,CEFBIOLOR,CEFBIOLOR,base,single_word,development
partial_afbdb7361ced9b6d,parts,full_name_two_parts,HEALT HPOINT,HEALT;HPOINT,2,0,HEALTHPOINT,HEALTHPOINT,family_head,single_word,development
partial_afbf592ea23a2c39,parts,full_name_two_parts,POWE RFREEZESPRAY100ML,POWE;RFREEZESPRAY100ML,2,0,POWER FREEZE SPRAY100ML,POWERFREEZESPRAY100ML,base,multi_word,development
partial_afcdc559c4a87807,parts,one_internal_typo,AUMI,AUMI,1,1,HUMAN ALBUMIN TAKEDA,HUMANALBUMINTAKEDA,base,multi_word,development
partial_afd29f391c4d2080,parts,full_name_two_parts,HOPKINVITSUBLI NGUAL,HOPKINVITSUBLI;NGUAL,2,0,HOPKINVIT SUBLINGUAL,HOPKINVITSUBLINGUAL,base,multi_word,development
partial_aff5e2e2bad3dcff,parts,two_edges_exact,ARGI PACO,ARGI;PACO,2,0,ARGININE MEPACO,ARGININEMEPACO,base,multi_word,development
partial_b0179a0ea7a97f59,parts,full_name_two_parts,HEAL OKAB,HEAL;OKAB,2,0,HEALOKAB,HEALOKAB,base,single_word,development
partial_b01b6070a9d5ecc9,parts,full_name_two_parts,HE ATAPSIN,HE;ATAPSIN,2,0,HEATAPSIN,HEATAPSIN,base,single_word,development
partial_b020b9e42430e490,parts,full_name_two_parts,FARMACTIVEAL GINATEDRESSINGCM,FARMACTIVEAL;GINATEDRESSINGCM,2,0,FARMACTIVE,FARMACTIVEALGINATEDRESSINGCM,base,multi_word,development
partial_b022ae36145f0464,parts,one_internal_exact,NSPW,NSPW,1,0,VIT GOLDEN S P WHEAT GERM,VITGOLDENSPWHEATGERM,base,multi_word,development
partial_b026840e94803bf6,parts,full_name_two_parts,PR OEFU,PR;OEFU,2,0,PRO EFU,PROEFU,base,multi_word,development
partial_b027877c66a4455d,parts,full_name_two_parts,CODONE SANTISEPTIC,CODONE;SANTISEPTIC,2,0,CODONES ANTISEPTIC,CODONESANTISEPTIC,base,multi_word,development
partial_b0302f32ed77cc48,parts,one_prefix_exact,FOCA,FOCA,1,0,FOCALDOSA,FOCALDOSA,base,single_word,development
partial_b0322ef3e93bbe25,parts,three_ordered_exact,BLO OPI 0CM,BLO;OPI;0CM,3,0,BLOODSTOP,BLOODSTOPIX5X10CM,base,multi_word,holdout
partial_b0340eaf588a2e38,parts,full_name_three_parts,ISO NIA ZID,ISO;NIA;ZID,3,0,ISONIAZID,ISONIAZID,base,single_word,holdout
partial_b04e9851d5efa7c7,parts,full_name_two_parts,VA POZOLINH,VA;POZOLINH,2,0,VAPOZOL INH,VAPOZOLINH,base,multi_word,development
partial_b05000bf4be28a38,parts,full_name_two_parts,CENTRUML UTEIN,CENTRUML;UTEIN,2,0,CENTRUM,CENTRUMLUTEIN,base,multi_word,development
partial_b06a78c67020ff83,parts,full_name_two_parts,LATRE EBEAUTEFACIAL,LATRE;EBEAUTEFACIAL,2,0,LA TREE BEAUTE FACIAL,LATREEBEAUTEFACIAL,base,multi_word,holdout
partial_b078d1b95309eff0,parts,full_name_two_parts,REXSOLRETINOLAHA ANTIWRINKLETREATMENT,REXSOLRETINOLAHA;ANTIWRINKLETREATMENT,2,0,REXSOL,REXSOLRETINOLAHAANTIWRINKLETREATMENT,base,multi_word,holdout
partial_b0ab470be40314ce,parts,two_edges_second_typo,EPIF UAER,EPIF;UAER,2,1,EPIFLUVER,EPIFLUVER,base,single_word,development
partial_b0acbc9f62ddca1e,parts,full_name_two_parts,ERTAPENEMP BI,ERTAPENEMP;BI,2,0,ERTAPENEM PBI,ERTAPENEMPBI,base,multi_word,development
partial_b0c08c1c56ea1ade,parts,full_name_two_parts,HAEMODIALYSISCONC ENTRATE,HAEMODIALYSISCONC;ENTRATE,2,0,HAEMODIALYSIS,HAEMODIALYSISCONCENTRATE,base,multi_word,holdout
partial_b0c9073c81a0b1ad,parts,full_name_two_parts,SWE LLARO,SWE;LLARO,2,0,SWELLARO,SWELLARO,base,single_word,development
partial_b0ca2553274295d1,parts,full_name_two_parts,TANVAB ETTOP,TANVAB;ETTOP,2,0,TANVABET TOP,TANVABETTOP,base,multi_word,development
partial_b0edac06f2283ce4,parts,full_name_two_parts,SAC UTREND,SAC;UTREND,2,0,SACUTREND,SACUTREND,base,single_word,development
partial_b0f2b672e7aeea79,parts,one_internal_typo,IAEE,IAEE,1,1,FORMICEE FORT,FORMICEEFORT,base,multi_word,holdout
partial_b1038ab04d368ef6,parts,full_name_two_parts,AVENEMICELL AR,AVENEMICELL;AR,2,0,AVENE,AVENEMICELLAR,base,multi_word,holdout
partial_b11f90583fb27a66,parts,full_name_two_parts,VINOREL BINEACTAVIS,VINOREL;BINEACTAVIS,2,0,VINORELBINE ACTAVIS,VINORELBINEACTAVIS,base,multi_word,development
partial_b145658e307ad70d,parts,full_name_two_parts,PRI STIMOOD,PRI;STIMOOD,2,0,PRISTIMOOD,PRISTIMOOD,base,single_word,holdout
partial_b157b477159a7c62,parts,two_edges_first_typo,SAUN CALM,SAUN;CALM,2,1,SOUND,SOUNDSKINCALM,base,multi_word,development
partial_b15e0843ca86730d,parts,two_edges_first_typo,NETU EDGE,NETU;EDGE,2,1,NATURALS,NATURALSBEMANEDGE,base,multi_word,development
partial_b16596846e6b94ee,parts,full_name_two_parts,LEVO DEL,LEVO;DEL,2,0,LEVODEL,LEVODEL,base,single_word,development
partial_b16def9512b8ee2b,parts,full_name_two_parts,LIMITL ESSKIDSMULTIVITAMINSIRONCHOCOLATEBALLS,LIMITL;ESSKIDSMULTIVITAMINSIRONCHOCOLATEBALLS,2,0,LIMITLESS,LIMITLESSKIDSMULTIVITAMINSIRONCHOCOLATEBALLS,base,multi_word,holdout
partial_b1851e190d999de7,parts,full_name_two_parts,DA NOL,DA;NOL,2,0,DANOL,DANOL,base,single_word,development
partial_b19cd9561f59d5d9,parts,two_edges_first_typo,CAAB BEWE,CAAB;BEWE,2,1,CARBOPLATIN,CARBOPLATINEBEWE,base,multi_word,development
partial_b1b6189b8cea85b7,parts,full_name_two_parts,ROTAMA GVIERH,ROTAMA;GVIERH,2,0,ROTAMAG,ROTAMAGVIERH,base,multi_word,development
partial_b1c946273c808046,parts,two_edges_first_typo,AACT ADID,AACT;ADID,2,1,LACTOHADID,LACTOHADID,base,single_word,development
partial_b1cb58574d6ab83a,parts,full_name_two_parts,COR SODEN,COR;SODEN,2,0,CORSODEN,CORSODEN,base,single_word,development
partial_b1cc5ba9c3337095,parts,two_edges_exact,THIA ICOL,THIA;ICOL,2,0,THIAMPHENICOL,THIAMPHENICOL,base,single_word,development
partial_b1def83a269a23fd,parts,full_name_two_parts,COTR IL,COTR;IL,2,0,COTRIL,COTRIL,base,single_word,development
partial_b1e14937890a09ad,parts,full_name_two_parts,EZA PRILCO,EZA;PRILCO,2,0,EZAPRIL,EZAPRILCO,base,multi_word,holdout
partial_b1e87d0c32a4d01e,parts,full_name_two_parts,SANS OCARE,SANS;OCARE,2,0,SANSO,SANSOCARE,base,multi_word,development
partial_b20a5b72f18b6913,parts,full_name_two_parts,NOMASSI ST,NOMASSI;ST,2,0,NOMASSIST,NOMASSIST,base,single_word,holdout
partial_b20f02abe38b55da,parts,full_name_two_parts,HOFFYM AXMASSAGE,HOFFYM;AXMASSAGE,2,0,HOFFY MAX MASSAGE,HOFFYMAXMASSAGE,base,multi_word,development
partial_b2154b6664a073e0,parts,three_ordered_middle_typo,INS TIA CAA,INS;TIA;CAA,3,1,INSTANTIZED,INSTANTIZEDBCAA,base,multi_word,development
partial_b228ee2ab3a67bf8,parts,full_name_two_parts,REEVEFACEPEE LING,REEVEFACEPEE;LING,2,0,REEVE FACE PEELING,REEVEFACEPEELING,base,multi_word,development
partial_b25bf6541a75f052,parts,full_name_three_parts,EVO FIX ENO,EVO;FIX;ENO,3,0,EVOFIXENO,EVOFIXENO,base,single_word,holdout
partial_b262b2df7bb55ef6,parts,full_name_two_parts,CHIT OGREE,CHIT;OGREE,2,0,CHITOGREE,CHITOGREE,base,single_word,development
partial_b26748708e47d9a2,parts,full_name_two_parts,ALVE OKIDS,ALVE;OKIDS,2,0,ALVEOKIDS,ALVEOKIDS,base,single_word,development
partial_b28460cdf046e148,parts,full_name_two_parts,BUSCAMOLCOM POSITUM,BUSCAMOLCOM;POSITUM,2,0,BUSCAMOL,BUSCAMOLCOMPOSITUM,base,multi_word,holdout
partial_b28ff18b96e8da62,parts,full_name_two_parts,OCUZOLI NE,OCUZOLI;NE,2,0,OCUZOLINE,OCUZOLINE,base,single_word,holdout
partial_b2974e0c4e1601c0,parts,full_name_two_parts,TE CHARYSLIM,TE;CHARYSLIM,2,0,TECHARY SLIM,TECHARYSLIM,base,multi_word,development
partial_b2c6e0c292f86b88,parts,one_internal_typo,ABLA,ABLA,1,1,ORIGINAL BLACK SEED,ORIGINALBLACKSEEDS,base,multi_word,holdout
partial_b2cb7e4bfce888b8,parts,full_name_two_parts,RESPIMERNASALI RRIGATIONKIT,RESPIMERNASALI;RRIGATIONKIT,2,0,RESPIMER,RESPIMERNASALIRRIGATIONKIT,base,multi_word,development
partial_b2d3f2d66c14e7c7,parts,full_name_two_parts,EXQUISTE MASSAGE,EXQUISTE;MASSAGE,2,0,EXQUISTE MASSAGE,EXQUISTEMASSAGE,base,multi_word,development
partial_b2d4b4c4cdf0aa85,parts,one_internal_exact,LEND,LEND,1,0,ALENDEX,ALENDEX,base,single_word,development
partial_b2dc0dc8970a5e9b,parts,three_ordered_middle_typo,FOL NEA MEN,FOL;NEA;MEN,3,1,FOLTENE,FOLTENEWOMEN,base,multi_word,development
partial_b2f47087cc131b5b,parts,full_name_two_parts,NEBRAZ YM,NEBRAZ;YM,2,0,NEBRAZYM,NEBRAZYM,base,single_word,development
partial_b2fa7259a6680222,parts,full_name_two_parts,SUNT OPSPF,SUNT;OPSPF,2,0,SUN TOP SPF,SUNTOPSPF,base,multi_word,development
partial_b31f3b889cf0421a,parts,three_ordered_middle_typo,PHO AAM SPF,PHO;AAM;SPF,3,1,PHOTODERM,PHOTODERMMAXMILKLAITSPF,base,multi_word,holdout
partial_b336cf2186f181b4,parts,full_name_two_parts,NAILNERN AILFUNGUSPEN,NAILNERN;AILFUNGUSPEN,2,0,NAILNER,NAILNERNAILFUNGUSPEN,base,multi_word,holdout
partial_b376547a40115f3b,parts,three_ordered_middle_typo,ZOB EAU UAL,ZOB;EAU;UAL,3,1,ZOBENERVE SUBLINGUAL,ZOBENERVESUBLINGUAL,base,multi_word,development
partial_b38e94f558e7239d,parts,full_name_two_parts,SU PEROMEGASOFTGELSNOW,SU;PEROMEGASOFTGELSNOW,2,0,OMEGA,SUPEROMEGASOFTGELSNOW,base,multi_word,holdout
partial_b3967965ab075f89,parts,two_edges_exact,VEND XINE,VEND;XINE,2,0,VENDEXINE,VENDEXINE,base,single_word,development
partial_b3a29abc2dc6c962,parts,full_name_two_parts,GARDASILV ACCINE,GARDASILV;ACCINE,2,0,GARDASIL VACCINE,GARDASILVACCINE,base,multi_word,development
partial_b3b13f4f3240411e,parts,full_name_two_parts,ALOVIS IONHAIR,ALOVIS;IONHAIR,2,0,ALOVISION HAIR,ALOVISIONHAIR,base,multi_word,development
partial_b3b5879a3f4e6199,parts,full_name_two_parts,HAEMODIALYSISCONCENTRATECKSBICARBON ATE,HAEMODIALYSISCONCENTRATECKSBICARBON;ATE,2,0,HAEMODIALYSIS,HAEMODIALYSISCONCENTRATECKSBICARBONATE,base,multi_word,holdout
partial_b3b5a43ea004dc47,parts,two_edges_exact,SLEP ONIN,SLEP;ONIN,2,0,SLEPTONIN,SLEPTONIN,base,single_word,holdout
partial_b3c4222bf3b390fe,parts,full_name_two_parts,LIMITLESSALPHAWHEYPROTEINCONCENT RATEKG,LIMITLESSALPHAWHEYPROTEINCONCENT;RATEKG,2,0,LIMITLESS,LIMITLESSALPHAWHEYPROTEINCONCENTRATEKG,base,multi_word,holdout
partial_b3c47642830c099c,parts,full_name_two_parts,NORMELAN SALIZACSKIN,NORMELAN;SALIZACSKIN,2,0,NORMELAN,NORMELANSALIZACSKIN,base,multi_word,development
partial_b3e58ae57ad85f93,parts,three_ordered_middle_typo,CHO AAA INE,CHO;AAA;INE,3,1,CHOLERA VACCINE,CHOLERAVACCINE,base,multi_word,development
partial_b3f1856ea30e509e,parts,one_internal_exact,ROSP,ROSP,1,0,ALPROSPIRE,ALPROSPIRE,base,single_word,development
partial_b3ff32fcdd5531be,parts,two_edges_second_typo,LIPO EDAA,LIPO;EDAA,2,1,LIPOSEDRA,LIPOSEDRA,base,single_word,development
partial_b4050e2de5a40b8f,parts,three_ordered_middle_typo,FER AIN UID,FER;AIN;UID,3,1,FEROGLOBIN,FEROGLOBINLIQUID,base,multi_word,development
partial_b41204ab11696e54,parts,full_name_three_parts,ATRAC URIUM HAMELN,ATRAC;URIUM;HAMELN,3,0,ATRACURIUM HAMELN,ATRACURIUMHAMELN,base,multi_word,development
partial_b4128d4e561b58e0,parts,two_edges_exact,ALPH TERN,ALPH;TERN,2,0,ALPHINTERN,ALPHINTERN,base,single_word,development
partial_b41d9f3c7fe5780b,parts,full_name_two_parts,NO PYRETRON,NO;PYRETRON,2,0,NOPYRETRON,NOPYRETRON,base,single_word,development
partial_b41ffdb7946f9c2a,parts,full_name_two_parts,SILDERMD UALACTIONSCAR,SILDERMD;UALACTIONSCAR,2,0,SILDERM,SILDERMDUALACTIONSCAR,base,multi_word,development
partial_b432c53567d4cb95,parts,full_name_two_parts,FOLTENEREVITALIZINGC ONDITIONER,FOLTENEREVITALIZINGC;ONDITIONER,2,0,FOLTENE,FOLTENEREVITALIZINGCONDITIONER,base,multi_word,development
partial_b43317fa22020b41,parts,full_name_two_parts,WELLFEMMEINTIMATEF EMININE,WELLFEMMEINTIMATEF;EMININE,2,0,WELLFEMME INTIMATE FEMININE,WELLFEMMEINTIMATEFEMININE,base,multi_word,development
partial_b4519ed431b44271,parts,full_name_two_parts,REVAG INAL,REVAG;INAL,2,0,REVAGINAL,REVAGINAL,base,single_word,development
partial_b454c5043cf147ee,parts,full_name_two_parts,GRIPPO STAD,GRIPPO;STAD,2,0,GRIPPOSTAD,GRIPPOSTAD,base,single_word,holdout
partial_b465af6ac2cfc25f,parts,full_name_three_parts,BU FLO MED,BU;FLO;MED,3,0,BUFLOMED,BUFLOMED,base,single_word,development
partial_b487afec7339b0cc,parts,full_name_two_parts,FLOXIAS TRIEXCLEANSINGINTIMATEFLUID,FLOXIAS;TRIEXCLEANSINGINTIMATEFLUID,2,0,FLOXIA,FLOXIASTRIEXCLEANSINGINTIMATEFLUID,base,multi_word,development
partial_b49d909225f544ec,parts,two_edges_exact,BIOX INIC,BIOX;INIC,2,0,BIOXELENCE,BIOXELENCEHEMATINIC,base,multi_word,development
partial_b4ae4f269501b5b7,parts,one_internal_typo,AUGE,AUGE,1,1,OCUGENT,OCUGENT,base,single_word,development
partial_b4b84107357cf693,parts,full_name_two_parts,LIMITLESSBALANCEPROBIO TICDARKCHOCOBALLS,LIMITLESSBALANCEPROBIO;TICDARKCHOCOBALLS,2,0,LIMITLESS,LIMITLESSBALANCEPROBIOTICDARKCHOCOBALLS,base,multi_word,holdout
partial_b4bbfbcdc7527d97,parts,one_internal_exact,IFRE,IFRE,1,0,NADIF,BABYNADIFREFILLTIPS,base,multi_word,holdout
partial_b4ce9a0bf8bb2153,parts,full_name_two_parts,TRO LIPON,TRO;LIPON,2,0,TROLIPON,TROLIPON,base,single_word,development
partial_b4e32bdbd68176ed,parts,two_edges_exact,EREC WEST,EREC;WEST,2,0,ERECTAWEST,ERECTAWEST,base,single_word,holdout
partial_b503f70772d9efe5,parts,one_internal_typo,MMAA,MMAA,1,1,KONAKION,KONAKIONMMPAEDIATRIC,base,multi_word,development
partial_b53fc1f49ac15a07,parts,full_name_two_parts,BABYSTEPSGOATMILKFOLLOWONFORMULAST AGE,BABYSTEPSGOATMILKFOLLOWONFORMULAST;AGE,2,0,STEPS,BABYSTEPSGOATMILKFOLLOWONFORMULASTAGE,base,multi_word,holdout
partial_b56cfb394dda2541,parts,full_name_two_parts,FLUCAZO NIL,FLUCAZO;NIL,2,0,FLUCAZONIL,FLUCAZONIL,base,single_word,holdout
partial_b59e44f0ae00ee96,parts,full_name_two_parts,TOT ACAL,TOT;ACAL,2,0,TOTACAL,TOTACAL,base,single_word,development
partial_b5a0711d7ffccb57,parts,two_edges_exact,SUNS ESPF,SUNS;ESPF,2,0,SUNSENSE,SUNSENSEDAILYFACESPF,base,multi_word,development
partial_b5aa5ca21e8662fb,parts,full_name_two_parts,RILASTILSUNLAUDECOMFORTC OLOR,RILASTILSUNLAUDECOMFORTC;OLOR,2,0,RILASTIL,RILASTILSUNLAUDECOMFORTCOLOR,base,multi_word,development
partial_b5b0c385f99985f6,parts,full_name_two_parts,FORCEPA NTHENOL,FORCEPA;NTHENOL,2,0,FORCE,FORCEPANTHENOL,base,multi_word,development
partial_b5c0008c33e34283,parts,two_edges_first_typo,OAGO OXEN,OAGO;OXEN,2,1,ORGOPROXEN,ORGOPROXEN,base,single_word,development
partial_b5c27c62a8308d92,parts,one_prefix_exact,MEPE,MEPE,1,0,MEPECAINE,MEPECAINE,base,single_word,development
partial_b5ca3c87ab2c1b84,parts,full_name_two_parts,MONO DERMAC10SKIN,MONO;DERMAC10SKIN,2,0,MONODERMA,MONODERMAC10SKIN,base,multi_word,development
partial_b5cedde028833ded,parts,one_suffix_exact,VUME,VUME,1,0,TRINOVUME,TRINOVUME,base,single_word,development
partial_b5d1aa51c3e75137,parts,full_name_two_parts,FRESHDE RM,FRESHDE;RM,2,0,FRESH DERM,FRESHDERM,base,multi_word,development
partial_b5e0e15961f02a52,parts,one_internal_typo,AOFE,AOFE,1,1,APHROFEMINE,APHROFEMINE,base,single_word,development
partial_b5e2162847b4ba32,parts,full_name_two_parts,VANC OMIX,VANC;OMIX,2,0,VANCOMIX,VANCOMIX,base,single_word,development
partial_b5f6d41c3e083a9b,parts,full_name_two_parts,GRANYAE MOLLIENT,GRANYAE;MOLLIENT,2,0,GRANYA EMOLLIENT,GRANYAEMOLLIENT,base,multi_word,holdout
partial_b603410e591b3093,parts,full_name_two_parts,ACEME TACINSTADA,ACEME;TACINSTADA,2,0,ACEMETACIN STADA,ACEMETACINSTADA,base,multi_word,development
partial_b606ee766335830e,parts,one_internal_exact,IGAB,IGAB,1,0,SERIGABTIN,SERIGABTIN,base,single_word,development
partial_b60dfd44069ab325,parts,full_name_two_parts,LASC AR,LASC;AR,2,0,LASCAR,LASCAR,base,single_word,development
partial_b63fcb9959aba65e,parts,full_name_two_parts,RIVASINECAREA NTISEPTIC,RIVASINECAREA;NTISEPTIC,2,0,RIVASINE CARE ANTISEPTIC,RIVASINECAREANTISEPTIC,base,multi_word,holdout
partial_b6685eebd436a43e,parts,full_name_two_parts,LOLAWESTCONCENTR ATE,LOLAWESTCONCENTR;ATE,2,0,LOLAWEST CONCENTRATE,LOLAWESTCONCENTRATE,base,multi_word,development
partial_b6ea1f557560e3b4,parts,full_name_two_parts,PHYSIOMERBABYHYPERTONICNA SAL,PHYSIOMERBABYHYPERTONICNA;SAL,2,0,PHYSIOMER,PHYSIOMERBABYHYPERTONICNASAL,base,multi_word,development
partial_b6fbdb55dc558aeb,parts,full_name_two_parts,COD IOCT,COD;IOCT,2,0,CODIOCT,CODIOCT,base,single_word,development
partial_b6fc12fb49c5cb5e,parts,full_name_two_parts,MIACALC ICNASAL,MIACALC;ICNASAL,2,0,MIACALCIC,MIACALCICNASAL,base,multi_word,development
partial_b70b90e3df918640,parts,full_name_two_parts,INDA LOCKKIDS,INDA;LOCKKIDS,2,0,INDALOCK KIDS,INDALOCKKIDS,base,multi_word,development
partial_b71479969b064c59,parts,full_name_two_parts,LEVOF OXAT,LEVOF;OXAT,2,0,LEVOFOXAT,LEVOFOXAT,base,single_word,development
partial_b71e9e820f70a620,parts,one_suffix_exact,TROS,TROS,1,0,MINVITROS,MINVITROS,base,single_word,development
partial_b7528c6800464699,parts,two_edges_first_typo,BUAC DULT,BUAC;DULT,2,1,BUSCOPAN,BUSCOPANADULT,base,multi_word,development
partial_b75f733f309efecf,parts,two_edges_exact,GENT ECID,GENT;ECID,2,0,GENTAMICIN SULPHATE CID,GENTAMICINSULPHATECID,base,multi_word,development
partial_b765c936f91dbf88,parts,two_edges_exact,UNIP CORT,UNIP;CORT,2,0,UNIPRICORT,UNIPRICORT,base,single_word,development
partial_b770f25e66196787,parts,full_name_two_parts,DIPRO SALIC,DIPRO;SALIC,2,0,DIPROSALIC,DIPROSALIC,base,single_word,development
partial_b784eef8ab5ef281,parts,two_edges_first_typo,RIAE NATE,RIAE;NATE,2,1,RISEONATE,RISEONATE,base,single_word,development
partial_b7893a7c0dbe4771,parts,full_name_two_parts,ALMOTRI PFORTE,ALMOTRI;PFORTE,2,0,ALMOTRIP,ALMOTRIPFORTE,base,multi_word,holdout
partial_b79b913c232afdb2,parts,three_ordered_middle_typo,ATO AAL INE,ATO;AAL;INE,3,1,ATOMETAFLOZINE,ATOMETAFLOZINE,base,single_word,development
partial_b79f250bc019acec,parts,full_name_two_parts,CLARYHAI RWATER,CLARYHAI;RWATER,2,0,CLARY,CLARYHAIRWATER,base,multi_word,development
partial_b7a5fd1af11fe2f9,parts,full_name_two_parts,ROMAMAGFILM COATED,ROMAMAGFILM;COATED,2,0,ROMAMAG FILM COATED,ROMAMAGFILMCOATED,base,multi_word,development
partial_b7ad5d13b91734d9,parts,three_ordered_middle_typo,YGL ULA GCC,YGL;ULA;GCC,3,1,GLOBULIN,YGLOBULINKGCC,base,multi_word,development
partial_b7e81586329775af,parts,full_name_two_parts,LUCENTESU NCAREDRYSKININVISIBLESPF,LUCENTESU;NCAREDRYSKININVISIBLESPF,2,0,LUCENTE,LUCENTESUNCAREDRYSKININVISIBLESPF,base,multi_word,holdout
partial_b808d019958765ea,parts,full_name_three_parts,LUT OFO LONE,LUT;OFO;LONE,3,0,LUTOFOLONE,LUTOFOLONE,base,single_word,holdout
partial_b822cbf988de1878,parts,full_name_two_parts,KEMI RICA,KEMI;RICA,2,0,KEMIRICA,KEMIRICA,base,single_word,holdout
partial_b8246097157806d3,parts,full_name_two_parts,TRIMEL ASMATOP,TRIMEL;ASMATOP,2,0,TRIMELASMA TOP,TRIMELASMATOP,base,multi_word,development
partial_b8368f8e68579401,parts,full_name_two_parts,ELEVITBREASTFE EDING,ELEVITBREASTFE;EDING,2,0,ELEVIT,ELEVITBREASTFEEDING,base,multi_word,development
partial_b86b645f7e07b334,parts,full_name_three_parts,PHAR MATI MOGAN,PHAR;MATI;MOGAN,3,0,PHARMATIMOGAN,PHARMATIMOGAN,base,single_word,development
partial_b8702ab6aded2cd3,parts,three_ordered_middle_typo,SIN FAR GAR,SIN;FAR;GAR,3,1,SINUPRET,SINUPRETFORTESUGAR,base,multi_word,development
partial_b8719b525e79bef5,parts,full_name_two_parts,LOW TIMIB,LOW;TIMIB,2,0,LOWTIMIB,LOWTIMIB,base,single_word,development
partial_b877c8e98e6c3b49,parts,full_name_two_parts,BRONCHOS IRA,BRONCHOS;IRA,2,0,BRONCHOSIRA,BRONCHOSIRA,base,single_word,development
partial_b87ec6a5175426c7,parts,one_internal_exact,TISO,TISO,1,0,GRATISOVIR,GRATISOVIR,base,single_word,holdout
partial_b8869618b5fc8361,parts,two_edges_exact,TRIB TRIS,TRIB;TRIS,2,0,TRIBULUS TERRESTRIS,TRIBULUSTERRESTRIS,base,multi_word,development
partial_b88f823f7781e621,parts,full_name_three_parts,POLYMER KIDSHYP ERTONIC,POLYMER;KIDSHYP;ERTONIC,3,0,POLYMER,POLYMERKIDSHYPERTONIC,base,multi_word,development
partial_b89b9ffbe8a51200,parts,full_name_two_parts,ASEN ABCOMPLEXSUBLINGUAL,ASEN;ABCOMPLEXSUBLINGUAL,2,0,ASENA B COMPLEX SUBLINGUAL,ASENABCOMPLEXSUBLINGUAL,base,multi_word,development
partial_b8aa14c96ab3aee4,parts,full_name_two_parts,CO IRBESARTAN,CO;IRBESARTAN,2,0,IRBESARTAN,COIRBESARTAN,base,multi_word,holdout
partial_b8b5d1def22ec863,parts,full_name_two_parts,ASCOK ARM,ASCOK;ARM,2,0,ASCOKARM,ASCOKARM,base,single_word,development
partial_b8f0eb920ba650d3,parts,full_name_two_parts,ARKADOLOWEXT RA,ARKADOLOWEXT;RA,2,0,ARKADOLOW,ARKADOLOWEXTRA,base,multi_word,development
partial_b909e4ebeeae791d,parts,full_name_two_parts,RESPIMERNASALIRRIGATIONKITDE VICE,RESPIMERNASALIRRIGATIONKITDE;VICE,2,0,RESPIMER,RESPIMERNASALIRRIGATIONKITDEVICE,base,multi_word,development
partial_b90d4c40f5430f19,parts,full_name_two_parts,RILASTILAD VANCEHAIRLOSS,RILASTILAD;VANCEHAIRLOSS,2,0,RILASTIL,RILASTILADVANCEHAIRLOSS,base,multi_word,development
partial_b921bd29908a79a4,parts,full_name_two_parts,LATREE BEAUTEANTIDANDRUFF,LATREE;BEAUTEANTIDANDRUFF,2,0,LA TREE BEAUTE ANTI DANDRUFF,LATREEBEAUTEANTIDANDRUFF,base,multi_word,development
partial_b93a9c14fd50d92c,parts,full_name_two_parts,ISIL IN,ISIL;IN,2,0,ISILIN,ISILIN,base,single_word,development
partial_b95f910d1dc7ac0f,parts,one_internal_exact,RELY,RELY,1,0,CARELYTE,CARELYTE,base,single_word,development
partial_b96b34402cf6eb78,parts,full_name_two_parts,PANOVEN EMOLLIENT,PANOVEN;EMOLLIENT,2,0,PANOVEN,PANOVENEMOLLIENT,base,multi_word,holdout
partial_b9702e75376b913f,parts,full_name_two_parts,FLOXIADE EPCLEANSINGENERGIZING,FLOXIADE;EPCLEANSINGENERGIZING,2,0,FLOXIA,FLOXIADEEPCLEANSINGENERGIZING,base,multi_word,development
partial_b9789bea23e4587c,parts,full_name_two_parts,HUMA XINMIX,HUMA;XINMIX,2,0,HUMAXIN,HUMAXINMIX,base,multi_word,development
partial_b978bf20b35a0d8b,parts,one_internal_exact,STIG,STIG,1,0,ADCOSTIGMINE,ADCOSTIGMINE,base,single_word,development
partial_b980e8d5be827900,parts,full_name_two_parts,EPINOSIN EBFORTE,EPINOSIN;EBFORTE,2,0,EPINOSINE B,EPINOSINEBFORTE,base,multi_word,development
partial_b9818046adf2e7cf,parts,two_edges_first_typo,ENSC ARIN,ENSC;ARIN,2,1,ANSCHLARIN,ANSCHLARIN,base,single_word,development
partial_b98c07a6592ad1fa,parts,full_name_two_parts,INF INITYCAREKIDSSPF,INF;INITYCAREKIDSSPF,2,0,INFINITY,INFINITYCAREKIDSSPF,base,multi_word,development
partial_b9c9d1f2fd696a74,parts,full_name_two_parts,LACT OAPEX,LACT;OAPEX,2,0,LACTO APEX,LACTOAPEX,base,multi_word,development
partial_b9f4491ab6abb8f5,parts,full_name_two_parts,RA KUTENSLIM,RA;KUTENSLIM,2,0,RAKUTEN SLIM,RAKUTENSLIM,base,multi_word,development
partial_ba04fb1ffeb9f9d3,parts,full_name_two_parts,IV YPAN,IV;YPAN,2,0,IVY PAN,IVYPAN,base,multi_word,holdout
partial_ba121ae9d8e7c633,parts,full_name_two_parts,DELVE NA,DELVE;NA,2,0,DELVENA,DELVENA,base,single_word,development
partial_ba1b8b88de9b9f54,parts,full_name_two_parts,TRESI BAFLEXTOUCHPREFILLEDPEN,TRESI;BAFLEXTOUCHPREFILLEDPEN,2,0,TRESIBA FLEXTOUCH PRE FILLED PEN,TRESIBAFLEXTOUCHPREFILLEDPEN,base,multi_word,development
partial_ba22401c6fd769b6,parts,full_name_two_parts,STRALINEMOISTURIZING LIP,STRALINEMOISTURIZING;LIP,2,0,STRALINE,STRALINEMOISTURIZINGLIP,base,multi_word,development
partial_ba3306b1bb758e82,parts,full_name_two_parts,MARNYSROYALPR OVITEBOTTLES,MARNYSROYALPR;OVITEBOTTLES,2,0,MARNYS,MARNYSROYALPROVITEBOTTLES,base,multi_word,development
partial_ba4f683f853d1d11,parts,full_name_three_parts,AVALO NSTRET CHMARK,AVALO;NSTRET;CHMARK,3,0,AVALON,AVALONSTRETCHMARK,base,multi_word,development
partial_ba59822a814e6de6,parts,full_name_two_parts,DECLOPH EN,DECLOPH;EN,2,0,DECLOPHEN,DECLOPHEN,base,single_word,development
partial_ba9cd81c772c9625,parts,full_name_three_parts,ZEROSA NDANTID ANDRUFF,ZEROSA;NDANTID;ANDRUFF,3,0,ZERO SAND ANTIDANDRUFF,ZEROSANDANTIDANDRUFF,base,multi_word,development
partial_baad7abc7f02fc58,parts,full_name_two_parts,PACLITAXE LACTAVIS,PACLITAXE;LACTAVIS,2,0,PACLITAXEL ACTAVIS,PACLITAXELACTAVIS,base,multi_word,development
partial_bac7c8273a81d25c,parts,full_name_two_parts,EMANOXMOISTU RIZING,EMANOXMOISTU;RIZING,2,0,EMANOX MOISTURIZING,EMANOXMOISTURIZING,base,multi_word,development
partial_badd833b652e1cff,parts,full_name_two_parts,COLIU RINAL,COLIU;RINAL,2,0,COLI URINAL,COLIURINAL,base,multi_word,development
partial_baf40bcd979ca7ac,parts,full_name_two_parts,OCUSEELL ERGEFORTE,OCUSEELL;ERGEFORTE,2,0,OCUSEELLERGE,OCUSEELLERGEFORTE,base,multi_word,holdout
partial_bb09844a3ecdf149,parts,full_name_two_parts,SOLA NTRAANTIWRINKLE,SOLA;NTRAANTIWRINKLE,2,0,SOLANTRA,SOLANTRAANTIWRINKLE,base,multi_word,development
partial_bb13bc2bb932b5f8,parts,full_name_two_parts,HAE MODIALYSISCONCENTRATEDLIQUIDACETATECONCENTRATION,HAE;MODIALYSISCONCENTRATEDLIQUIDACETATECONCENTRATION,2,0,HAEMODIALYSIS,HAEMODIALYSISCONCENTRATEDLIQUIDACETATECONCENTRATION,base,multi_word,holdout
partial_bb37a625577c67ca,parts,full_name_two_parts,RILAST ILADVANCEWOMEN,RILAST;ILADVANCEWOMEN,2,0,RILASTIL,RILASTILADVANCEWOMEN,base,multi_word,development
partial_bb46b78cc7bb524a,parts,full_name_two_parts,CI VELLE,CI;VELLE,2,0,CIVELLE,CIVELLE,family_head,single_word,development
partial_bb57b758a2fd0cf8,parts,two_edges_exact,MARS NING,MARS;NING,2,0,MARSHMALLOW,MARSHMALLOWWHITENING,base,multi_word,development
partial_bb5ee3067e178484,parts,two_edges_exact,OLLO AGEN,OLLO;AGEN,2,0,OLLOGAMIN MARINE COLLAGEN,OLLOGAMINMARINECOLLAGEN,base,multi_word,holdout
partial_bb663deaa9452009,parts,full_name_two_parts,COLG ICOMB,COLG;ICOMB,2,0,COLGICOMB,COLGICOMB,base,single_word,development
partial_bb6fe354dbdc41be,parts,two_edges_exact,HERA HAIR,HERA;HAIR,2,0,HERASERA HAIR,HERASERAHAIR,base,multi_word,development
partial_bb7e53ab8e2cbf91,parts,full_name_two_parts,ACDISTER ON,ACDISTER;ON,2,0,ACDISTERON,ACDISTERON,base,single_word,development
partial_bb935de6b83cf375,parts,full_name_two_parts,LI NEZ,LI;NEZ,2,0,LINEZ,LINEZ,base,single_word,development
partial_bb960b3b47f7f44c,parts,three_ordered_exact,OND LTA RON,OND;LTA;RON,3,0,ONDELTATRON,ONDELTATRON,base,single_word,holdout
partial_bb9e65dcbb8f0524,parts,full_name_two_parts,NUXEWHIT EDAILYUVPROTECTORSPF30,NUXEWHIT;EDAILYUVPROTECTORSPF30,2,0,NUXE WHITE DAILY UV PROTECTOR SPF30,NUXEWHITEDAILYUVPROTECTORSPF30,base,multi_word,development
partial_bbac9b23670402d6,parts,full_name_two_parts,TOVAGUARD SANITIZER,TOVAGUARD;SANITIZER,2,0,TOVA GUARD SANITIZER,TOVAGUARDSANITIZER,base,multi_word,development
partial_bbb438b809949f52,parts,full_name_two_parts,LACTOF LY,LACTOF;LY,2,0,LACTOFLY,LACTOFLY,base,single_word,holdout
partial_bbc12a0bee394fa3,parts,full_name_two_parts,CLARYBOO STERSHOT,CLARYBOO;STERSHOT,2,0,CLARY,CLARYBOOSTERSHOT,base,multi_word,development
partial_bbc8423f8c2c06e8,parts,full_name_two_parts,GRAPEXONCHROMI UM,GRAPEXONCHROMI;UM,2,0,GRAPEXON,GRAPEXONCHROMIUM,base,multi_word,holdout
partial_bbe6ade66be0f33a,parts,full_name_two_parts,MICROG YNON,MICROG;YNON,2,0,MICROGYNON,MICROGYNON,base,single_word,development
partial_bbf2e8e93846156a,parts,full_name_two_parts,PR AZONEX,PR;AZONEX,2,0,PRAZONEX,PRAZONEX,base,single_word,development
partial_bc053bb5ec13a9aa,parts,two_edges_exact,VHCP NGER,VHCP;NGER,2,0,VHC PROPODEZAS GINGER,VHCPROPODEZASGINGER,base,multi_word,development
partial_bc1baacfff76fd32,parts,two_edges_second_typo,FIRA AAIN,FIRA;AAIN,2,1,FIRAMAZIN,FIRAMAZIN,base,single_word,development
partial_bc1c0b8d2c765a3c,parts,full_name_two_parts,SOLUMARTHAIRPROTEINMASKHAIRGROWTH THICKNESS,SOLUMARTHAIRPROTEINMASKHAIRGROWTH;THICKNESS,2,0,SOLUMART,SOLUMARTHAIRPROTEINMASKHAIRGROWTHTHICKNESS,base,multi_word,development
partial_bc1c458736050059,parts,full_name_two_parts,GLOSSYHAIRCONDITI ONER,GLOSSYHAIRCONDITI;ONER,2,0,GLOSSY,GLOSSYHAIRCONDITIONER,base,multi_word,development
partial_bc332a09a7102db6,parts,full_name_two_parts,HAEMODIALYSISCONCEN TRATECK113,HAEMODIALYSISCONCEN;TRATECK113,2,0,HAEMODIALYSIS,HAEMODIALYSISCONCENTRATECK113,base,multi_word,holdout
partial_bc3ad3122f237c41,parts,full_name_three_parts,WEED OBON BABY,WEED;OBON;BABY,3,0,WEEDOBON,WEEDOBONBABY,base,multi_word,development
partial_bc3d2f07cd8efcf6,parts,one_prefix_exact,MBRA,MBRA,1,0,MB RARAVIO FILM COATED,MBRARAVIOFILMCOATED,base,multi_word,holdout
partial_bc49b15f6d7f114d,parts,full_name_two_parts,JESSICURLHA IRTONIC,JESSICURLHA;IRTONIC,2,0,JESSI CURL HAIR TONIC,JESSICURLHAIRTONIC,base,multi_word,holdout
partial_bc4f52a8f832f693,parts,three_ordered_middle_typo,INN AER MMU,INN;AER;MMU,3,1,INNOFER IMMU,INNOFERIMMU,base,multi_word,development
partial_bcb704f8416b6a21,parts,full_name_three_parts,ISOS ALTB OTTLE,ISOS;ALTB;OTTLE,3,0,ISO SALT BOTTLE,ISOSALTBOTTLE,base,multi_word,holdout
partial_bcc82ec46bee4570,parts,full_name_two_parts,MUSLG IX,MUSLG;IX,2,0,MUSLGIX,MUSLGIX,base,single_word,development
partial_bcd5cac447104c1c,parts,two_edges_second_typo,XANP AAAN,XANP;AAAN,2,1,XANPRAZAN,XANPRAZAN,base,single_word,development
partial_bd1390afd9a78d77,parts,full_name_two_parts,PHOTODERMMAXULTRAFLUIDLIGHTTIN TEDSPF,PHOTODERMMAXULTRAFLUIDLIGHTTIN;TEDSPF,2,0,PHOTODERM,PHOTODERMMAXULTRAFLUIDLIGHTTINTEDSPF,base,multi_word,holdout
partial_bd4be02b78275598,parts,full_name_three_parts,SHAANF ACIALC LEANSER,SHAANF;ACIALC;LEANSER,3,0,SHAAN,SHAANFACIALCLEANSER,base,multi_word,development
partial_bd4c9c448364275d,parts,full_name_two_parts,OS PEXIN,OS;PEXIN,2,0,OSPEXIN,OSPEXIN,base,single_word,development
partial_bd4e87ef07a574cf,parts,full_name_three_parts,EXF ORG EHCT,EXF;ORG;EHCT,3,0,EXFORGE,EXFORGEHCT,base,multi_word,holdout
partial_bd50e92f7c1d6f97,parts,full_name_two_parts,RI LASTILADVANCEHAIRLOSS,RI;LASTILADVANCEHAIRLOSS,2,0,RILASTIL,RILASTILADVANCEHAIRLOSS,base,multi_word,development
partial_bd96940d1bb1dde1,parts,full_name_two_parts,ZOXI DEL,ZOXI;DEL,2,0,ZOXIDEL,ZOXIDEL,base,single_word,development
partial_bd9fcfde37b7e8ce,parts,full_name_two_parts,QULAPERAF EN,QULAPERAF;EN,2,0,QULAPERAFEN,QULAPERAFEN,base,single_word,development
partial_bdbafaf97613f5bf,parts,full_name_two_parts,TRIXANTIDAN DRUFFHAIR,TRIXANTIDAN;DRUFFHAIR,2,0,TRIX ANTI DANDRUFF HAIR,TRIXANTIDANDRUFFHAIR,base,multi_word,development
partial_be1731f65249fbd9,parts,full_name_two_parts,SKINSOP UREMASK,SKINSOP;UREMASK,2,0,SKIN SO PURE MASK,SKINSOPUREMASK,base,multi_word,development
partial_be21502db6b5c72f,parts,two_edges_first_typo,NIYA TACI,NIYA;TACI,2,1,NIYROTACI,NIYROTACI,base,single_word,development
partial_be29bc1bc44d840a,parts,full_name_two_parts,CYC LOSED,CYC;LOSED,2,0,CYCLOSED,CYCLOSED,base,single_word,development
partial_be39618f32b0834f,parts,full_name_two_parts,ROTACA RNITE,ROTACA;RNITE,2,0,ROTACARNITE,ROTACARNITE,base,single_word,development
partial_be3c224adf18240b,parts,full_name_two_parts,OBLONGPHARMAL GIN,OBLONGPHARMAL;GIN,2,0,OBLONG PHARMALGIN,OBLONGPHARMALGIN,base,multi_word,development
partial_be6871de5c5ff345,parts,full_name_two_parts,IN EGY,IN;EGY,2,0,INEGY,INEGY,base,single_word,holdout
partial_be73b88966f10fc6,parts,full_name_two_parts,HOP KINVITSUBLINGUAL,HOP;KINVITSUBLINGUAL,2,0,HOPKINVIT SUBLINGUAL,HOPKINVITSUBLINGUAL,base,multi_word,development
partial_be7aa77e18272a68,parts,full_name_two_parts,HE RASERAHAIR,HE;RASERAHAIR,2,0,HERASERA HAIR,HERASERAHAIR,base,multi_word,development
partial_be8c1d03e1de1057,parts,full_name_two_parts,HAEMODIALYSISCONCENTRATEDBICARBONATEFORMULACO MPONENTA,HAEMODIALYSISCONCENTRATEDBICARBONATEFORMULACO;MPONENTA,2,0,HAEMODIALYSIS,HAEMODIALYSISCONCENTRATEDBICARBONATEFORMULACOMPONENTA,base,multi_word,holdout
partial_be9801530cdd5c74,parts,full_name_two_parts,WEEDOBON BABY,WEEDOBON;BABY,2,0,WEEDOBON,WEEDOBONBABY,base,multi_word,development
partial_beed943ea260c299,parts,full_name_three_parts,ROSAFE MSOFTP IECESNA,ROSAFE;MSOFTP;IECESNA,3,0,ROSAFEM SOFT PIECES N A,ROSAFEMSOFTPIECESNA,base,multi_word,development
partial_beef2336602beba9,parts,full_name_two_parts,STRONGVILL EMENNOURISHING,STRONGVILL;EMENNOURISHING,2,0,STRONGVILLE,STRONGVILLEMENNOURISHING,base,multi_word,holdout
partial_bef4e14f1ed6a66e,parts,full_name_two_parts,VICHYL IFTACTIVSUPREMENIGHT,VICHYL;IFTACTIVSUPREMENIGHT,2,0,VICHY,VICHYLIFTACTIVSUPREMENIGHT,base,multi_word,development
partial_bf2361c7d3b10aa7,parts,full_name_two_parts,VERDEXPRIMESYPOCLE AR,VERDEXPRIMESYPOCLE;AR,2,0,VERDEX,VERDEXPRIMESYPOCLEAR,base,multi_word,development
partial_bf31eec5e2fc8d60,parts,full_name_two_parts,HEPA REX,HEPA;REX,2,0,HEPAREX,HEPAREX,base,single_word,development
partial_bf3d59e8d20ce838,parts,full_name_two_parts,UNI DERMCAN,UNI;DERMCAN,2,0,UNIDERMCAN,UNIDERMCAN,base,single_word,development
partial_bf4ff8d9bef9cf27,parts,full_name_two_parts,BIOMASSMA SSAGE,BIOMASSMA;SSAGE,2,0,BIO MASS MASSAGE,BIOMASSMASSAGE,base,multi_word,development
partial_bf5596288103408c,parts,one_prefix_exact,ATOR,ATOR,1,0,ATOREZA,ATOREZA,base,single_word,holdout
partial_bf594cbf2a2c6198,parts,full_name_two_parts,AL EJONCOLLAGEN,AL;EJONCOLLAGEN,2,0,ALEJON,ALEJONCOLLAGEN,base,multi_word,development
partial_bf5e602bc34d855c,parts,full_name_two_parts,PONATONCOLLA GENSACHETS,PONATONCOLLA;GENSACHETS,2,0,PONATON COLLAGEN SACHETS,PONATONCOLLAGENSACHETS,base,multi_word,holdout
partial_bf7f3b293bdfe9ff,parts,full_name_two_parts,NRGSUGARFR EE,NRGSUGARFR;EE,2,0,NRG SUGAR FREE,NRGSUGARFREE,base,multi_word,development
partial_bf923410c6e57722,parts,full_name_two_parts,VICHYDERCOSDENSISOLUTIONSHA IRMASSRECREATINGCONCENTRATE,VICHYDERCOSDENSISOLUTIONSHA;IRMASSRECREATINGCONCENTRATE,2,0,VICHY,VICHYDERCOSDENSISOLUTIONSHAIRMASSRECREATINGCONCENTRATE,base,multi_word,development
partial_bf9b1e5ec42e1a7a,parts,full_name_two_parts,COLLA GEN,COLLA;GEN,2,0,COLLAGEN,COLLAGEN,base,single_word,development
partial_bfa101f936178ace,parts,full_name_two_parts,SUNLOVESUNSCREENF LUID,SUNLOVESUNSCREENF;LUID,2,0,SUN LOVE SUN SCREEN FLUID,SUNLOVESUNSCREENFLUID,base,multi_word,development
partial_bfceb2403cd40c99,parts,two_edges_first_typo,FLIA TIDE,FLIA;TIDE,2,1,FLIXOTIDE,FLIXOTIDE,base,single_word,development
partial_bfd7bff2d9e79034,parts,full_name_two_parts,VIR ACURE,VIR;ACURE,2,0,VIRACURE,VIRACURE,base,single_word,development
partial_bfffc6ad509f903e,parts,full_name_two_parts,ROACCU TREX,ROACCU;TREX,2,0,ROACCUTREX,ROACCUTREX,base,single_word,development
partial_c000b21a2c27d91a,parts,one_internal_exact,IZOL,IZOL,1,0,ALIZOLAM,ALIZOLAM,base,single_word,development
partial_c001bfecc75b9003,parts,full_name_two_parts,EXT RALAXMASSAGE,EXT;RALAXMASSAGE,2,0,EXTRALAX MASSAGE,EXTRALAXMASSAGE,base,multi_word,development
partial_c01183644463664d,parts,full_name_two_parts,BIOBLASSTYLI NGPROTECTING,BIOBLASSTYLI;NGPROTECTING,2,0,BIOBLAS,BIOBLASSTYLINGPROTECTING,base,multi_word,development
partial_c029155f16b322ba,parts,full_name_two_parts,TIMOLOL ELNILE,TIMOLOL;ELNILE,2,0,TIMOLOL ELNILE,TIMOLOLELNILE,base,multi_word,holdout
partial_c03fa75acf8427b7,parts,one_suffix_exact,RALH,RALH,1,0,MYKOTRAL,MYKOTRALH,base,multi_word,development
partial_c0436dd9221e4811,parts,full_name_two_parts,REXSOL AHAMULTIACTION,REXSOL;AHAMULTIACTION,2,0,REXSOL,REXSOLAHAMULTIACTION,base,multi_word,holdout
partial_c0574c73c771790e,parts,one_internal_exact,EBUR,EBUR,1,0,FEBURIC,FEBURIC,base,single_word,development
partial_c05cd430008a97dc,parts,one_internal_typo,ECOA,ECOA,1,1,ANIVAGENE,ANIVAGENECONDITIONER,base,multi_word,development
partial_c0658ed8f37daec1,parts,full_name_two_parts,REVIVOGE NPRO,REVIVOGE;NPRO,2,0,REVIVOGEN,REVIVOGENPRO,base,multi_word,development
partial_c0698e6e86daa77e,parts,two_edges_exact,DISP RCAM,DISP;RCAM,2,0,DISPERCAM,DISPERCAM,base,single_word,development
partial_c0843e07fffe6aca,parts,one_internal_exact,RHIS,RHIS,1,0,FIRHISTA,FIRHISTA,base,single_word,development
partial_c087cbcce362398f,parts,full_name_two_parts,PE RFECTNEURA,PE;RFECTNEURA,2,0,PERFECT NEURA,PERFECTNEURA,base,multi_word,development
partial_c08b06e34eb2a0b5,parts,full_name_two_parts,ROY ALGINGERCINNAMONFILTERBAGS,ROY;ALGINGERCINNAMONFILTERBAGS,2,0,ROYAL,ROYALGINGERCINNAMONFILTERBAGS,base,multi_word,development
partial_c09673f462630978,parts,full_name_two_parts,VI RUSTAT,VI;RUSTAT,2,0,VIRUSTAT,VIRUSTAT,base,single_word,development
partial_c09d0585b794d552,parts,two_edges_first_typo,DEPA MSPF,DEPA;MSPF,2,1,DEPIDERM,DEPIDERMSPF,base,multi_word,development
partial_c0a9afe56613720f,parts,three_ordered_middle_typo,NAN BEA RON,NAN;BEA;RON,3,1,NANOBEE,NANOBEEIRON,base,multi_word,development
partial_c0cd620afab00412,parts,full_name_three_parts,HIDERM MOISTU RIZING,HIDERM;MOISTU;RIZING,3,0,HIDERM,HIDERMMOISTURIZING,base,multi_word,holdout
partial_c0dfdaa25c4ef19e,parts,full_name_two_parts,CENTRAVITATRI OMEGA,CENTRAVITATRI;OMEGA,2,0,CENTRAVITA TRI OMEGA,CENTRAVITATRIOMEGA,base,multi_word,holdout
partial_c0fb5413e2c1aec0,parts,one_internal_typo,DAOS,DAOS,1,1,MEDIOSTEO,MEDIOSTEO,base,single_word,development
partial_c12c48a9927c1c0e,parts,three_ordered_exact,DAR COA AIR,DAR;COA;AIR,3,0,DARYAN,DARYANCOALHAIR,base,multi_word,development
partial_c1322a97a426635c,parts,two_edges_second_typo,SUNT PAPF,SUNT;PAPF,2,1,SUN TOP SPF,SUNTOPSPF,base,multi_word,development
partial_c1543b4c2ca20a8c,parts,one_internal_exact,VLIM,VLIM,1,0,REVLIMID,REVLIMID,base,single_word,development
partial_c18aeb09165943de,parts,three_ordered_middle_typo,TOP XME ECR,TOP;XME;ECR,3,1,TOP RELAX MASSAGE CR,TOPRELAXMASSAGECR,base,multi_word,development
partial_c1a38185db6176a6,parts,full_name_two_parts,HAEMODIAL YSISCONCENTRATECK114,HAEMODIAL;YSISCONCENTRATECK114,2,0,HAEMODIALYSIS,HAEMODIALYSISCONCENTRATECK114,base,multi_word,holdout
partial_c1b2e317d604f9b0,parts,two_edges_first_typo,EURA ENSE,EURA;ENSE,2,1,EURESENSE,EURESENSE,base,single_word,development
partial_c1e6f25a3db397be,parts,one_suffix_exact,THMW,THMW,1,0,ALLMOUTH M W,ALLMOUTHMW,base,multi_word,development
partial_c1ea09f2ef3527af,parts,full_name_two_parts,KHAM ERA,KHAM;ERA,2,0,KHAMERA,KHAMERA,base,single_word,holdout
partial_c21fc218c7c886e6,parts,full_name_two_parts,URAL YT,URAL;YT,2,0,URALYT,URALYT,base,single_word,development
partial_c2663fb9351d9d14,parts,full_name_two_parts,POTESTA SE,POTESTA;SE,2,0,POTESTASE,POTESTASE,base,single_word,development
partial_c271b465e03dddfb,parts,full_name_two_parts,ORIE NTNNIPPLE,ORIE;NTNNIPPLE,2,0,ORIENT N NIPPLE,ORIENTNNIPPLE,base,multi_word,development
partial_c279b2a77dcf6574,parts,full_name_two_parts,OCT REOSTAT,OCT;REOSTAT,2,0,OCTREOSTAT,OCTREOSTAT,base,single_word,development
partial_c2883784370225f5,parts,full_name_two_parts,VAGI PROST,VAGI;PROST,2,0,VAGIPROST,VAGIPROST,base,single_word,development
partial_c288c6fd6efb66a9,parts,full_name_two_parts,FERIDAMK IDS,FERIDAMK;IDS,2,0,FERIDAM KIDS,FERIDAMKIDS,base,multi_word,development
partial_c2a519bb28bcfc8b,parts,full_name_two_parts,DEKADEL CHRONO,DEKADEL;CHRONO,2,0,DEKADEL,DEKADELCHRONO,base,multi_word,development
partial_c2b379e66585d983,parts,full_name_two_parts,CARLE DOPA,CARLE;DOPA,2,0,CARLEDOPA,CARLEDOPA,base,single_word,development
partial_c2e1b91d8371bacd,parts,one_internal_typo,LIAG,LIAG,1,1,MEBO COOLING PATCHES,MEBOCOOLINGPATCHES,base,multi_word,development
partial_c310c28ffce0d933,parts,full_name_two_parts,NUCLEOCMPFOR TE,NUCLEOCMPFOR;TE,2,0,NUCLEO CMP,NUCLEOCMPFORTE,base,multi_word,development
partial_c3150d22e88b7b3e,parts,two_edges_exact,DEXA HALM,DEXA;HALM,2,0,DEXATHALM,DEXATHALM,base,single_word,development
partial_c32a8829145c1fc6,parts,full_name_two_parts,DARIC ONT,DARIC;ONT,2,0,DARICONT,DARICONT,base,single_word,holdout
partial_c339f033b3b12675,parts,full_name_two_parts,PHARMACERISHNUTRIGI NHAIRCONDITIONER,PHARMACERISHNUTRIGI;NHAIRCONDITIONER,2,0,PHARMACERIS,PHARMACERISHNUTRIGINHAIRCONDITIONER,base,multi_word,development
partial_c33e76480f71d27b,parts,full_name_two_parts,SCARVIOEMOLL IENT,SCARVIOEMOLL;IENT,2,0,SCARVIO EMOLLIENT,SCARVIOEMOLLIENT,base,multi_word,development
partial_c344cdff53ddf8f4,parts,one_internal_typo,HEFL,HEFL,1,1,NERHAFLUKS,NERHAFLUKS,base,single_word,development
partial_c34a7c3b7b3d9aa7,parts,full_name_two_parts,VILLAM ORAL,VILLAM;ORAL,2,0,VILLAMORAL,VILLAMORAL,base,single_word,development
partial_c34a9bb80a5c029d,parts,full_name_two_parts,URIAGEAGEPROTE CTNIGHT,URIAGEAGEPROTE;CTNIGHT,2,0,URIAGE,URIAGEAGEPROTECTNIGHT,base,multi_word,holdout
partial_c350443c6b34de36,parts,full_name_two_parts,FIRSTVOCFRIZ ZCONTROL,FIRSTVOCFRIZ;ZCONTROL,2,0,FIRSTVOC,FIRSTVOCFRIZZCONTROL,base,multi_word,holdout
partial_c35c51aae4f2ef81,parts,full_name_two_parts,BEESLINEDEOWHIT ENINGSPORTPULSE,BEESLINEDEOWHIT;ENINGSPORTPULSE,2,0,BEESLINE,BEESLINEDEOWHITENINGSPORTPULSE,base,multi_word,holdout
partial_c36619d847ba710a,parts,two_edges_second_typo,POLY OCAD,POLY;OCAD,2,1,POLYBIOCID,POLYBIOCID,base,single_word,development
partial_c3810a0409cc302a,parts,full_name_two_parts,ORA LEX,ORA;LEX,2,0,ORALEX,ORALEX,base,single_word,development
partial_c38d9bd88e99c8e4,parts,three_ordered_middle_typo,NEO ANE NTS,NEO;ANE;NTS,3,1,NEOCATE,NEOCATESYNEOINFANTS,base,multi_word,development
partial_c39de112ddae634e,parts,full_name_two_parts,CORTIPLEXB 6ADULT,CORTIPLEXB;6ADULT,2,0,CORTIPLEX,CORTIPLEXB6ADULT,base,multi_word,development
partial_c3a3862c26ebd494,parts,full_name_three_parts,LENO CIRTE NASAL,LENO;CIRTE;NASAL,3,0,LENOCIRTE NASAL,LENOCIRTENASAL,base,multi_word,development
partial_c3b6a2c7f5ed887d,parts,one_internal_exact,REXO,REXO,1,0,DEXAMYTREX OPHTIOLE,DEXAMYTREXOPHTIOLE,base,multi_word,development
partial_c3f7f43a1a8cf86f,parts,full_name_two_parts,SYNOSELAC ECOATED,SYNOSELAC;ECOATED,2,0,SYNOSEL ACE COATED,SYNOSELACECOATED,base,multi_word,development
partial_c3f88962c5121923,parts,full_name_two_parts,BI OVITDEPOT,BI;OVITDEPOT,2,0,BIOVIT DEPOT,BIOVITDEPOT,base,multi_word,holdout
partial_c400749c11788b75,parts,full_name_two_parts,SECRET LUBRICANT,SECRET;LUBRICANT,2,0,SECRET LUBRICANT,SECRETLUBRICANT,base,multi_word,development
partial_c407d02351ab6bd0,parts,full_name_two_parts,POLYCY STACARE,POLYCY;STACARE,2,0,POLYCYSTACARE,POLYCYSTACARE,base,single_word,development
partial_c41863021fb1a5a7,parts,full_name_two_parts,PHOTODERMBRONZEFLU IDSPF,PHOTODERMBRONZEFLU;IDSPF,2,0,PHOTODERM,PHOTODERMBRONZEFLUIDSPF,base,multi_word,holdout
partial_c418dbae038b6af4,parts,full_name_two_parts,EP IFASI,EP;IFASI,2,0,EPIFASI,EPIFASI,base,single_word,development
partial_c42a3cccb6156bdd,parts,two_edges_exact,AQUA VEUD,AQUA;VEUD,2,0,AQUALARM,AQUALARMINTENSIVEUD,base,multi_word,holdout
partial_c4316715f702b5ee,parts,full_name_two_parts,SIM OLACTOFERRINIRON,SIM;OLACTOFERRINIRON,2,0,SIMO LACTOFERRIN IRON,SIMOLACTOFERRINIRON,base,multi_word,development
partial_c4337bad6ade3a4d,parts,two_edges_second_typo,REST ARNA,REST;ARNA,2,1,RESTARTCARNI,RESTARTCARNI,base,single_word,development
partial_c44de639fcb82102,parts,full_name_two_parts,ATOMAFU TIX,ATOMAFU;TIX,2,0,ATOMAFUTIX,ATOMAFUTIX,base,single_word,development
partial_c45babacdfbe9c32,parts,full_name_two_parts,FEMINALOPRA MCAPLETS,FEMINALOPRA;MCAPLETS,2,0,FEMINALOPRAM CAPLETS,FEMINALOPRAMCAPLETS,base,multi_word,development
partial_c460cbe335193540,parts,one_suffix_exact,SINA,SINA,1,0,ROWSINA,ROWSINA,base,single_word,holdout
partial_c4610bcedb300bc3,parts,full_name_two_parts,JU LIANA,JU;LIANA,2,0,JULIANA,JULIANA,base,single_word,development
partial_c463c45bfd9e9963,parts,full_name_two_parts,TANO DERM,TANO;DERM,2,0,TANODERM,TANODERM,base,single_word,development
partial_c480a66a9a8ea79d,parts,full_name_two_parts,VI OLA,VI;OLA,2,0,VIOLA,VIOLA,family_head,single_word,development
partial_c487a20139c801db,parts,full_name_two_parts,MAGN EVIST,MAGN;EVIST,2,0,MAGNEVIST,MAGNEVIST,base,single_word,development
partial_c4a082a9e970ea33,parts,one_suffix_exact,IGYN,IGYN,1,0,ELLIGYN,ELLIGYN,base,single_word,development
partial_c4b4477ba2988fc3,parts,full_name_two_parts,TRAVOPROSTQUE ENCOMB,TRAVOPROSTQUE;ENCOMB,2,0,TRAVOPROSTQUEEN,TRAVOPROSTQUEENCOMB,base,multi_word,development
partial_c4c70190f9ccd454,parts,full_name_two_parts,FRI STONBIOCLEANSINGHAIR,FRI;STONBIOCLEANSINGHAIR,2,0,FRISTON,FRISTONBIOCLEANSINGHAIR,base,multi_word,development
partial_c4d7fddf2d3f426c,parts,full_name_two_parts,CLEA RADERM,CLEA;RADERM,2,0,CLEARADERM,CLEARADERM,base,single_word,development
partial_c4ea4e1ec6d157ab,parts,one_internal_exact,VECF,VECF,1,0,PEAVEC,PEAVECFORTE,base,multi_word,development
partial_c511c662c10f2992,parts,two_edges_exact,LOCI SWAB,LOCI;SWAB,2,0,LOCIKASWAB,LOCIKASWAB,base,single_word,development
partial_c5403c8151348664,parts,two_edges_second_typo,AMPI AAEX,AMPI;AAEX,2,1,AMPICILLIN,AMPICILLINALEX,base,multi_word,development
partial_c58d5a481ea279b1,parts,one_suffix_exact,YMET,YMET,1,0,OXYMET,OXYMET,base,single_word,holdout
partial_c5d138791576e240,parts,two_edges_second_typo,SULF EEAS,SULF;EEAS,2,1,SULFAX,SULFAXCOOLHOTSHEETS,base,multi_word,development
partial_c5d3790cd16083dc,parts,full_name_two_parts,CON STINON,CON;STINON,2,0,CONSTINON,CONSTINON,base,single_word,development
partial_c5de01f1893b215a,parts,one_prefix_exact,AVET,AVET,1,0,AVETRIX,AVETRIX,base,single_word,development
partial_c62038ee35304846,parts,three_ordered_middle_typo,ABI OLA TRA,ABI;OLA;TRA,3,1,ABIMOL,ABIMOLEXTRA,base,multi_word,development
partial_c6298d9e520d5612,parts,full_name_two_parts,MEL ATONIN,MEL;ATONIN,2,0,MELATONIN,MELATONIN,base,single_word,development
partial_c63738fc7c64c975,parts,one_prefix_exact,EXLU,EXLU,1,0,EXLUTON,EXLUTON,base,single_word,development
partial_c63f47112b7a1477,parts,full_name_two_parts,TRIPL ONO,TRIPL;ONO,2,0,TRIPLONO,TRIPLONO,base,single_word,development
partial_c6440b36b08e0b37,parts,two_edges_second_typo,SIGM OFEA,SIGM;OFEA,2,1,SIGMAPROFEN,SIGMAPROFEN,base,single_word,development
partial_c65c96762e7787e0,parts,full_name_two_parts,ACTIVIT AGOLDPROCGENSOFTENING,ACTIVIT;AGOLDPROCGENSOFTENING,2,0,ACTI VITA GOLD PROCGEN SOFTENING,ACTIVITAGOLDPROCGENSOFTENING,base,multi_word,development
partial_c66d0adf8762648d,parts,full_name_three_parts,GED IMA DEL,GED;IMA;DEL,3,0,GEDIMADEL,GEDIMADEL,base,single_word,holdout
partial_c675b1913e100fb1,parts,full_name_two_parts,SINOMARINBABIESUNIDOS ESNASAL,SINOMARINBABIESUNIDOS;ESNASAL,2,0,SINOMARIN,SINOMARINBABIESUNIDOSESNASAL,base,multi_word,development
partial_c67e7ef5560fc407,parts,three_ordered_exact,YOU LEA SER,YOU;LEA;SER,3,0,YOU CLEANSER,YOUCLEANSER,base,multi_word,development
partial_c689f001fb8e2f7e,parts,two_edges_first_typo,GERA PTIC,GERA;PTIC,2,1,GERM CLEAR TOP ANTISEPTIC,GERMCLEARTOPANTISEPTIC,base,multi_word,development
partial_c6952d1b312bb8d5,parts,full_name_two_parts,FARMORUBICI NRD,FARMORUBICI;NRD,2,0,FARMORUBICIN RD,FARMORUBICINRD,base,multi_word,development
partial_c6aae475b1b8f6e0,parts,full_name_two_parts,BION AL,BION;AL,2,0,BIONAL,BIONAL,base,single_word,development
partial_c6ba1d583b0a2035,parts,two_edges_second_typo,BLOG ARBA,BLOG;ARBA,2,1,BLOG HERBA,BLOGHERBA,base,multi_word,development
partial_c6c4575e1abb6e78,parts,full_name_two_parts,TOGOT HI,TOGOT;HI,2,0,TOGOTHI,TOGOTHI,base,single_word,development
partial_c6c7e07bb0f1c3df,parts,one_internal_exact,ULPA,ULPA,1,0,SULPAN,SULPAN,base,single_word,development
partial_c6cdca309ead2293,parts,two_edges_exact,BAMB RIBE,BAMB;RIBE,2,0,BAMBINO MAA GHARIBE,BAMBINOMAAGHARIBE,base,multi_word,development
partial_c6dc2996123b7619,parts,full_name_two_parts,PEDIASUREC HOCOLATE,PEDIASUREC;HOCOLATE,2,0,PEDIASURE,PEDIASURECHOCOLATE,base,multi_word,development
partial_c6e22bba9d6e9ff4,parts,two_edges_second_typo,COMP HEIR,COMP;HEIR,2,1,COMPLETE,COMPLETEHAIR,base,multi_word,development
partial_c6e961a392450258,parts,full_name_two_parts,COSARN OMID,COSARN;OMID,2,0,COSARNOMID,COSARNOMID,base,single_word,holdout
partial_c6e9f6ec50be82f4,parts,full_name_two_parts,PEAFLEXFOR TE,PEAFLEXFOR;TE,2,0,PEA FLEX,PEAFLEXFORTE,base,multi_word,development
partial_c6fcb95d07427891,parts,full_name_two_parts,BEM ASTRIM,BEM;ASTRIM,2,0,BEMASTRIM,BEMASTRIM,base,single_word,development
partial_c70aa6325a2a39ea,parts,full_name_two_parts,SEKEMBABYCALMHERBSFI LTERBAGS,SEKEMBABYCALMHERBSFI;LTERBAGS,2,0,SEKEM,SEKEMBABYCALMHERBSFILTERBAGS,base,multi_word,holdout
partial_c714165cc9cb9e22,parts,full_name_two_parts,OCUGUA RDAREDS2H,OCUGUA;RDAREDS2H,2,0,OCUGUARD,OCUGUARDAREDS2H,base,multi_word,development
partial_c7146a3a4d1506b4,parts,one_internal_exact,OVYS,OVYS,1,0,SHOVYSPAN,SHOVYSPAN,base,single_word,holdout
partial_c72f6bf9c7ce4696,parts,one_internal_typo,TOBA,TOBA,1,1,FITO BURNS,FITOBURNS,base,multi_word,development
partial_c74694e2ba59ad5d,parts,full_name_two_parts,IR OSPECT,IR;OSPECT,2,0,IROSPECT,IROSPECT,base,single_word,holdout
partial_c765c668a1208315,parts,one_internal_exact,EPAT,EPAT,1,0,HEPATON,HEPATON,base,single_word,holdout
partial_c766468a055cf5a0,parts,full_name_three_parts,CE FAZ ONE,CE;FAZ;ONE,3,0,CEFAZONE,CEFAZONE,base,single_word,development
partial_c784d9504a8f412e,parts,full_name_three_parts,DIST RICT HAIR,DIST;RICT;HAIR,3,0,DISTRICT HAIR,DISTRICTHAIR,base,multi_word,holdout
partial_c7984ca80a7c4618,parts,one_prefix_grapheme,DIAKI,DIAKI,1,0,DIAQUIT,DIAQUIT,base,single_word,development
partial_c79a1ea99f9a8f14,parts,full_name_two_parts,EXTR AGENERALPROTEIN,EXTR;AGENERALPROTEIN,2,0,EXTRA GENERAL PROTEIN,EXTRAGENERALPROTEIN,base,multi_word,holdout
partial_c7bc0b94f60f166b,parts,full_name_two_parts,NITOLICHE ADLICETREATMENTSYSTEM,NITOLICHE;ADLICETREATMENTSYSTEM,2,0,NITOLIC,NITOLICHEADLICETREATMENTSYSTEM,base,multi_word,development
partial_c7cb69ca31720654,parts,full_name_two_parts,EVERYOU THBILAYERSEROILHAIR,EVERYOU;THBILAYERSEROILHAIR,2,0,EVERYOUTH,EVERYOUTHBILAYERSEROILHAIR,base,multi_word,development
partial_c7cd7e6f91a147d8,parts,two_edges_first_typo,COAT PONE,COAT;PONE,2,1,COMTAPONE,COMTAPONE,base,single_word,holdout
partial_c7df4b8f18550a42,parts,full_name_two_parts,SA NSOBRONCHI,SA;NSOBRONCHI,2,0,SANSO,SANSOBRONCHI,base,multi_word,development
partial_c7e264abea3d1d6a,parts,full_name_two_parts,SIL VERZINE,SIL;VERZINE,2,0,SILVERZINE,SILVERZINE,base,single_word,development
partial_c7ea9a0288649351,parts,full_name_two_parts,MELAT EXLIGHTENINGCLEANSER,MELAT;EXLIGHTENINGCLEANSER,2,0,MELATEX,MELATEXLIGHTENINGCLEANSER,base,multi_word,holdout
partial_c7ff07c00b2d5d01,parts,full_name_two_parts,SHAANREJUVENATI ON,SHAANREJUVENATI;ON,2,0,SHAAN,SHAANREJUVENATION,base,multi_word,development
partial_c81e4e291a09273a,parts,full_name_two_parts,NOVA CORTIN,NOVA;CORTIN,2,0,NOVACORTIN,NOVACORTIN,base,single_word,holdout
partial_c821961927511e1e,parts,full_name_two_parts,STRONGVILLEH AIRTONIC,STRONGVILLEH;AIRTONIC,2,0,STRONGVILLE,STRONGVILLEHAIRTONIC,base,multi_word,holdout
partial_c83a2238ff415034,parts,two_edges_second_typo,APHR MIAE,APHR;MIAE,2,1,APHROFEMINE,APHROFEMINE,base,single_word,development
partial_c844df2514d9ad5d,parts,full_name_two_parts,VIVIDOLHA IR,VIVIDOLHA;IR,2,0,VIVIDOL,VIVIDOLHAIR,base,multi_word,development
partial_c8494384a116975b,parts,full_name_two_parts,VI TALCARECONDITIONERIMPERIALARGAN,VI;TALCARECONDITIONERIMPERIALARGAN,2,0,VITAL,VITALCARECONDITIONERIMPERIALARGAN,base,multi_word,development
partial_c8521edbd1bdac9e,parts,full_name_two_parts,REGIM AX,REGIM;AX,2,0,REGIMAX,REGIMAX,base,single_word,development
partial_c885e9e51a865948,parts,full_name_two_parts,ROTAPOWER VITAMIN,ROTAPOWER;VITAMIN,2,0,ROTA POWER VITAMIN,ROTAPOWERVITAMIN,base,multi_word,development
partial_c88c2ae0ab3c9898,parts,full_name_two_parts,SNE LLO,SNE;LLO,2,0,SNELLO,SNELLO,base,single_word,development
partial_c88e04e8b3d4b3b7,parts,full_name_two_parts,PH ARMASTIN,PH;ARMASTIN,2,0,PHARMASTIN,PHARMASTIN,base,single_word,development
partial_c88e80015f14201d,parts,full_name_two_parts,BENZYLBENZ OATE,BENZYLBENZ;OATE,2,0,BENZYL BENZOATE,BENZYLBENZOATE,base,multi_word,development
partial_c8ed56613c8a5de0,parts,one_internal_exact,MOTE,MOTE,1,0,BROMOTEMIA,BROMOTEMIA,base,single_word,development
partial_c91b1871e57d9c9b,parts,full_name_two_parts,COG NIGINKFILMCOATED,COG;NIGINKFILMCOATED,2,0,COGNIGINK FILM COATED,COGNIGINKFILMCOATED,base,multi_word,development
partial_c92027949cf3a1d3,parts,full_name_two_parts,VIACALCH OCOLATESOFTCHEWSPIECES,VIACALCH;OCOLATESOFTCHEWSPIECES,2,0,VIA CAL CHOCOLATE SOFT CHEWS PIECES,VIACALCHOCOLATESOFTCHEWSPIECES,base,multi_word,development
partial_c92066c82c039743,parts,full_name_two_parts,CLINZBEAR DOIL,CLINZBEAR;DOIL,2,0,CLINZ BEARD OIL,CLINZBEARDOIL,base,multi_word,development
partial_c92e7afc9d2bb114,parts,full_name_two_parts,DA ILYVIT,DA;ILYVIT,2,0,DAILY VIT,DAILYVIT,base,multi_word,development
partial_c9378dfcdab1ac81,parts,full_name_three_parts,ALP ROS PIRE,ALP;ROS;PIRE,3,0,ALPROSPIRE,ALPROSPIRE,base,single_word,development
partial_c93c780c2e022fbe,parts,full_name_two_parts,NEURIM AXSOFTGELATIN,NEURIM;AXSOFTGELATIN,2,0,NEURIMAX,NEURIMAXSOFTGELATIN,base,multi_word,development
partial_c943411fdf852616,parts,full_name_two_parts,JOINT ONE,JOINT;ONE,2,0,JOINTONE,JOINTONE,base,single_word,holdout
partial_c9491875055491d1,parts,full_name_two_parts,TOL ATRO,TOL;ATRO,2,0,TOLATRO,TOLATRO,base,single_word,development
partial_c94de1e31b518f76,parts,full_name_two_parts,FETSI MMUNE,FETSI;MMUNE,2,0,FETS IMMUNE,FETSIMMUNE,base,multi_word,development
partial_c9674d626994400b,parts,one_internal_typo,HTES,HTES,1,1,OPHTASTAT,OPHTASTAT,base,single_word,development
partial_c96aef502b66a288,parts,full_name_two_parts,SPLEE TEXFOLIATING,SPLEE;TEXFOLIATING,2,0,SPLEET,SPLEETEXFOLIATING,base,multi_word,development
partial_c97d15677b613450,parts,full_name_two_parts,EPI DEXONE,EPI;DEXONE,2,0,EPIDEXONE,EPIDEXONE,base,single_word,development
partial_c97e4ba92291cf17,parts,full_name_two_parts,ET HANOLAMINEOLEATE,ET;HANOLAMINEOLEATE,2,0,ETHANOLAMINE OLEATE,ETHANOLAMINEOLEATE,base,multi_word,development
partial_c98e09bfa5492c9f,parts,full_name_two_parts,NEP IRALIN,NEP;IRALIN,2,0,NEPIRALIN,NEPIRALIN,base,single_word,development
partial_c995bce7cabe7625,parts,three_ordered_exact,ALB RON INC,ALB;RON;INC,3,0,ALBA IRON ZINC,ALBAIRONZINC,base,multi_word,development
partial_c996f9926eedc4b5,parts,one_internal_exact,NCOP,NCOP,1,0,ZINCOPAN,ZINCOPAN,base,single_word,development
partial_c9c4b02653a3395f,parts,full_name_two_parts,RIN TO,RIN;TO,2,0,RINTO,RINTO,base,single_word,development
partial_c9d4b5f85a20a5fd,parts,one_internal_exact,MBOD,MBOD,1,0,DUMBODAL,DUMBODAL,base,single_word,development
partial_ca0f92f5ac5d2d76,parts,full_name_three_parts,DEKA DELC HRONO,DEKA;DELC;HRONO,3,0,DEKADEL,DEKADELCHRONO,base,multi_word,development
partial_ca1d6dad9f244cc3,parts,two_edges_first_typo,TAMO NILE,TAMO;NILE,2,1,TIMOLOL ELNILE,TIMOLOLELNILE,base,multi_word,holdout
partial_ca38e181c5845cda,parts,two_edges_second_typo,COLD AOPN,COLD;AOPN,2,1,COLD STOP,COLDSTOPN,base,multi_word,development
partial_ca4838e5f63f2531,parts,full_name_two_parts,VINORELBINEB EWE,VINORELBINEB;EWE,2,0,VINORELBIN EBEWE,VINORELBINEBEWE,base,multi_word,development
partial_ca992562e23c994b,parts,full_name_two_parts,AC NESOL,AC;NESOL,2,0,ACNESOL,ACNESOL,base,single_word,holdout
partial_caa6d81a66d3c040,parts,full_name_two_parts,TET RACONGYRA,TET;RACONGYRA,2,0,TETRACONGYRA,TETRACONGYRA,base,single_word,development
partial_caaac31b257ee92c,parts,three_ordered_middle_typo,RAC AAR HEA,RAC;AAR;HEA,3,1,RACECARRHEA,RACECARRHEA,base,single_word,development
partial_cad5ccc7e7bd0fdf,parts,full_name_two_parts,SUN SEIZ,SUN;SEIZ,2,0,SUNSEIZ,SUNSEIZ,base,single_word,development
partial_cb25dc582f345c09,parts,two_edges_exact,ARAB QUIN,ARAB;QUIN,2,0,ARABCOFLOROQUIN,ARABCOFLOROQUIN,base,single_word,development
partial_cb2ca05782190b22,parts,full_name_two_parts,ROSTEVODEEPMOISTU RESHEA,ROSTEVODEEPMOISTU;RESHEA,2,0,ROSTEVO,ROSTEVODEEPMOISTURESHEA,base,multi_word,development
partial_cb421708c1470087,parts,full_name_two_parts,HAPPY CROSS,HAPPY;CROSS,2,0,HAPPYCROSS,HAPPYCROSS,base,single_word,development
partial_cb46329f79e9ae0f,parts,two_edges_second_typo,DICL ELEX,DICL;ELEX,2,1,DICLORELAX,DICLORELAX,base,single_word,development
partial_cb4aea4cf7428e10,parts,full_name_two_parts,BRIM OBRINZ,BRIM;OBRINZ,2,0,BRIMOBRINZ,BRIMOBRINZ,base,single_word,holdout
partial_cb543a07f32889e6,parts,two_edges_first_typo,ATRE LATE,ATRE;LATE,2,1,ATRABESYLATE,ATRABESYLATE,base,single_word,development
partial_cb600075c5b91e81,parts,two_edges_second_typo,MINI AAAN,MINI;AAAN,2,1,MINI GUAVA,MINIGUAVAN,base,multi_word,holdout
partial_cb658633adcfc46a,parts,two_edges_second_typo,HEPA RATA,HEPA;RATA,2,1,HEPA MERZ CONCENTRATE,HEPAMERZCONCENTRATE,base,multi_word,development
partial_cb78ebf6be10c493,parts,full_name_two_parts,MEGATRONCAL CIUM,MEGATRONCAL;CIUM,2,0,MEGATRON CALCIUM,MEGATRONCALCIUM,base,multi_word,holdout
partial_cb7927d38c351d69,parts,full_name_two_parts,MO DERNSAWPALMETTO,MO;DERNSAWPALMETTO,2,0,MODERN,MODERNSAWPALMETTO,base,multi_word,development
partial_cb80d629e5f069cb,parts,full_name_two_parts,CO VERAM,CO;VERAM,2,0,COVERAM,COVERAM,base,single_word,development
partial_cba450a6bf9fba29,parts,full_name_two_parts,MUSTELABABYMA SSAGEOIL,MUSTELABABYMA;SSAGEOIL,2,0,MUSTELA,MUSTELABABYMASSAGEOIL,base,multi_word,development
partial_cbc38c5f946a1d83,parts,full_name_three_parts,AGEALA NTIAGI NGRICH,AGEALA;NTIAGI;NGRICH,3,0,AGEAL,AGEALANTIAGINGRICH,base,multi_word,holdout
partial_cbd569389e3404d5,parts,full_name_two_parts,NAPHCOZO LE,NAPHCOZO;LE,2,0,NAPHCOZOLE,NAPHCOZOLE,base,single_word,holdout
partial_cbe82eee69d93523,parts,full_name_two_parts,EGU NAZ,EGU;NAZ,2,0,EGUNAZ,EGUNAZ,family_head,single_word,development
partial_cbfb1d7bde378f79,parts,two_edges_first_typo,LIAT RMIX,LIAT;RMIX,2,1,LISTERMIX,LISTERMIX,base,single_word,development
partial_cbfc4b8508d52715,parts,two_edges_second_typo,AMLO AINE,AMLO;AINE,2,1,AMLODIPINE,AMLODIPINE,base,single_word,development
partial_cbfd5cd6ad0dbc03,parts,full_name_two_parts,SOLANTRAANTIW RINKLE,SOLANTRAANTIW;RINKLE,2,0,SOLANTRA,SOLANTRAANTIWRINKLE,base,multi_word,development
partial_cbfe507e0af9ca44,parts,two_edges_exact,INFI FDAY,INFI;FDAY,2,0,INFINITY,INFINITYANTIAGINGSPFDAY,base,multi_word,development
partial_cc0fb4a80a0f45b2,parts,full_name_two_parts,MBOTTOFILM COATED,MBOTTOFILM;COATED,2,0,MB OTTO FILM COATED,MBOTTOFILMCOATED,base,multi_word,development
partial_cc29c4158a455abd,parts,full_name_two_parts,NUXEPRODIGIEU XDDLIGHT,NUXEPRODIGIEU;XDDLIGHT,2,0,NUXE PRODIGIEUX DD LIGHT,NUXEPRODIGIEUXDDLIGHT,base,multi_word,development
partial_cc494e2feb1e8773,parts,full_name_two_parts,SULCEFO ZONE,SULCEFO;ZONE,2,0,SULCEFOZONE,SULCEFOZONE,base,single_word,development
partial_cc86171c5d9e09f5,parts,one_internal_typo,IAIB,IAIB,1,1,LIPIFIBRATE,LIPIFIBRATE,base,single_word,development
partial_cc93dda451a8b7f4,parts,two_edges_second_typo,DUCR IAHT,DUCR;IAHT,2,1,DUCRAY,DUCRAYMELASCREENSPFECLATLIGHT,base,multi_word,holdout
partial_cc944d6faea48dc5,parts,full_name_three_parts,PER IPH EBA,PER;IPH;EBA,3,0,PERIPHEBA,PERIPHEBA,base,single_word,development
partial_cc98a6a5584c9c16,parts,full_name_two_parts,AVEENOBABYDAI LYMOISTURE,AVEENOBABYDAI;LYMOISTURE,2,0,AVEENO,AVEENOBABYDAILYMOISTURE,base,multi_word,holdout
partial_cc98b4d60a8ac295,parts,one_internal_typo,YCAF,YCAF,1,1,EGYCOFER,EGYCOFER,base,single_word,holdout
partial_cce1907e9ddc40b7,parts,three_ordered_middle_typo,PSY TOA GEE,PSY;TOA;GEE,3,1,PSYCHOTON DRAGEE,PSYCHOTONDRAGEE,base,multi_word,holdout
partial_ccea133fbcd0e77c,parts,full_name_two_parts,LACTOLI NE,LACTOLI;NE,2,0,LACTOLINE,LACTOLINE,base,single_word,development
partial_cd0365e20d3d511c,parts,one_internal_exact,SORB,SORB,1,0,ISORBID,ISORBID,base,single_word,development
partial_cd04e6171f89de5d,parts,one_internal_typo,OIAO,OIAO,1,1,LOPRO,LOPROIRONKIDS,base,multi_word,development
partial_cd1b54f8bd0a0e1f,parts,full_name_two_parts,ROYALCINNAMONFIL TERBAGS,ROYALCINNAMONFIL;TERBAGS,2,0,ROYAL,ROYALCINNAMONFILTERBAGS,base,multi_word,development
partial_cd490d99d1da95d4,parts,full_name_two_parts,TOP GINGADVANCE,TOP;GINGADVANCE,2,0,TOPGING,TOPGINGADVANCE,base,multi_word,holdout
partial_cd85563a194f4d1e,parts,one_prefix_exact,ELAN,ELAN,1,0,ELANOGLO,ELANOGLO,base,single_word,holdout
partial_cd873c50ad2df61c,parts,one_internal_exact,ITID,ITID,1,0,RANITIDINE,RANITIDINE,base,single_word,development
partial_cdc2a9b857b617fd,parts,full_name_two_parts,NE WWELLVITAMINB,NE;WWELLVITAMINB,2,0,NEW WELL VITAMIN B,NEWWELLVITAMINB,base,multi_word,development
partial_ce00fd6ea565ce0b,parts,full_name_two_parts,HAPPYC AREBABY,HAPPYC;AREBABY,2,0,HAPPY CARE BABY,HAPPYCAREBABY,base,multi_word,development
partial_ce04f2f28adb6b8f,parts,two_edges_second_typo,ENCE ABOA,ENCE;ABOA,2,1,ENCEPHABOL,ENCEPHABOL,base,single_word,development
partial_ce2b4d13aba0255f,parts,full_name_two_parts,TERBAFE NOL,TERBAFE;NOL,2,0,TERBAFENOL,TERBAFENOL,base,single_word,development
partial_ce34b8a5a1fa0f83,parts,full_name_two_parts,DOZO VANADH,DOZO;VANADH,2,0,DOZOVA,DOZOVANADH,base,multi_word,development
partial_ce35ca3e536d1982,parts,full_name_two_parts,BEESLI NEWHITENINGSENSITIVEZONE,BEESLI;NEWHITENINGSENSITIVEZONE,2,0,BEESLINE,BEESLINEWHITENINGSENSITIVEZONE,base,multi_word,holdout
partial_ce5097a9bf22f2f2,parts,full_name_two_parts,MORASILORAINTIMATE FEMININE,MORASILORAINTIMATE;FEMININE,2,0,MORA SILORA INTIMATE FEMININE,MORASILORAINTIMATEFEMININE,base,multi_word,development
partial_ce7e1c8dec544681,parts,full_name_two_parts,AAPER ENEWALFACE,AAPER;ENEWALFACE,2,0,AAPE RENEWAL FACE,AAPERENEWALFACE,base,multi_word,development
partial_ce7ed7d36ce75f98,parts,full_name_three_parts,LEP SIR AMP,LEP;SIR;AMP,3,0,LEPSIRAMP,LEPSIRAMP,base,single_word,development
partial_ce85acdcb5fb73e7,parts,full_name_three_parts,SAL METO CORT,SAL;METO;CORT,3,0,SALMETOCORT,SALMETOCORT,base,single_word,holdout
partial_ce9533feb6f7b4d0,parts,full_name_two_parts,FOLICAC IDELNILE,FOLICAC;IDELNILE,2,0,FOLIC ACID EL NILE,FOLICACIDELNILE,base,multi_word,development
partial_cea0a84a3a15148a,parts,full_name_two_parts,ROYALMARJOR AMFILTERBAGS,ROYALMARJOR;AMFILTERBAGS,2,0,ROYAL,ROYALMARJORAMFILTERBAGS,base,multi_word,development
partial_ceaa929af6920b29,parts,full_name_two_parts,DUGOFOLASUBL INGUAL,DUGOFOLASUBL;INGUAL,2,0,DUGOFOLA SUBLINGUAL,DUGOFOLASUBLINGUAL,base,multi_word,development
partial_ceaca4422b8c53bf,parts,full_name_two_parts,FEROL ACT,FEROL;ACT,2,0,FEROLACT,FEROLACT,base,single_word,development
partial_ceb16821b740706c,parts,full_name_two_parts,UTOPIAN EO,UTOPIAN;EO,2,0,UTOPIA NEO,UTOPIANEO,base,multi_word,development
partial_ceb86c363c1af27f,parts,one_prefix_grapheme,RIGTB,RIGTB,1,0,RIGHT BONE,RIGHTBONE,base,multi_word,development
partial_cec251673c747970,parts,full_name_two_parts,NASOT AL,NASOT;AL,2,0,NASOTAL,NASOTAL,base,single_word,development
partial_ced3adda3dee338f,parts,one_internal_typo,IAUL,IAUL,1,1,MANIPULEPSY,MANIPULEPSY,base,single_word,development
partial_ced6a1a83b68d0f0,parts,one_internal_exact,LMIP,LMIP,1,0,PULMIPURE,PULMIPURE,base,single_word,holdout
partial_ced88f8e6cc85a85,parts,full_name_two_parts,VILLABORGHINIKERA TINREPAIR,VILLABORGHINIKERA;TINREPAIR,2,0,VILLA,VILLABORGHINIKERATINREPAIR,base,multi_word,development
partial_ced917b8c6254683,parts,full_name_two_parts,WEST RECTA,WEST;RECTA,2,0,WESTRECTA,WESTRECTA,base,single_word,development
partial_ceee82c834ee7e10,parts,full_name_two_parts,HER BALAND,HER;BALAND,2,0,HERBALAND,HERBALAND,base,single_word,development
partial_ceff6cfcdaca5858,parts,full_name_two_parts,UNIMERPE DISOTONIC,UNIMERPE;DISOTONIC,2,0,UNIMER,UNIMERPEDISOTONIC,base,multi_word,development
partial_cf041d172166709a,parts,one_suffix_exact,30CM,30CM,1,0,CEREDERM,CEREDERMPLASTER30CM,base,multi_word,holdout
partial_cf2df4ec7e1e9401,parts,three_ordered_middle_typo,ELE EAA ING,ELE;EAA;ING,3,1,ELEVIT,ELEVITBREASTFEEDING,base,multi_word,development
partial_cf60c35bf15c80a5,parts,full_name_two_parts,IRONV ANCE,IRONV;ANCE,2,0,IRONVANCE,IRONVANCE,base,single_word,development
partial_cf6338d85a89ee01,parts,three_ordered_middle_typo,GOL SAY AIR,GOL;SAY;AIR,3,1,GOLDEN STYLE HAIR,GOLDENSTYLEHAIR,base,multi_word,development
partial_cf7cb8fecf77cd97,parts,full_name_three_parts,TR IXH AIR,TR;IXH;AIR,3,0,TRIX HAIR,TRIXHAIR,base,multi_word,development
partial_cf7f665a201aefef,parts,three_ordered_exact,VIT ANT OSS,VIT;ANT;OSS,3,0,VITAPOINT,VITAPOINTANTIHAIRLOSS,base,multi_word,holdout
partial_cf8e7297732caa4c,parts,full_name_two_parts,AN THELMIN,AN;THELMIN,2,0,ANTHELMIN,ANTHELMIN,base,single_word,development
partial_cfdec74d39856db8,parts,full_name_two_parts,ZEROSANDANTI DANDRUFF,ZEROSANDANTI;DANDRUFF,2,0,ZERO SAND ANTIDANDRUFF,ZEROSANDANTIDANDRUFF,base,multi_word,development
partial_cffdb4cf1a25f5b6,parts,full_name_two_parts,LOGIMAX SR,LOGIMAX;SR,2,0,LOGIMAX S R,LOGIMAXSR,base,multi_word,holdout
partial_d0407a40bfd70cca,parts,full_name_two_parts,FENUPOLY ENH,FENUPOLY;ENH,2,0,FENUPOLYEN H,FENUPOLYENH,base,multi_word,development
partial_d0496b1b1284fc56,parts,full_name_two_parts,NUXE AQUABELLABEAUTYREVEALINGMOISTURISINGEMULSION,NUXE;AQUABELLABEAUTYREVEALINGMOISTURISINGEMULSION,2,0,NUXE AQUABELLA BEAUTY REVEALING MOISTURISING EMULSION,NUXEAQUABELLABEAUTYREVEALINGMOISTURISINGEMULSION,base,multi_word,development
partial_d066fd44de37a3b7,parts,full_name_two_parts,HERBALANDMULTIVITAMINSMINER ALSKIDSGUMMIES,HERBALANDMULTIVITAMINSMINER;ALSKIDSGUMMIES,2,0,HERBALAND,HERBALANDMULTIVITAMINSMINERALSKIDSGUMMIES,base,multi_word,development
partial_d06b1ac21ff5dea6,parts,full_name_two_parts,AUGIS POV,AUGIS;POV,2,0,AUGISPOV,AUGISPOV,base,single_word,development
partial_d0795bf189bf5c28,parts,full_name_two_parts,SPIR EXM,SPIR;EXM,2,0,SPIREX,SPIREXM,base,multi_word,development
partial_d07c4fc61d900d62,parts,two_edges_exact,CROD GEEN,CROD;GEEN,2,0,CRODAGEEN,CRODAGEEN,base,single_word,development
partial_d0ae210eb079f07f,parts,full_name_two_parts,HELI XAPRONT,HELI;XAPRONT,2,0,HELIXAPRONT,HELIXAPRONT,base,single_word,development
partial_d0c7d93fddbe944a,parts,one_suffix_exact,INTO,INTO,1,0,DOMINTO,DOMINTO,base,single_word,development
partial_d0cdfcec1dc20795,parts,full_name_two_parts,SANSOBRON CHI,SANSOBRON;CHI,2,0,SANSO,SANSOBRONCHI,base,multi_word,development
partial_d0d5ee764cdea5d4,parts,full_name_two_parts,PHAR MACERISSPROTECTIVEDRYOILSPF,PHAR;MACERISSPROTECTIVEDRYOILSPF,2,0,PHARMACERIS,PHARMACERISSPROTECTIVEDRYOILSPF,base,multi_word,development
partial_d0e5a331b29026ba,parts,full_name_two_parts,COR NEREGEL,COR;NEREGEL,2,0,CORNEREGEL,CORNEREGEL,base,single_word,development
partial_d0f7c09f1fc5ab3a,parts,two_edges_exact,TEND TINE,TEND;TINE,2,0,TENDRATINE,TENDRATINE,base,single_word,development
partial_d0f7dceb91595c2c,parts,one_prefix_exact,MAYE,MAYE,1,0,MAYESTROTENSE,MAYESTROTENSE,base,single_word,holdout
partial_d15c0640414c900b,parts,full_name_three_parts,SHAAN REJUVE NATION,SHAAN;REJUVE;NATION,3,0,SHAAN,SHAANREJUVENATION,base,multi_word,development
partial_d16314e7eeae9272,parts,full_name_two_parts,REMIGO LINE,REMIGO;LINE,2,0,REMIGOLINE,REMIGOLINE,base,single_word,development
partial_d16c7411cf2acf3e,parts,full_name_two_parts,CIMI PAX,CIMI;PAX,2,0,CIMIPAX,CIMIPAX,base,single_word,development
partial_d1804a2ae93c3313,parts,full_name_two_parts,NEARBYYOUSKINMOI STURISING,NEARBYYOUSKINMOI;STURISING,2,0,NEARBY,NEARBYYOUSKINMOISTURISING,base,multi_word,development
partial_d1983f213f020219,parts,full_name_two_parts,VHC JOINTS,VHC;JOINTS,2,0,VHC JOINTS,VHCJOINTS,base,multi_word,development
partial_d1a38d309510c547,parts,full_name_two_parts,NUTRITIO NFORMULA,NUTRITIO;NFORMULA,2,0,NUTRITION FORMULA,NUTRITIONFORMULA,base,multi_word,development
partial_d1bb76f7aa6ce7b5,parts,one_internal_exact,MVAM,MVAM,1,0,SIMVA MAP,SIMVAMAP,base,multi_word,holdout
partial_d1c1a90c007ec2da,parts,full_name_two_parts,RE BAGENASE,RE;BAGENASE,2,0,REBAGENASE,REBAGENASE,base,single_word,development
partial_d1cc9ae5777ca046,parts,full_name_two_parts,BAB YGUARD,BAB;YGUARD,2,0,BABY GUARD,BABYGUARD,base,multi_word,development
partial_d1ccab23c8815065,parts,full_name_two_parts,CHO LESTATE,CHO;LESTATE,2,0,CHOLESTATE,CHOLESTATE,base,single_word,development
partial_d1d384d565462fc6,parts,full_name_two_parts,SCAND ONEST,SCAND;ONEST,2,0,SCANDONEST,SCANDONEST,base,single_word,development
partial_d2060f38c3eb5d51,parts,full_name_two_parts,INCR ESYNC,INCR;ESYNC,2,0,INCRESYNC,INCRESYNC,base,single_word,development
partial_d20990d4f3f5b273,parts,full_name_two_parts,CLOPE XAGREL,CLOPE;XAGREL,2,0,CLOPEX AGREL,CLOPEXAGREL,base,multi_word,holdout
partial_d21fc30130f8fd8a,parts,full_name_two_parts,TRIAM ERICAN,TRIAM;ERICAN,2,0,TRIAMERICAN,TRIAMERICAN,base,single_word,holdout
partial_d223f0d83485223e,parts,full_name_two_parts,MEPACOGRE ENTEA,MEPACOGRE;ENTEA,2,0,MEPACO,MEPACOGREENTEA,base,multi_word,development
partial_d226e364c9310fef,parts,full_name_two_parts,CALCIUM PHARCO,CALCIUM;PHARCO,2,0,CALCIUM PHARCO,CALCIUMPHARCO,base,multi_word,development
partial_d257d80f83bafe97,parts,three_ordered_middle_typo,ATT AHA OIL,ATT;AHA;OIL,3,1,ATTIVO,ATTIVOHAIROIL,base,multi_word,development
partial_d260530d27843eeb,parts,one_prefix_exact,DAKT,DAKT,1,0,DAKTACORT,DAKTACORT,base,single_word,development
partial_d28f88afddeac0e1,parts,full_name_two_parts,SO FTLEESHAIR,SO;FTLEESHAIR,2,0,SOFTLEES,SOFTLEESHAIR,base,multi_word,holdout
partial_d2a255e5e2f7a010,parts,full_name_two_parts,EXTRAPROTE IN,EXTRAPROTE;IN,2,0,EXTRA PROTEIN,EXTRAPROTEIN,base,multi_word,development
partial_d2e8344dc0ec7803,parts,full_name_two_parts,FLOXIAOSMOSIADEEPMOISTURIZI NGFLUID,FLOXIAOSMOSIADEEPMOISTURIZI;NGFLUID,2,0,FLOXIA,FLOXIAOSMOSIADEEPMOISTURIZINGFLUID,base,multi_word,development
partial_d2f421fdf094a2e0,parts,full_name_two_parts,MUCOSO LADULT,MUCOSO;LADULT,2,0,MUCOSOL,MUCOSOLADULT,base,multi_word,development
partial_d302a0a30f58d58e,parts,full_name_two_parts,HAIRN AILS,HAIRN;AILS,2,0,HAIR NAILS,HAIRNAILS,base,multi_word,development
partial_d307970f7fabf6ff,parts,full_name_two_parts,FER TACEPTA,FER;TACEPTA,2,0,FERTACEPTA,FERTACEPTA,base,single_word,development
partial_d30a3852ea884cfd,parts,full_name_two_parts,MEGAVITAMINCOATEDCAPLETSI LLEGALIMPORT,MEGAVITAMINCOATEDCAPLETSI;LLEGALIMPORT,2,0,MEGA VITA MIN COATED CAPLETS ILLEGAL IMPORT,MEGAVITAMINCOATEDCAPLETSILLEGALIMPORT,base,multi_word,development
partial_d3122e6d67f7087f,parts,full_name_two_parts,HERBA LANDMULTIVITAMINSMINERALSKIDSGUMMIES,HERBA;LANDMULTIVITAMINSMINERALSKIDSGUMMIES,2,0,HERBALAND,HERBALANDMULTIVITAMINSMINERALSKIDSGUMMIES,base,multi_word,development
partial_d319b979a0dec998,parts,full_name_two_parts,SOLANTRASPFSUN BLOCK,SOLANTRASPFSUN;BLOCK,2,0,SOLANTRA,SOLANTRASPFSUNBLOCK,base,multi_word,development
partial_d353fb550f0b74ac,parts,full_name_two_parts,AVENEHYDRANCEOPT IMALERICHSPF20,AVENEHYDRANCEOPT;IMALERICHSPF20,2,0,AVENE,AVENEHYDRANCEOPTIMALERICHSPF20,base,multi_word,holdout
partial_d355978e5fad9a7e,parts,full_name_two_parts,BABY COMFORT,BABY;COMFORT,2,0,BABY COMFORT,BABYCOMFORT,base,multi_word,holdout
partial_d35eb751352f1bf6,parts,full_name_two_parts,LACTULO SEHEK,LACTULO;SEHEK,2,0,LACTULOSE HEK,LACTULOSEHEK,base,multi_word,development
partial_d3733ec3a366f767,parts,full_name_three_parts,PHARMACERISWWH ITENINGCLEARTON ERPURIALBUCINII,PHARMACERISWWH;ITENINGCLEARTON;ERPURIALBUCINII,3,0,PHARMACERIS,PHARMACERISWWHITENINGCLEARTONERPURIALBUCINII,base,multi_word,development
partial_d37ec62b1a5b25b8,parts,full_name_two_parts,JUSTIN BLUEHAIRACTIVATORH,JUSTIN;BLUEHAIRACTIVATORH,2,0,JUSTIN BLUE HAIR ACTIVATOR H,JUSTINBLUEHAIRACTIVATORH,base,multi_word,development
partial_d38009779aa3fa3b,parts,full_name_two_parts,LE VOPRIDE,LE;VOPRIDE,2,0,LEVOPRIDE,LEVOPRIDE,base,single_word,holdout
partial_d3867733afe44f71,parts,full_name_two_parts,ORGOCET AMIC,ORGOCET;AMIC,2,0,ORGOCETAMIC,ORGOCETAMIC,base,single_word,development
partial_d387edd0776d46e6,parts,full_name_two_parts,ZO NNET,ZO;NNET,2,0,ZONNET,ZONNET,base,single_word,holdout
partial_d397bfdcea80fecf,parts,three_ordered_middle_typo,SOL ANA KLE,SOL;ANA;KLE,3,1,SOLANTRA,SOLANTRAANTIWRINKLE,base,multi_word,development
partial_d3a86bfe3dd31a4f,parts,full_name_two_parts,VILLABORGHINIRESTORI NGTREATMENT,VILLABORGHINIRESTORI;NGTREATMENT,2,0,VILLA,VILLABORGHINIRESTORINGTREATMENT,base,multi_word,development
partial_d3c9cd136471371b,parts,full_name_two_parts,AIG ESOMEPRAZOLE,AIG;ESOMEPRAZOLE,2,0,AIG ESOMEPRAZOLE,AIGESOMEPRAZOLE,base,multi_word,development
partial_d3d70d54ba39e6ee,parts,two_edges_first_typo,SKAN HAIR,SKAN;HAIR,2,1,SKINOVA IMAGE CURLY HAIR,SKINOVAIMAGECURLYHAIR,base,multi_word,development
partial_d40d81974a1062de,parts,two_edges_second_typo,ERYT ORAV,ERYT;ORAV,2,1,ERYTHRORIV,ERYTHRORIV,base,single_word,development
partial_d4130f0867c21401,parts,full_name_two_parts,ACA VIOMASSAGE,ACA;VIOMASSAGE,2,0,ACAVIO MASSAGE,ACAVIOMASSAGE,base,multi_word,development
partial_d41b246533eac922,parts,full_name_two_parts,FLOXI AEXFACEXFOLIATING,FLOXI;AEXFACEXFOLIATING,2,0,FLOXIA,FLOXIAEXFACEXFOLIATING,base,multi_word,development
partial_d420505a77ab8644,parts,two_edges_exact,COVA AVIR,COVA;AVIR,2,0,COVAPRAVIR,COVAPRAVIR,base,single_word,development
partial_d4226161cde753e7,parts,one_internal_exact,NBAB,NBAB,1,0,PRONUBEN,PRONUBENBABYACMILK,base,multi_word,holdout
partial_d42d9851d31de638,parts,one_suffix_exact,YVEG,YVEG,1,0,ACAI BERRY VEG,ACAIBERRYVEG,base,multi_word,development
partial_d45b966df8a57d8d,parts,full_name_two_parts,MON TEKAL,MON;TEKAL,2,0,MONTEKAL,MONTEKAL,base,single_word,development
partial_d4619d1e080486ca,parts,two_edges_first_typo,LAAT MILK,LAAT;MILK,2,1,LACTO,LACTOLFMILK,base,multi_word,holdout
partial_d470892ff0ab3d10,parts,full_name_two_parts,POSTADOX INE,POSTADOX;INE,2,0,POSTADOXINE,POSTADOXINE,base,single_word,development
partial_d47ba3ca27c13b1a,parts,one_internal_typo,EVEZ,EVEZ,1,1,REVAZOX,REVAZOX,base,single_word,holdout
partial_d4880ede7f266e93,parts,two_edges_second_typo,CAUD LASS,CAUD;LASS,2,1,CAUDAL,CAUDALANTIHAIRLOSS,base,multi_word,development
partial_d489f97d148fce27,parts,full_name_two_parts,FREENO SENASAL,FREENO;SENASAL,2,0,FREE NOSE NASAL,FREENOSENASAL,base,multi_word,development
partial_d49decf9b9098cd1,parts,full_name_two_parts,SYMOFR ESH,SYMOFR;ESH,2,0,SYMOFRESH,SYMOFRESH,base,single_word,development
partial_d4a1498d7b28db04,parts,three_ordered_middle_typo,BIG YNE CAL,BIG;YNE;CAL,3,1,BIGUANELLE GYNAECOLOGICAL,BIGUANELLEGYNAECOLOGICAL,base,multi_word,holdout
partial_d4a29ad51ff348b0,parts,full_name_two_parts,MAG NAFLOXACIN,MAG;NAFLOXACIN,2,0,MAGNAFLOXACIN,MAGNAFLOXACIN,base,single_word,development
partial_d4ac738a8a516a8b,parts,full_name_two_parts,ROYALPEPPERMINT FILTERBAGS,ROYALPEPPERMINT;FILTERBAGS,2,0,ROYAL,ROYALPEPPERMINTFILTERBAGS,base,multi_word,development
partial_d4af07b9df92b8de,parts,full_name_two_parts,OSS OFORTINORIGINALD2,OSS;OFORTINORIGINALD2,2,0,OSSOFORTIN,OSSOFORTINORIGINALD2,base,multi_word,development
partial_d4bf06b72e0c9a6f,parts,full_name_two_parts,UNITEDSO OTHANASAL,UNITEDSO;OTHANASAL,2,0,UNITED SOOTHA NASAL,UNITEDSOOTHANASAL,base,multi_word,development
partial_d4cf066b20d86d78,parts,full_name_two_parts,PULCHRAB EAUTYSUNSCREEN,PULCHRAB;EAUTYSUNSCREEN,2,0,PULCHRA,PULCHRABEAUTYSUNSCREEN,base,multi_word,development
partial_d4d544ac2c1b8fdf,parts,full_name_two_parts,RINGEROTS UKA,RINGEROTS;UKA,2,0,RINGER,RINGEROTSUKA,base,multi_word,development
partial_d4e0e4f565f14be4,parts,two_edges_first_typo,HUAA ARMA,HUAA;ARMA,2,1,HUMAN ALBUMIN OCTAPHARMA,HUMANALBUMINOCTAPHARMA,base,multi_word,development
partial_d4e313952e7deca9,parts,full_name_two_parts,SPORTD RINK,SPORTD;RINK,2,0,SPORT DRINK,SPORTDRINK,base,multi_word,development
partial_d4fd1bfab613edca,parts,one_internal_exact,RAGR,RAGR,1,0,THERAGRAN,THERAGRANM,base,multi_word,development
partial_d51254bf5e735e0d,parts,full_name_two_parts,KAM INOMOTOHAIRGROWTHTONICIIUPGRADE,KAM;INOMOTOHAIRGROWTHTONICIIUPGRADE,2,0,KAMINOMOTO,KAMINOMOTOHAIRGROWTHTONICIIUPGRADE,base,multi_word,development
partial_d52059a0acf0420a,parts,full_name_two_parts,AVENETRIXERA SELECTIOSEEMOLLIENTCLEANSING,AVENETRIXERA;SELECTIOSEEMOLLIENTCLEANSING,2,0,AVENE,AVENETRIXERASELECTIOSEEMOLLIENTCLEANSING,base,multi_word,holdout
partial_d52a9cfdc5d12dc3,parts,two_edges_exact,ETHA UTOL,ETHA;UTOL,2,0,ETHAMBUTOL,ETHAMBUTOL,base,single_word,development
partial_d5322cc73d3b2bf2,parts,full_name_two_parts,NICOTI NESTOP,NICOTI;NESTOP,2,0,NICOTINE STOP,NICOTINESTOP,base,multi_word,development
partial_d5599d9ffb195399,parts,two_edges_first_typo,CIAR IRAZ,CIAR;IRAZ,2,1,CIPROFLOXIRAZ,CIPROFLOXIRAZ,base,single_word,development
partial_d567ff18bec03ef8,parts,full_name_two_parts,CONTR OBETIC,CONTR;OBETIC,2,0,CONTROBETIC,CONTROBETIC,base,single_word,development
partial_d58cff259b6ff7ab,parts,full_name_two_parts,METHYLD OPA,METHYLD;OPA,2,0,METHYLDOPA,METHYLDOPA,base,single_word,holdout
partial_d590077d7a22015a,parts,three_ordered_middle_typo,RIN UAT ATE,RIN;UAT;ATE,3,1,RINGER,RINGERULTIMATE,base,multi_word,development
partial_d5bbaec11dd38655,parts,two_edges_first_typo,AMIA HEPA,AMIA;HEPA,2,1,AMINOPLASMAL,AMINOPLASMALHEPA,base,multi_word,development
partial_d5bd8802d80505ce,parts,two_edges_second_typo,FRAC AAGE,FRAC;AAGE,2,1,FRACTELIA MASSAGE,FRACTELIAMASSAGE,base,multi_word,holdout
partial_d5bdf9c88ec449e7,parts,two_edges_first_typo,STER SKIN,STER;SKIN,2,1,STARVILLE,STARVILLEHYALURONICACIDSKIN,base,multi_word,development
partial_d5c104e3c5c568ca,parts,full_name_three_parts,UNIME RPEDIS OTONIC,UNIME;RPEDIS;OTONIC,3,0,UNIMER,UNIMERPEDISOTONIC,base,multi_word,development
partial_d5e0a9ef09572175,parts,full_name_two_parts,VOCALEIVEPASTILL ES,VOCALEIVEPASTILL;ES,2,0,VOCALEIVE PASTILLES,VOCALEIVEPASTILLES,base,multi_word,development
partial_d6061de1732e625f,parts,full_name_three_parts,GIN KOR AVIA,GIN;KOR;AVIA,3,0,GINKORAVIA,GINKORAVIA,base,single_word,development
partial_d651d0a399a4293f,parts,one_internal_typo,AIMR,AIMR,1,1,CICASTIM REPAIR,CICASTIMREPAIR,base,multi_word,development
partial_d6544d40fe701323,parts,full_name_two_parts,CHEM OTRIM,CHEM;OTRIM,2,0,CHEMOTRIM,CHEMOTRIM,base,single_word,holdout
partial_d65a9043081b6aef,parts,full_name_two_parts,AN OXICAM,AN;OXICAM,2,0,ANOXICAM,ANOXICAM,base,single_word,development
partial_d66750b6f98f4072,parts,full_name_two_parts,LYRINE UR,LYRINE;UR,2,0,LYRINEUR,LYRINEUR,base,single_word,development
partial_d6838d1af768217a,parts,full_name_two_parts,MAG ICSUNSCREEN,MAG;ICSUNSCREEN,2,0,MAGIC,MAGICSUNSCREEN,base,multi_word,holdout
partial_d688595fdb71a59f,parts,full_name_two_parts,CA LDIN,CA;LDIN,2,0,CALDIN,CALDIN,base,single_word,development
partial_d68d3b934585efbc,parts,full_name_two_parts,PERDO FENEX,PERDO;FENEX,2,0,PERDOFENEX,PERDOFENEX,base,single_word,development
partial_d6933a2dbcf88425,parts,full_name_two_parts,CHE WMEUPGUMMYCOLLAGENPIECE,CHE;WMEUPGUMMYCOLLAGENPIECE,2,0,CHEWMEUP,CHEWMEUPGUMMYCOLLAGENPIECE,base,multi_word,development
partial_d6b2c0e54064b040,parts,full_name_two_parts,FLOXIAPROTEXIOC LEARFLUIDSPF,FLOXIAPROTEXIOC;LEARFLUIDSPF,2,0,FLOXIA,FLOXIAPROTEXIOCLEARFLUIDSPF,base,multi_word,development
partial_d6b95c6d3f3bed6c,parts,full_name_two_parts,SERV ICARELIQUIDINTIMATEFEMININE,SERV;ICARELIQUIDINTIMATEFEMININE,2,0,SERVICARE LIQUID INTIMATE FEMININE,SERVICARELIQUIDINTIMATEFEMININE,base,multi_word,holdout
partial_d6d0192c722651b6,parts,full_name_two_parts,MET RAGEN,MET;RAGEN,2,0,METRAGEN,METRAGEN,base,single_word,development
partial_d6d39565a970c251,parts,full_name_two_parts,CEFAC LOR,CEFAC;LOR,2,0,CEFACLOR,CEFACLOR,base,single_word,holdout
partial_d6e294b308cc91b7,parts,full_name_two_parts,GABAV ERONA,GABAV;ERONA,2,0,GABAVERONA,GABAVERONA,base,single_word,development
partial_d7019b9e62b111f7,parts,full_name_two_parts,NEURIMA XSOFTGELATIN,NEURIMA;XSOFTGELATIN,2,0,NEURIMAX,NEURIMAXSOFTGELATIN,base,multi_word,development
partial_d7155372c767937a,parts,full_name_two_parts,AMOCL AWIN,AMOCL;AWIN,2,0,AMOCLAWIN,AMOCLAWIN,base,single_word,development
partial_d72079e00c1579bd,parts,full_name_two_parts,RILASTILSU NLAUDEMATFLUID,RILASTILSU;NLAUDEMATFLUID,2,0,RILASTIL,RILASTILSUNLAUDEMATFLUID,base,multi_word,development
partial_d733b8a834d1360f,parts,one_suffix_exact,HYTO,HYTO,1,0,ESTROZET PHYTO,ESTROZETPHYTO,base,multi_word,development
partial_d744b7c53a0b52ff,parts,full_name_two_parts,METRODINHIGHLYPURIF IED,METRODINHIGHLYPURIF;IED,2,0,METRODIN HIGHLY PURIFIED,METRODINHIGHLYPURIFIED,base,multi_word,development
partial_d74c23ef3a2180f1,parts,two_edges_second_typo,LUMI HEIR,LUMI;HEIR,2,1,LUMIN ADVANCED HAIR,LUMINADVANCEDHAIR,base,multi_word,development
partial_d753212c5d8e4dfd,parts,three_ordered_middle_typo,TEE CAN ATE,TEE;CAN;ATE,3,1,TEEN DERM K CONCENTRATE,TEENDERMKCONCENTRATE,base,multi_word,development
partial_d75cb6c464d67801,parts,three_ordered_middle_typo,REV MUA NER,REV;MUA;NER,3,1,REVITA,REVITACORHAIRSTIMULATINGCONDITIONER,base,multi_word,holdout
partial_d774d0b40da22937,parts,two_edges_second_typo,NUCL UVAR,NUCL;UVAR,2,1,NUCLEOBUVIR,NUCLEOBUVIR,base,single_word,development
partial_d7c8e610e606bcad,parts,full_name_two_parts,LIMITLESSKIDSD3 K2ODF,LIMITLESSKIDSD3;K2ODF,2,0,LIMITLESS,LIMITLESSKIDSD3K2ODF,base,multi_word,holdout
partial_d7ce993f737e0eeb,parts,full_name_two_parts,DEN TABLE,DEN;TABLE,2,0,DENTABLE,DENTABLE,base,single_word,holdout
partial_d8041dc4b78f329f,parts,three_ordered_exact,GEM YST INE,GEM;YST;INE,3,0,GEMACYSTEINE,GEMACYSTEINE,base,single_word,development
partial_d80a4b61f1bd1859,parts,two_edges_second_typo,ENZY RAPS,ENZY;RAPS,2,1,ENZYMATRYPS,ENZYMATRYPS,base,single_word,holdout
partial_d8113dbd0a167a73,parts,full_name_two_parts,CALCIB ELLAFORTIFIEDLIQUIDCHOCOLATE,CALCIB;ELLAFORTIFIEDLIQUIDCHOCOLATE,2,0,CALCIBELLA FORTIFIED LIQUID CHOCOLATE,CALCIBELLAFORTIFIEDLIQUIDCHOCOLATE,base,multi_word,development
partial_d831fb1af39fbad1,parts,full_name_two_parts,AUGISP OV,AUGISP;OV,2,0,AUGISPOV,AUGISPOV,base,single_word,development
partial_d84140da61377bcc,parts,full_name_two_parts,TOPF AM,TOPF;AM,2,0,TOP FAM,TOPFAM,base,multi_word,development
partial_d854f496bb0f7f35,parts,two_edges_first_typo,AWIN CINE,AWIN;CINE,2,1,TWINRIX ADULT VACCINE,TWINRIXADULTVACCINE,base,multi_word,holdout
partial_d86662d5124d93a5,parts,full_name_two_parts,SENNA LAX,SENNA;LAX,2,0,SENNA LAX,SENNALAX,base,multi_word,development
partial_d878615b0b2ecc45,parts,one_internal_exact,ABUC,ABUC,1,0,FABUCOX,FABUCOX,base,single_word,holdout
partial_d88ec8c56bec90df,parts,full_name_two_parts,SERD OLECT,SERD;OLECT,2,0,SERDOLECT,SERDOLECT,base,single_word,development
partial_d893209ec99a51a2,parts,full_name_two_parts,AWADIST COLDFLUDAY,AWADIST;COLDFLUDAY,2,0,AWADIST,AWADISTCOLDFLUDAY,base,multi_word,development
partial_d8a592ef5cac7c70,parts,two_edges_exact,AVIV PRIL,AVIV;PRIL,2,0,AVIVAPRIL,AVIVAPRIL,base,single_word,development
partial_d8a8d86481b7195f,parts,full_name_two_parts,ALEXOPRINEFOR TE,ALEXOPRINEFOR;TE,2,0,ALEXOPRINE,ALEXOPRINEFORTE,base,multi_word,holdout
partial_d8a9da970009253f,parts,two_edges_exact,LEVO RINE,LEVO;RINE,2,0,LEVOPHRINE,LEVOPHRINE,base,single_word,development
partial_d8b50948eab2df72,parts,full_name_three_parts,FOR MIN ODAB,FOR;MIN;ODAB,3,0,FORMINODAB,FORMINODAB,base,single_word,holdout
partial_d8d7bc07179e23a0,parts,full_name_two_parts,HUMANALBUMINTAKE DA,HUMANALBUMINTAKE;DA,2,0,HUMAN ALBUMIN TAKEDA,HUMANALBUMINTAKEDA,base,multi_word,development
partial_d8f9d5811511c940,parts,two_edges_exact,DUCR TROL,DUCR;TROL,2,0,DUCRAY,DUCRAYKERACNYLCONTROL,base,multi_word,holdout
partial_d9201300f21195a6,parts,full_name_two_parts,DIE TY,DIE;TY,2,0,DIETY,DIETY,base,single_word,development
partial_d928b8126116a266,parts,two_edges_second_typo,LACT AGHT,LACT;AGHT,2,1,LACTO RIGHT,LACTORIGHT,base,multi_word,development
partial_d929fa36944c9181,parts,full_name_two_parts,KERANTYCO NDITIONER,KERANTYCO;NDITIONER,2,0,KERANTY,KERANTYCONDITIONER,base,multi_word,holdout
partial_d947c444b91e71c0,parts,one_prefix_grapheme,HERFO,HERFO,1,0,HERPHONAL,HERPHONAL,base,single_word,development
partial_d94dd2167f4a4713,parts,full_name_two_parts,LIM ITLESS,LIM;ITLESS,2,0,LIMITLESS,LIMITLESS,family_head,single_word,holdout
partial_d98a8cfc09c34bf9,parts,full_name_two_parts,AFTAMEDSHI ELD,AFTAMEDSHI;ELD,2,0,AFTAMED,AFTAMEDSHIELD,base,multi_word,development
partial_d9c6c47953dd2fdc,parts,full_name_two_parts,OR OVEXSMOKERS,OR;OVEXSMOKERS,2,0,OROVEX,OROVEXSMOKERS,base,multi_word,development
partial_d9c83d6e18553328,parts,full_name_two_parts,HE PATOFORTE,HE;PATOFORTE,2,0,HEPATO,HEPATOFORTE,base,multi_word,development
partial_d9d441f86d757e01,parts,full_name_two_parts,BEBELACAR MILK,BEBELACAR;MILK,2,0,BEBELAC,BEBELACARMILK,base,multi_word,development
partial_d9d4b9a7bd7316a4,parts,full_name_two_parts,CETA LSINUSCAPLETS,CETA;LSINUSCAPLETS,2,0,CETAL,CETALSINUSCAPLETS,base,multi_word,development
partial_da06898a26c4166b,parts,full_name_two_parts,PHARAF ERO,PHARAF;ERO,2,0,PHARA FERO,PHARAFERO,base,multi_word,holdout
partial_da098f19ac757bdf,parts,full_name_two_parts,NEARB YYOUCALAMINE,NEARB;YYOUCALAMINE,2,0,NEARBY,NEARBYYOUCALAMINE,base,multi_word,development
partial_da0dc2c9efe9946b,parts,full_name_two_parts,BEBEL ACARMILK,BEBEL;ACARMILK,2,0,BEBELAC,BEBELACARMILK,base,multi_word,development
partial_da12d88518712e43,parts,full_name_two_parts,LIPI DNORM,LIPI;DNORM,2,0,LIPIDNORM,LIPIDNORM,base,single_word,development
partial_da1e8c8f912817be,parts,two_edges_exact,RELV IPTA,RELV;IPTA,2,0,RELVAR ELLIPTA,RELVARELLIPTA,base,multi_word,development
partial_da224fe02b2b8e0c,parts,full_name_two_parts,CO RTEXSHIELD,CO;RTEXSHIELD,2,0,CORTEX,CORTEXSHIELD,base,multi_word,development
partial_da307e76a9a6d603,parts,full_name_two_parts,APIDRASOLOSTAR 100I,APIDRASOLOSTAR;100I,2,0,APIDRA,APIDRASOLOSTAR100I,base,multi_word,holdout
partial_da31b2dca41ce5c3,parts,full_name_two_parts,ORA MELLA,ORA;MELLA,2,0,ORAMELLA,ORAMELLA,base,single_word,development
partial_da37f4ba656ba860,parts,full_name_two_parts,ROZ ALIAHAIROIL,ROZ;ALIAHAIROIL,2,0,ROZALIA,ROZALIAHAIROIL,base,multi_word,holdout
partial_da65342c8c5e8aa7,parts,two_edges_first_typo,AACM TIVE,AACM;TIVE,2,1,ABC MOCOTIVE,ABCMOCOTIVE,base,multi_word,development
partial_da7edc0106ce0748,parts,full_name_two_parts,LE DENOSKRYT,LE;DENOSKRYT,2,0,LEDENO SKRYT,LEDENOSKRYT,base,multi_word,development
partial_da9399cbc377a498,parts,full_name_two_parts,DIAG LU,DIAG;LU,2,0,DIAGLU,DIAGLU,base,single_word,holdout
partial_da959488f5d399fb,parts,full_name_two_parts,LIDOCAINEHYDRO CHLORIDE,LIDOCAINEHYDRO;CHLORIDE,2,0,LIDOCAINE HYDROCHLORIDE,LIDOCAINEHYDROCHLORIDE,base,multi_word,development
partial_da9be2c7bb566527,parts,one_suffix_exact,MECT,MECT,1,0,DIASMECT,DIASMECT,base,single_word,development
partial_daaadfb3de2a1b79,parts,full_name_two_parts,NUXECLE ANSINGMILKROSEPETALS,NUXECLE;ANSINGMILKROSEPETALS,2,0,NUXE CLEANSING MILK ROSE PETALS,NUXECLEANSINGMILKROSEPETALS,base,multi_word,holdout
partial_daedc7523ca2d390,parts,one_internal_exact,PECP,PECP,1,0,SPECPRO,SPECPRO,base,single_word,development
partial_dafdc4dfe406165f,parts,one_internal_exact,ETOK,ETOK,1,0,KETOKED,KETOKED,base,single_word,development
partial_db01f9b2f4400b63,parts,two_edges_second_typo,QHEA TAD3,QHEA;TAD3,2,1,Q HEALTH D3,QHEALTHD3,base,multi_word,development
partial_db1824300e9697fc,parts,one_internal_exact,RGAV,RGAV,1,0,BORGAVIX,BORGAVIX,base,single_word,development
partial_db1b8d539ef7761b,parts,full_name_two_parts,CO SIMPREL,CO;SIMPREL,2,0,COSIMPREL,COSIMPREL,base,single_word,development
partial_db232a58ce9609f7,parts,full_name_two_parts,DEXA METHASONE,DEXA;METHASONE,2,0,DEXAMETHASONE,DEXAMETHASONE,base,single_word,holdout
partial_db29897084960609,parts,full_name_two_parts,VAS TASIERO,VAS;TASIERO,2,0,VASTASIERO,VASTASIERO,base,single_word,holdout
partial_db329131e024f70d,parts,two_edges_exact,REQU OLIB,REQU;OLIB,2,0,REQUIB PROLIB,REQUIBPROLIB,base,multi_word,development
partial_db86429977796ddf,parts,full_name_two_parts,CURISAFEP EDIATRIC,CURISAFEP;EDIATRIC,2,0,CURISAFE,CURISAFEPEDIATRIC,base,multi_word,development
partial_db8a2d3adc9a9daf,parts,full_name_two_parts,NOVOT ON,NOVOT;ON,2,0,NOVOTON,NOVOTON,base,single_word,development
partial_dbb2cefaab66fe25,parts,full_name_three_parts,SALTYL ITEREHY DRATION,SALTYL;ITEREHY;DRATION,3,0,SALTYLITE REHYDRATION,SALTYLITEREHYDRATION,base,multi_word,development
partial_dbb38325deeb2113,parts,full_name_two_parts,EPIZO LONEDEPOT,EPIZO;LONEDEPOT,2,0,EPIZOLONE DEPOT,EPIZOLONEDEPOT,base,multi_word,holdout
partial_dbb6860547c0f110,parts,full_name_two_parts,AG GREX,AG;GREX,2,0,AGGREX,AGGREX,base,single_word,development
partial_dbb720283eeadd5a,parts,three_ordered_exact,BME ANT LVE,BME;ANT;LVE,3,0,B MELT INSTANT DISSOLVE,BMELTINSTANTDISSOLVE,base,multi_word,development
partial_dbe07e949fea5223,parts,one_internal_typo,AHOX,AHOX,1,1,ETHOXA,ETHOXA,base,single_word,development
partial_dbef3601a372f8c5,parts,two_edges_exact,ANDO TIVE,ANDO;TIVE,2,0,ANDOCEPTIVE,ANDOCEPTIVE,base,single_word,holdout
partial_dbfe11944fdef97d,parts,full_name_two_parts,TWITTEA RXP,TWITTEA;RXP,2,0,TWIT TEAR XP,TWITTEARXP,base,multi_word,development
partial_dc0d36e901b8797b,parts,one_prefix_grapheme,CALIF,CALIF,1,0,CALLIFE MIX,CALLIFEMIX,base,multi_word,holdout
partial_dc24999ae9e5895c,parts,full_name_two_parts,DEW ACNE,DEW;ACNE,2,0,DEW ACNE,DEWACNE,base,multi_word,development
partial_dc26d725f4518697,parts,two_edges_exact,FOLI ACID,FOLI;ACID,2,0,FOLIC ACID,FOLICACID,base,multi_word,development
partial_dc38dd4ffd473876,parts,one_internal_typo,AFFH,AFFH,1,1,DAN OFF HAIR,DANOFFHAIR,base,multi_word,development
partial_dc5e0a53208d116d,parts,full_name_two_parts,GENEPREGNAL IQUID,GENEPREGNAL;IQUID,2,0,GENEPREGNA,GENEPREGNALIQUID,base,multi_word,development
partial_dc5ed7ce4caac588,parts,full_name_two_parts,LIMITLESSD IGESTNOWORIGINAL,LIMITLESSD;IGESTNOWORIGINAL,2,0,LIMITLESS,LIMITLESSDIGESTNOWORIGINAL,base,multi_word,holdout
partial_dc657511acc05872,parts,two_edges_first_typo,BOAG IRAX,BOAG;IRAX,2,1,BORGAVIRAX,BORGAVIRAX,base,single_word,development
partial_dc994e9ea2659eeb,parts,full_name_two_parts,ROTAMETHO NIUM,ROTAMETHO;NIUM,2,0,ROTAMETHONIUM,ROTAMETHONIUM,base,single_word,development
partial_dca56d8207621f55,parts,full_name_three_parts,TA BOC INE,TA;BOC;INE,3,0,TABOCINE,TABOCINE,base,single_word,development
partial_dcb37e794f6f9369,parts,full_name_two_parts,CO NCENTRATEDHAEMODIALYSISACIDICB4BP,CO;NCENTRATEDHAEMODIALYSISACIDICB4BP,2,0,CONCENTRATED,CONCENTRATEDHAEMODIALYSISACIDICB4BP,base,multi_word,development
partial_dcbd4e13be4361b4,parts,two_edges_first_typo,GENA LITY,GENA;LITY,2,1,GENEPREGNA,GENEPREGNAFERTILITY,base,multi_word,development
partial_dcc29054609bb3ef,parts,three_ordered_middle_typo,CON NAR TED,CON;NAR;TED,3,1,CONCENTRATED,CONCENTRATED,family_head,single_word,development
partial_dcdd5abe6013134d,parts,full_name_two_parts,PA EDIMENT,PA;EDIMENT,2,0,PAEDIMENT,PAEDIMENT,base,single_word,development
partial_dcfd069f04da2380,parts,full_name_two_parts,BE NJEX,BE;NJEX,2,0,BEN JEX,BENJEX,base,multi_word,holdout
partial_dd11ea4c5e4e54fb,parts,full_name_three_parts,RES TOM ART,RES;TOM;ART,3,0,RESTO MART,RESTOMART,base,multi_word,development
partial_dd4b69a6b0cdc5c2,parts,three_ordered_middle_typo,NOR SHA ITE,NOR;SHA;ITE,3,1,NO RASH WHITE,NORASHWHITE,base,multi_word,holdout
partial_dd71b76b353e830b,parts,full_name_two_parts,GENEBA BYD,GENEBA;BYD,2,0,GENEBABY,GENEBABYD,base,multi_word,development
partial_dd755afcfffcb1af,parts,full_name_two_parts,RANDAPA LENE,RANDAPA;LENE,2,0,RANDAPALENE,RANDAPALENE,base,single_word,development
partial_dd77354032fd6407,parts,full_name_two_parts,FERROSANOLDUO DENAL,FERROSANOLDUO;DENAL,2,0,FERRO,FERROSANOLDUODENAL,base,multi_word,development
partial_dd7988ad19c2d8e8,parts,two_edges_second_typo,ESOP OXEN,ESOP;OXEN,2,1,ESOPIROXAN,ESOPIROXAN,base,single_word,development
partial_dd8f120e7e6b5675,parts,full_name_two_parts,HUMALOGMIX50KWIKPEN10 0IPENS,HUMALOGMIX50KWIKPEN10;0IPENS,2,0,HUMALOG,HUMALOGMIX50KWIKPEN100IPENS,base,multi_word,development
partial_dd924d53e1188d06,parts,three_ordered_exact,MAR OHE LEX,MAR;OHE;LEX,3,0,MARNYS,MARNYSOSTEOHELPCOMPLEX,base,multi_word,development
partial_dd958feba54faa3c,parts,full_name_three_parts,TOPICRE MGENTLEC LEANSING,TOPICRE;MGENTLEC;LEANSING,3,0,TOPICREM,TOPICREMGENTLECLEANSING,base,multi_word,holdout
partial_dd9dbc3a7de7a383,parts,full_name_two_parts,PUK EBAN,PUK;EBAN,2,0,PUKEBAN,PUKEBAN,base,single_word,development
partial_dda1bb369adcf5ad,parts,full_name_two_parts,OCTI CLEARSHAMPOO120ML,OCTI;CLEARSHAMPOO120ML,2,0,OCTI CLEAR SHAMPOO120ML,OCTICLEARSHAMPOO120ML,base,multi_word,development
partial_ddb6e615d956889d,parts,one_prefix_exact,GLEP,GLEP,1,0,GLEPTOMET,GLEPTOMET,base,single_word,development
partial_ddc2058a7ca166d8,parts,full_name_two_parts,ZAVICE FTA,ZAVICE;FTA,2,0,ZAVICEFTA,ZAVICEFTA,base,single_word,development
partial_dddacbdddc88d7dc,parts,full_name_three_parts,ALOP ANTHE NHAIR,ALOP;ANTHE;NHAIR,3,0,ALOPANTHEN HAIR,ALOPANTHENHAIR,base,multi_word,development
partial_de246ecb55fedd0f,parts,three_ordered_exact,COO IKE AGE,COO;IKE;AGE,3,0,COOL STRIKE MASSAGE,COOLSTRIKEMASSAGE,base,multi_word,development
partial_de3a67199745a3d1,parts,full_name_two_parts,COLISTIMETH ATESODIUMM,COLISTIMETH;ATESODIUMM,2,0,COLISTIMETHATE SODIUM M,COLISTIMETHATESODIUMM,base,multi_word,development
partial_de465d4f3a959fe8,parts,full_name_two_parts,ACN ETROX,ACN;ETROX,2,0,ACNETROX,ACNETROX,base,single_word,holdout
partial_de4deff1946dec90,parts,two_edges_second_typo,SEBA FACA,SEBA;FACA,2,1,SEBANOIN,SEBANOINFACE,base,multi_word,development
partial_de917dd03c8c1603,parts,full_name_two_parts,SKY KURNIACINAMIDE,SKY;KURNIACINAMIDE,2,0,SKYKUR,SKYKURNIACINAMIDE,base,multi_word,holdout
partial_de9e261aea4e2ffc,parts,full_name_two_parts,VICHY48HBEAUTY DEODEODORANT,VICHY48HBEAUTY;DEODEODORANT,2,0,VICHY,VICHY48HBEAUTYDEODEODORANT,base,multi_word,development
partial_deae050f7000b0f6,parts,three_ordered_middle_typo,REB MAC ULC,REB;MAC;ULC,3,1,REBAMUCAULC,REBAMUCAULC,base,single_word,development
partial_debc0b755b01d8f4,parts,full_name_two_parts,DUCRAYMELASCREENSPFECLAT LIGHT,DUCRAYMELASCREENSPFECLAT;LIGHT,2,0,DUCRAY,DUCRAYMELASCREENSPFECLATLIGHT,base,multi_word,holdout
partial_debcd591ebd15fa2,parts,full_name_two_parts,SANOT ACTSTOMACHHEADRELAX,SANOT;ACTSTOMACHHEADRELAX,2,0,SANOTACT,SANOTACTSTOMACHHEADRELAX,base,multi_word,holdout
partial_dec42f4c72a37067,parts,full_name_two_parts,LIM ITLESSMETHYLFOLATE,LIM;ITLESSMETHYLFOLATE,2,0,LIMITLESS,LIMITLESSMETHYLFOLATE,base,multi_word,holdout
partial_dec4be8ee26523a4,parts,full_name_two_parts,BEESLINEWHITENINGSUNF ILTERSPF,BEESLINEWHITENINGSUNF;ILTERSPF,2,0,BEESLINE,BEESLINEWHITENINGSUNFILTERSPF,base,multi_word,holdout
partial_defb2f611858de3c,parts,one_internal_exact,BINA,BINA,1,0,TERBINAFINE,TERBINAFINE,base,single_word,development
partial_df4acecd8cfcbb22,parts,full_name_two_parts,AMPICLOZA PINE,AMPICLOZA;PINE,2,0,AMPICLOZAPINE,AMPICLOZAPINE,base,single_word,development
partial_df4fe9075354173e,parts,full_name_two_parts,EPIPH ENICOL,EPIPH;ENICOL,2,0,EPIPHENICOL,EPIPHENICOL,base,single_word,development
partial_df5cf3f89206e5f2,parts,full_name_two_parts,EPO TINJULPHAR,EPO;TINJULPHAR,2,0,EPOTIN,EPOTINJULPHAR,base,multi_word,development
partial_df5fbb9a44e7666a,parts,full_name_two_parts,RESPIF LOX,RESPIF;LOX,2,0,RESPIFLOX,RESPIFLOX,base,single_word,development
partial_df7f5ed53f7e58b6,parts,full_name_two_parts,PRO PVANT,PRO;PVANT,2,0,PROPVANT,PROPVANT,base,single_word,holdout
partial_df7f956df72d09e5,parts,full_name_two_parts,BEKLAIRSSKINCLEA NSING,BEKLAIRSSKINCLEA;NSING,2,0,BE KLAIRS SKIN CLEANSING,BEKLAIRSSKINCLEANSING,base,multi_word,development
partial_df9aa24fe079abd4,parts,full_name_two_parts,MIC OSONE,MIC;OSONE,2,0,MICOSONE,MICOSONE,base,single_word,development
partial_dfb4f79116ab45a4,parts,full_name_two_parts,CIPRODI AZOLE,CIPRODI;AZOLE,2,0,CIPRODIAZOLE,CIPRODIAZOLE,base,single_word,development
partial_dfb64e498c20c086,parts,full_name_two_parts,OSPA MOX,OSPA;MOX,2,0,OSPAMOX,OSPAMOX,base,single_word,development
partial_dfde9b41f4b89b65,parts,one_suffix_exact,APAR,APAR,1,0,ZOLAPAR,ZOLAPAR,base,single_word,development
partial_dff33818241078e5,parts,full_name_two_parts,NEUL IPOVIMADVANCE,NEUL;IPOVIMADVANCE,2,0,NEULIPOVIM,NEULIPOVIMADVANCE,base,multi_word,development
partial_dff5514bf03f2105,parts,two_edges_first_typo,PHAN IVAN,PHAN;IVAN,2,1,PHINDIVAN,PHINDIVAN,base,single_word,development
partial_dffa9a9c3a10da5c,parts,full_name_two_parts,LANOMOR AMULTIVITAMIN,LANOMOR;AMULTIVITAMIN,2,0,LANOMORA MULTIVITAMIN,LANOMORAMULTIVITAMIN,base,multi_word,development
partial_dffbd66baa647bce,parts,one_internal_typo,CESE,CESE,1,1,OSCASEEF,OSCASEEF,base,single_word,development
partial_dffe3c2fa94dbed4,parts,full_name_two_parts,STE RILEWATER,STE;RILEWATER,2,0,STERILE WATER,STERILEWATER,base,multi_word,development
partial_dffecfcdf23a8797,parts,full_name_three_parts,GAS TMI NOXY,GAS;TMI;NOXY,3,0,GAST MINOXY,GASTMINOXY,base,multi_word,development
partial_e025ca26bd9927bd,parts,two_edges_second_typo,BRAY FLAX,BRAY;FLAX,2,1,BRAYTOFLEX,BRAYTOFLEX,base,single_word,holdout
partial_e03806c83bba3a6c,parts,full_name_two_parts,CUR OSURF,CUR;OSURF,2,0,CUROSURF,CUROSURF,base,single_word,holdout
partial_e040fae42c034d65,parts,full_name_two_parts,BIOBALANCEFACIA LWHITENINGDAY,BIOBALANCEFACIA;LWHITENINGDAY,2,0,BALANCE,BIOBALANCEFACIALWHITENINGDAY,base,multi_word,development
partial_e05af94e7e04698d,parts,full_name_two_parts,LAPORT EMIX,LAPORT;EMIX,2,0,LAPORTE MIX,LAPORTEMIX,base,multi_word,development
partial_e06aae3ab713c7a4,parts,full_name_two_parts,IV ATHERMIVAPURAAKNESYT,IV;ATHERMIVAPURAAKNESYT,2,0,IVATHERM,IVATHERMIVAPURAAKNESYT,base,multi_word,development
partial_e0825520721493bc,parts,two_edges_second_typo,INDA KIAS,INDA;KIAS,2,1,INDALOCK KIDS,INDALOCKKIDS,base,multi_word,development
partial_e088b17192954998,parts,full_name_two_parts,BLUEKAN ZA,BLUEKAN;ZA,2,0,BLUEKANZA,BLUEKANZA,base,single_word,holdout
partial_e094701a53d62b06,parts,full_name_two_parts,AGERALIGHTE NING,AGERALIGHTE;NING,2,0,AGERA,AGERALIGHTENING,base,multi_word,holdout
partial_e0dfbb7864dbb9af,parts,full_name_two_parts,AZ ITHROCHIDIA,AZ;ITHROCHIDIA,2,0,AZITHROCHIDIA,AZITHROCHIDIA,base,single_word,development
partial_e0e7bc315fc4877f,parts,full_name_two_parts,COBFOLI VIT,COBFOLI;VIT,2,0,COBFOLIVIT,COBFOLIVIT,base,single_word,development
partial_e10448ba07b69c8f,parts,full_name_two_parts,NOST AMINE,NOST;AMINE,2,0,NOSTAMINE,NOSTAMINE,base,single_word,holdout
partial_e108a8dbdb9b427d,parts,full_name_two_parts,CID OCETINESUCCINATE,CID;OCETINESUCCINATE,2,0,CIDOCETINE,CIDOCETINESUCCINATE,base,multi_word,development
partial_e11c969d5075c006,parts,full_name_two_parts,FL UBEN,FL;UBEN,2,0,FLUBEN,FLUBEN,base,single_word,development
partial_e123f854a2596601,parts,full_name_two_parts,DAPAGLIFL OZINEVA,DAPAGLIFL;OZINEVA,2,0,DAPAGLIFLOZIN EVA,DAPAGLIFLOZINEVA,base,multi_word,holdout
partial_e12b40eadb8d1d81,parts,full_name_two_parts,PE NTANORM,PE;NTANORM,2,0,PENTANORM,PENTANORM,base,single_word,development
partial_e12b9cf39c2a3366,parts,full_name_two_parts,VENTAMORWHITEN INGNIGHT,VENTAMORWHITEN;INGNIGHT,2,0,VENTAMOR,VENTAMORWHITENINGNIGHT,base,multi_word,holdout
partial_e12dea9afbde7731,parts,full_name_two_parts,MELATIMESUNSCREENSPF SUN,MELATIMESUNSCREENSPF;SUN,2,0,MELATIME,MELATIMESUNSCREENSPFSUN,base,multi_word,holdout
partial_e141c9c36f929d08,parts,two_edges_second_typo,CHIT AGAS,CHIT;AGAS,2,1,CHITOTAG,CHITOTAGDS,base,multi_word,holdout
partial_e142c57cd236da11,parts,full_name_two_parts,NERHAFL UKS,NERHAFL;UKS,2,0,NERHAFLUKS,NERHAFLUKS,base,single_word,development
partial_e16e9942f6eb08bc,parts,full_name_two_parts,COLISTINSULPH ATE,COLISTINSULPH;ATE,2,0,COLISTIN,COLISTINSULPHATE,base,multi_word,development
partial_e17f8bf746a7c941,parts,full_name_two_parts,TREAT OULC,TREAT;OULC,2,0,TREATO ULC,TREATOULC,base,multi_word,development
partial_e1c9f66120545f82,parts,full_name_two_parts,BACTICI DEHANDSKINANTISEPTIC,BACTICI;DEHANDSKINANTISEPTIC,2,0,BACTICIDE HAND SKIN ANTISEPTIC,BACTICIDEHANDSKINANTISEPTIC,base,multi_word,development
partial_e1df7cd40d54d951,parts,full_name_two_parts,PERFE CTIONMASSAGE,PERFE;CTIONMASSAGE,2,0,PERFECTION,PERFECTIONMASSAGE,base,multi_word,development
partial_e1f6736ed6bffbb7,parts,full_name_two_parts,IN TRAVETO,IN;TRAVETO,2,0,INTRA,INTRAVETO,base,multi_word,development
partial_e2080a4e815d4dd4,parts,full_name_two_parts,GENOVEPI LOPEPTANWOMANHAIRREPAIR,GENOVEPI;LOPEPTANWOMANHAIRREPAIR,2,0,GENOVE,GENOVEPILOPEPTANWOMANHAIRREPAIR,base,multi_word,development
partial_e2201acbf5767711,parts,one_internal_exact,ERTR,ERTR,1,0,HERTRAZ,HERTRAZ,base,single_word,holdout
partial_e22633c37d176081,parts,full_name_two_parts,GRIPEWATER SMILE,GRIPEWATER;SMILE,2,0,GRIPE WATER SMILE,GRIPEWATERSMILE,base,multi_word,development
partial_e22dcb7da0e546c1,parts,two_edges_first_typo,PRAM ERAN,PRAM;ERAN,2,1,PRIMPERAN,PRIMPERAN,base,single_word,development
partial_e23c474e88578e44,parts,two_edges_second_typo,BIOG ASSE,BIOG;ASSE,2,1,BIOGRAISSE,BIOGRAISSE,base,single_word,development
partial_e240666aa58be735,parts,full_name_two_parts,ASENAP INEHIKMA,ASENAP;INEHIKMA,2,0,ASENAPINE HIKMA,ASENAPINEHIKMA,base,multi_word,development
partial_e245f7c7169fd6a0,parts,three_ordered_exact,AKA ALI UID,AKA;ALI;UID,3,0,AKANZA LIQUID,AKANZALIQUID,base,multi_word,development
partial_e272bcf2497b14e1,parts,one_internal_exact,MBIV,MBIV,1,0,COMBIVASC,COMBIVASC,base,single_word,development
partial_e27492b6643ff80f,parts,full_name_two_parts,DONIFO XATE,DONIFO;XATE,2,0,DONIFOXATE,DONIFOXATE,base,single_word,development
partial_e2759d32fb7a2c4a,parts,full_name_two_parts,CARBONI SES,CARBONI;SES,2,0,CARBONISE,CARBONISES,base,multi_word,development
partial_e27ef25d27826c6e,parts,full_name_two_parts,HAE SSTERIL,HAE;SSTERIL,2,0,HAES STERIL,HAESSTERIL,base,multi_word,development
partial_e2ac6397f0e88ee5,parts,three_ordered_middle_typo,MOV ARA NCE,MOV;ARA;NCE,3,1,MOVENTOR,MOVENTORADVANCE,base,multi_word,development
partial_e2aceb549d1583a7,parts,two_edges_second_typo,EMPA AECH,EMPA;AECH,2,1,EMPAGLUTECH,EMPAGLUTECH,base,single_word,development
partial_e2d597665cc0f821,parts,two_edges_first_typo,RIAA LUID,RIAA;LUID,2,1,RILASTIL,RILASTILSUNLAUDEINFANTILFLUID,base,multi_word,development
partial_e2d724a2042cb28f,parts,full_name_two_parts,REGULA TOR,REGULA;TOR,2,0,REGULATOR,REGULATOR,base,single_word,development
partial_e2e23c6e26e1b3c3,parts,full_name_three_parts,ACE TYL OVAN,ACE;TYL;OVAN,3,0,ACETYLOVAN,ACETYLOVAN,base,single_word,development
partial_e2f0c4fad4d45d1b,parts,full_name_two_parts,PLACYLOREANTIHAIRL OSS,PLACYLOREANTIHAIRL;OSS,2,0,PLACY,PLACYLOREANTIHAIRLOSS,base,multi_word,development
partial_e2f331b0488e6264,parts,full_name_two_parts,VALID OHAIR,VALID;OHAIR,2,0,VALIDO HAIR,VALIDOHAIR,base,multi_word,development
partial_e300e0f77277fdf1,parts,full_name_two_parts,PAI NFREE,PAI;NFREE,2,0,PAIN FREE,PAINFREE,base,multi_word,holdout
partial_e31b780dfb9d566c,parts,full_name_two_parts,DA PAGLIFLOZINEVA,DA;PAGLIFLOZINEVA,2,0,DAPAGLIFLOZIN EVA,DAPAGLIFLOZINEVA,base,multi_word,holdout
partial_e31d3590b118b618,parts,two_edges_first_typo,SAOP IGHT,SAOP;IGHT,2,1,STOPADOL,STOPADOLNIGHT,base,multi_word,development
partial_e333cef92436b34d,parts,three_ordered_exact,CON IST ING,CON;IST;ING,3,0,CONUMB MOISTURIZING,CONUMBMOISTURIZING,base,multi_word,development
partial_e344707ebf1c43fd,parts,full_name_three_parts,ROTO NECO MPLEX,ROTO;NECO;MPLEX,3,0,ROTONE COMPLEX,ROTONECOMPLEX,base,multi_word,development
partial_e34a51690ca446c4,parts,full_name_two_parts,BROL EAVES,BROL;EAVES,2,0,BROLEAVES,BROLEAVES,base,single_word,development
partial_e3577d0df348f710,parts,two_edges_first_typo,AAFI NZOX,AAFI;NZOX,2,1,KAFIANZOX,KAFIANZOX,base,single_word,development
partial_e372aa6737f28914,parts,full_name_two_parts,PE DIAMILHAMILK,PE;DIAMILHAMILK,2,0,PEDIAMIL,PEDIAMILHAMILK,base,multi_word,development
partial_e3757beb70564fc9,parts,full_name_two_parts,SE NSIBIOFORTE,SE;NSIBIOFORTE,2,0,SENSIBIO,SENSIBIOFORTE,base,multi_word,development
partial_e378ee5f1ea48277,parts,full_name_two_parts,BEESLIN EULTRASCREEN,BEESLIN;EULTRASCREEN,2,0,BEESLINE,BEESLINEULTRASCREEN,base,multi_word,holdout
partial_e37febe1aefb7c3f,parts,full_name_two_parts,NEUR IL,NEUR;IL,2,0,NEURIL,NEURIL,base,single_word,development
partial_e3937a2a4d2f3eab,parts,full_name_two_parts,MORECAREREA DY,MORECAREREA;DY,2,0,MORECARE READY,MORECAREREADY,base,multi_word,holdout
partial_e3af55d00752d054,parts,full_name_two_parts,MINOVWHITE NING,MINOVWHITE;NING,2,0,MINOV WHITENING,MINOVWHITENING,base,multi_word,development
partial_e3d1f05898497708,parts,full_name_two_parts,ROT AHELEXCYSTEINE,ROT;AHELEXCYSTEINE,2,0,ROTAHELEX CYSTEINE,ROTAHELEXCYSTEINE,base,multi_word,development
partial_e3ed6ae96b988899,parts,full_name_two_parts,CA RBOKOOL,CA;RBOKOOL,2,0,CARBOKOOL,CARBOKOOL,base,single_word,holdout
partial_e46f8f8bbed795bd,parts,two_edges_second_typo,HOST RTAN,HOST;RTAN,2,1,HOSTACORTIN,HOSTACORTIN,base,single_word,development
partial_e473c0fa9052e1ca,parts,full_name_three_parts,PAR AXE NOS,PAR;AXE;NOS,3,0,PARA XENOS,PARAXENOS,base,multi_word,development
partial_e48fae7061b64f81,parts,full_name_two_parts,XILOI AL,XILOI;AL,2,0,XILOIAL,XILOIAL,base,single_word,development
partial_e48fd0504e871f8b,parts,full_name_three_parts,SO LVE TRA,SO;LVE;TRA,3,0,SOLVETRA,SOLVETRA,base,single_word,holdout
partial_e49822756d3f82e4,parts,full_name_two_parts,MU LTIVITOLCOMPOUND,MU;LTIVITOLCOMPOUND,2,0,MULTIVITOL,MULTIVITOLCOMPOUND,base,multi_word,development
partial_e49cb8c428ff0dea,parts,two_edges_first_typo,AEXS GING,AEXS;GING,2,1,REXSOL,REXSOLVITAMINTREATMENTANTIAGING,base,multi_word,holdout
partial_e4a003c81b1653e8,parts,full_name_three_parts,ANI KAH AIR,ANI;KAH;AIR,3,0,ANIKA,ANIKAHAIR,base,multi_word,development
partial_e4aa8bf6a7c17b3f,parts,full_name_three_parts,NOR PRO LAC,NOR;PRO;LAC,3,0,NORPROLAC,NORPROLAC,base,single_word,development
partial_e4b00d17757d2692,parts,three_ordered_middle_typo,EBA B6A NAL,EBA;B6A;NAL,3,1,EBA MAGNI B6 ORIGINAL,EBAMAGNIB6ORIGINAL,base,multi_word,development
partial_e4b2311f3fae7300,parts,full_name_two_parts,PHOTODER MBRONZEFLUIDSPF,PHOTODER;MBRONZEFLUIDSPF,2,0,PHOTODERM,PHOTODERMBRONZEFLUIDSPF,base,multi_word,holdout
partial_e4b32be6a8844dee,parts,full_name_two_parts,RIANAI NTIMATEFEMININE,RIANAI;NTIMATEFEMININE,2,0,RIANA INTIMATE FEMININE,RIANAINTIMATEFEMININE,base,multi_word,development
partial_e4b8a379e81aa5b8,parts,two_edges_exact,BABY HINO,BABY;HINO,2,0,BABYRHINO,BABYRHINO,base,single_word,holdout
partial_e4bb901d25db5ecf,parts,full_name_two_parts,ORCHAT EARS,ORCHAT;EARS,2,0,ORCHATEARS,ORCHATEARS,base,single_word,development
partial_e4bef24fec3aab1a,parts,one_internal_exact,2DEP,2DEP,1,0,B12 DEPOT,B12DEPOT,base,multi_word,development
partial_e4e4d431f6e6119f,parts,full_name_two_parts,VOLA EMOLLIENT,VOLA;EMOLLIENT,2,0,VOLA EMOLLIENT,VOLAEMOLLIENT,base,multi_word,development
partial_e505956c7c0232a4,parts,full_name_three_parts,GO NAP URE,GO;NAP;URE,3,0,GONAPURE,GONAPURE,base,single_word,development
partial_e5199c984f95a250,parts,full_name_two_parts,EVE RYOUTHANTIHAIRLOSS,EVE;RYOUTHANTIHAIRLOSS,2,0,EVERYOUTH,EVERYOUTHANTIHAIRLOSS,base,multi_word,development
partial_e5424da1420cd23a,parts,two_edges_exact,DIFR RELE,DIFR;RELE,2,0,DIFRAREL,DIFRARELE,base,multi_word,development
partial_e5434ef07b059fc5,parts,full_name_two_parts,BLEMILCO MFORTMILK,BLEMILCO;MFORTMILK,2,0,BLEMIL,BLEMILCOMFORTMILK,base,multi_word,holdout
partial_e55eb18a0ed1b53f,parts,full_name_two_parts,INNOGENC ARTIGEN,INNOGENC;ARTIGEN,2,0,INNOGEN CARTIGEN,INNOGENCARTIGEN,base,multi_word,development
partial_e570e2cc2dc95387,parts,full_name_three_parts,CA RDI LOL,CA;RDI;LOL,3,0,CARDILOL,CARDILOL,base,single_word,development
partial_e59ac0d4e2c023c7,parts,one_suffix_exact,HREX,HREX,1,0,ARYTHREX,ARYTHREX,base,single_word,development
partial_e59bf4bb36e03a6c,parts,full_name_two_parts,BEE SLINELIPCARESHIMMERYCHERRY,BEE;SLINELIPCARESHIMMERYCHERRY,2,0,BEESLINE,BEESLINELIPCARESHIMMERYCHERRY,base,multi_word,holdout
partial_e5c0e259eade0896,parts,full_name_two_parts,SYN APSE,SYN;APSE,2,0,SYNAPSE,SYNAPSE,family_head,single_word,development
partial_e5d4a7feef81f561,parts,two_edges_second_typo,KIDV ANOW,KIDV;ANOW,2,1,KID VITS CHEWABLES NOW,KIDVITSCHEWABLESNOW,base,multi_word,holdout
partial_e60343ae3844bb19,parts,full_name_three_parts,GAR MAS TANN,GAR;MAS;TANN,3,0,GARMASTAN,GARMASTANN,base,multi_word,development
partial_e607c06bcae2fe1f,parts,full_name_two_parts,CUR AVISC,CUR;AVISC,2,0,CURAVISC,CURAVISC,base,single_word,development
partial_e60bd49f12618df8,parts,two_edges_exact,CHAR HAIR,CHAR;HAIR,2,0,CHARMALURE,CHARMALUREHAIR,base,multi_word,development
partial_e6127cb936babc57,parts,full_name_two_parts,NASA PRANDY,NASA;PRANDY,2,0,NASAPRANDY,NASAPRANDY,base,single_word,development
partial_e619a87c6a60f72e,parts,full_name_two_parts,CIPROFLOXAC INAMRIYA,CIPROFLOXAC;INAMRIYA,2,0,CIPROFLOXACIN AMRIYA,CIPROFLOXACINAMRIYA,base,multi_word,holdout
partial_e65d6eebc6d966ab,parts,two_edges_second_typo,TINE AROX,TINE;AROX,2,1,TINEAPIROX,TINEAPIROX,base,single_word,holdout
partial_e65e5c7ba2d09dd1,parts,full_name_two_parts,PANTHEN OSENASAL,PANTHEN;OSENASAL,2,0,PANTHENOSE NASAL,PANTHENOSENASAL,base,multi_word,development
partial_e67205c52d72e32c,parts,full_name_two_parts,CEFPI ROME,CEFPI;ROME,2,0,CEFPIROME,CEFPIROME,base,single_word,development
partial_e68dfa04f5460aee,parts,full_name_two_parts,CENT RAVITAVITDCAGOVITA,CENT;RAVITAVITDCAGOVITA,2,0,CENTRAVITA,CENTRAVITAVITDCAGOVITA,base,multi_word,development
partial_e68e6628daa6460e,parts,full_name_two_parts,SUPERF ORMULA,SUPERF;ORMULA,2,0,FORMULA,SUPERFORMULA,base,multi_word,development
partial_e691d6166e92a44e,parts,two_edges_second_typo,MEPE AANE,MEPE;AANE,2,1,MEPECAINE,MEPECAINE,base,single_word,development
partial_e69230321aeaae59,parts,one_internal_typo,SADR,SADR,1,1,LYSODREN,LYSODREN,base,single_word,holdout
partial_e69da53eca1ec3cc,parts,full_name_two_parts,ARGENTOPROFITSUNSCREE NSPF,ARGENTOPROFITSUNSCREE;NSPF,2,0,ARGENTO,ARGENTOPROFITSUNSCREENSPF,base,multi_word,development
partial_e6a02a4fad9a619a,parts,two_edges_exact,TREA OULC,TREA;OULC,2,0,TREATO ULC,TREATOULC,base,multi_word,development
partial_e6bbd43d02809dfa,parts,full_name_two_parts,MENTOM IX,MENTOM;IX,2,0,MENTO MIX,MENTOMIX,base,multi_word,development
partial_e6beeb7affc623ca,parts,full_name_two_parts,VIL LABORGHINISEBUMEQUALIZINGTREATMENT,VIL;LABORGHINISEBUMEQUALIZINGTREATMENT,2,0,VILLA,VILLABORGHINISEBUMEQUALIZINGTREATMENT,base,multi_word,development
partial_e6c55e0257570635,parts,three_ordered_exact,BIO SUN ION,BIO;SUN;ION,3,0,BALANCE,BIOBALANCESUNPROTECTION,base,multi_word,development
partial_e6d9f93ea2d20581,parts,full_name_two_parts,CERUM ENEXN,CERUM;ENEXN,2,0,CERUMENEX,CERUMENEXN,base,multi_word,development
partial_e702fd26bff0d4da,parts,two_edges_first_typo,PAAE DINE,PAAE;DINE,2,1,PAXELADINE,PAXELADINE,base,single_word,development
partial_e70b9a874b5a6daf,parts,one_prefix_exact,DRSW,DRSW,1,0,DR SWEETY,DRSWEETY,base,multi_word,development
partial_e724b914b8c24592,parts,full_name_two_parts,MONTAWHITE SPF,MONTAWHITE;SPF,2,0,MONTA,MONTAWHITESPF,base,multi_word,holdout
partial_e72c15d5a22d30a4,parts,three_ordered_middle_typo,SUC FIA PAN,SUC;FIA;PAN,3,1,SUCROFILMPAN,SUCROFILMPAN,base,single_word,development
partial_e72f2b8d060e6b50,parts,full_name_two_parts,VICHYPURETETHERMAL EFRESHCLEANSING,VICHYPURETETHERMAL;EFRESHCLEANSING,2,0,VICHY,VICHYPURETETHERMALEFRESHCLEANSING,base,multi_word,development
partial_e72f8e0a6604a235,parts,three_ordered_middle_typo,HID CCA REN,HID;CCA;REN,3,1,HIDRASEC,HIDRASECCHILDREN,base,multi_word,development
partial_e73346be9f25f539,parts,full_name_two_parts,MAS TER,MAS;TER,2,0,MASTER,MASTER,family_head,single_word,development
partial_e736f3f8b523df6d,parts,full_name_two_parts,ER DOSOLVINE,ER;DOSOLVINE,2,0,ERDOSOLVINE,ERDOSOLVINE,base,single_word,development
partial_e7408df53162f3c5,parts,full_name_two_parts,CASHOS OOTHING,CASHOS;OOTHING,2,0,CASHO,CASHOSOOTHING,base,multi_word,development
partial_e779a5b43eff7ed8,parts,three_ordered_exact,ROM NAN VER,ROM;NAN;VER,3,0,ROMA ROVA NANOSILVER,ROMAROVANANOSILVER,base,multi_word,development
partial_e78148d2a5eed8d1,parts,full_name_two_parts,MA XANAGENHAIR,MA;XANAGENHAIR,2,0,MAXANAGEN,MAXANAGENHAIR,base,multi_word,development
partial_e788874e73d37d3c,parts,full_name_two_parts,TRESIBAFLEXTOUCHPREFILLE DPEN,TRESIBAFLEXTOUCHPREFILLE;DPEN,2,0,TRESIBA FLEXTOUCH PRE FILLED PEN,TRESIBAFLEXTOUCHPREFILLEDPEN,base,multi_word,development
partial_e796ac9989d19cae,parts,full_name_two_parts,SOLODE XANTIAGE,SOLODE;XANTIAGE,2,0,SOLODEX,SOLODEXANTIAGE,base,multi_word,development
partial_e7abd42e0604e495,parts,full_name_two_parts,OLIVEMARA CNE,OLIVEMARA;CNE,2,0,OLIVEMAR ACNE,OLIVEMARACNE,base,multi_word,development
partial_e7b6b06cd9619520,parts,two_edges_exact,CALC DB12,CALC;DB12,2,0,CALCID,CALCIDB12,base,multi_word,holdout
partial_e7b9b94e10def0e5,parts,full_name_two_parts,DEX IGLOFOZIN,DEX;IGLOFOZIN,2,0,DEXIGLOFOZIN,DEXIGLOFOZIN,base,single_word,holdout
partial_e7bb81f899f53da3,parts,full_name_two_parts,ECRINALVITAMINENRICHEDN AILSTRENTHENER,ECRINALVITAMINENRICHEDN;AILSTRENTHENER,2,0,ECRINAL,ECRINALVITAMINENRICHEDNAILSTRENTHENER,base,multi_word,development
partial_e7bc69f95d68fa75,parts,full_name_two_parts,REKANOBO DY,REKANOBO;DY,2,0,REKANO,REKANOBODY,base,multi_word,development
partial_e7e87408d5f81661,parts,one_prefix_exact,THAL,THAL,1,0,THALIX,THALIX,base,single_word,development
partial_e7fd38cf4ad6448c,parts,full_name_two_parts,HEPA VERIN,HEPA;VERIN,2,0,HEPAVERIN,HEPAVERIN,base,single_word,development
partial_e809fcd9b306f13e,parts,full_name_three_parts,SA LVA FEM,SA;LVA;FEM,3,0,SALVA FEM,SALVAFEM,base,multi_word,holdout
partial_e80f04fc58c4de6e,parts,full_name_two_parts,DI PROCORTIN,DI;PROCORTIN,2,0,DIPROCORTIN,DIPROCORTIN,base,single_word,development
partial_e8242700f4aa3a8a,parts,full_name_two_parts,BIOVALLE YSOOTHING,BIOVALLE;YSOOTHING,2,0,BIOVALLEY SOOTHING,BIOVALLEYSOOTHING,base,multi_word,development
partial_e83ab42393e446f3,parts,full_name_two_parts,APO DESMOPRESSIN,APO;DESMOPRESSIN,2,0,APO DESMOPRESSIN,APODESMOPRESSIN,base,multi_word,development
partial_e84b9475cb24aa21,parts,one_internal_exact,THYG,THYG,1,0,JECOL,JECOLHEALTHYGUMMIESKIDS,base,multi_word,development
partial_e865b847a446bc1b,parts,full_name_two_parts,SIERASCALPA NTIDANDRUFF,SIERASCALPA;NTIDANDRUFF,2,0,SIERA,SIERASCALPANTIDANDRUFF,base,multi_word,development
partial_e867e941bc1fc24a,parts,full_name_two_parts,REBOS SSUNBLOCKSPF,REBOS;SSUNBLOCKSPF,2,0,REBOSS,REBOSSSUNBLOCKSPF,base,multi_word,development
partial_e885ea9b54840a63,parts,two_edges_first_typo,SABA ONIC,SABA;ONIC,2,1,SEBACLAR,SEBACLARTONIC,base,multi_word,development
partial_e8b8b67de8521f5b,parts,full_name_three_parts,LID OCA INE,LID;OCA;INE,3,0,LIDOCAINE,LIDOCAINE,base,single_word,development
partial_e8f05c962bdb1f06,parts,three_ordered_exact,FER ODU NAL,FER;ODU;NAL,3,0,FERRODUONAL,FERRODUONAL,base,single_word,holdout
partial_e8f8f69deb58d49e,parts,three_ordered_middle_typo,JEN ACO UND,JEN;ACO;UND,3,1,JENONAL COMPOUND,JENONALCOMPOUND,base,multi_word,development
partial_e90a25fb822927c4,parts,three_ordered_exact,NEW DAN UID,NEW;DAN;UID,3,0,NEW FLOTAN INHALED ANAESTHETIC LIQUID,NEWFLOTANINHALEDANAESTHETICLIQUID,base,multi_word,development
partial_e9277a39a6793ae5,parts,full_name_two_parts,ROMAROVANA NOSILVER,ROMAROVANA;NOSILVER,2,0,ROMA ROVA NANOSILVER,ROMAROVANANOSILVER,base,multi_word,development
partial_e92e51347bdd0919,parts,full_name_three_parts,DAKYNI GHTWHI TENING,DAKYNI;GHTWHI;TENING,3,0,DAKY NIGHT WHITENING,DAKYNIGHTWHITENING,base,multi_word,development
partial_e9475b198d675a05,parts,full_name_three_parts,SONSEPTS KINCLEANS INGLIQUID,SONSEPTS;KINCLEANS;INGLIQUID,3,0,SONSEPT SKIN CLEANSING LIQUID,SONSEPTSKINCLEANSINGLIQUID,base,multi_word,holdout
partial_e95f51285f4c30f9,parts,full_name_two_parts,FLA TOCARBONADVANCE,FLA;TOCARBONADVANCE,2,0,FLATOCARBON,FLATOCARBONADVANCE,base,multi_word,holdout
partial_e961a0684f57d16b,parts,full_name_two_parts,AMRIZO LE,AMRIZO;LE,2,0,AMRIZOLE,AMRIZOLE,base,single_word,development
partial_e962c561ee73ec08,parts,full_name_two_parts,ME TRONIDAZOLEMUP,ME;TRONIDAZOLEMUP,2,0,METRONIDAZOLE MUP,METRONIDAZOLEMUP,base,multi_word,development
partial_e96b722a55c7863d,parts,two_edges_exact,STAR SKIN,STAR;SKIN,2,0,STARVILLE,STARVILLEACNEPRONESKIN,base,multi_word,development
partial_e9826df822773bb5,parts,full_name_two_parts,GROWTH FORMULAPREGNANTWOMAN,GROWTH;FORMULAPREGNANTWOMAN,2,0,GROWTH,GROWTHFORMULAPREGNANTWOMAN,base,multi_word,development
partial_e9843850e73216cf,parts,one_suffix_exact,IPLA,IPLA,1,0,DAUNOCIPLA,DAUNOCIPLA,base,single_word,development
partial_e9867d629cabe8ef,parts,full_name_two_parts,FE MAXLIGHTENING,FE;MAXLIGHTENING,2,0,FEMAX LIGHTENING,FEMAXLIGHTENING,base,multi_word,development
partial_e98d5c6125e4473f,parts,full_name_two_parts,BROM OCRIPTINE,BROM;OCRIPTINE,2,0,BROMOCRIPTINE,BROMOCRIPTINE,base,single_word,development
partial_e994ca26516a16d0,parts,full_name_two_parts,AMPICIL LINMISR,AMPICIL;LINMISR,2,0,AMPICILLIN,AMPICILLINMISR,base,multi_word,development
partial_e9955544b946acba,parts,full_name_two_parts,MOV ICOLPAEDIATRIC,MOV;ICOLPAEDIATRIC,2,0,MOVICOL,MOVICOLPAEDIATRIC,base,multi_word,development
partial_e9a9249f657fbd24,parts,full_name_two_parts,RAY EN,RAY;EN,2,0,RAYEN,RAYEN,base,single_word,development
partial_e9aa0caa56e55a9f,parts,full_name_two_parts,WI TTANSUNSCREENSPF50,WI;TTANSUNSCREENSPF50,2,0,WITTAN SUNSCREEN SPF50,WITTANSUNSCREENSPF50,base,multi_word,development
partial_e9b2eb36daf82320,parts,full_name_two_parts,DIABE NOR,DIABE;NOR,2,0,DIABENOR,DIABENOR,base,single_word,development
partial_e9c4bb05bcd40abc,parts,full_name_two_parts,DOXORUBICINHE XAL,DOXORUBICINHE;XAL,2,0,DOXORUBICIN HEXAL,DOXORUBICINHEXAL,base,multi_word,development
partial_e9cc8a2443a53791,parts,full_name_two_parts,AMAVA ROL,AMAVA;ROL,2,0,AMAVAROL,AMAVAROL,base,single_word,development
partial_e9d040c25483205e,parts,full_name_two_parts,AJAR PADOVA,AJAR;PADOVA,2,0,AJAR PADOVA,AJARPADOVA,base,multi_word,holdout
partial_e9d7579aca249392,parts,full_name_two_parts,VOR EK,VOR;EK,2,0,VOREK,VOREK,base,single_word,development
partial_e9d819172b978cd6,parts,full_name_two_parts,DE LTREXONE,DE;LTREXONE,2,0,DELTREXONE,DELTREXONE,base,single_word,development
partial_e9e904dfaf32c07a,parts,full_name_two_parts,PHARMACERIS SHYDROLIPIDPROTECTIVEFACE,PHARMACERIS;SHYDROLIPIDPROTECTIVEFACE,2,0,PHARMACERIS,PHARMACERISSHYDROLIPIDPROTECTIVEFACE,base,multi_word,development
partial_ea18376f787222bc,parts,two_edges_first_typo,LAPI RATE,LAPI;RATE,2,1,LIPIFIBRATE,LIPIFIBRATE,base,single_word,development
partial_ea24729627868302,parts,three_ordered_exact,OTR SAL TOR,OTR;SAL;TOR,3,0,OTRIBABY,OTRIBABYNASALASPIRATOR,base,multi_word,holdout
partial_ea52677cb5953cb9,parts,full_name_two_parts,ACN IL,ACN;IL,2,0,ACNIL,ACNIL,base,single_word,development
partial_ea61f2fcae394033,parts,full_name_two_parts,BOSTAG LIPTMET,BOSTAG;LIPTMET,2,0,BOSTAGLIPT MET,BOSTAGLIPTMET,base,multi_word,development
partial_ea96060b87aaeab7,parts,full_name_two_parts,ETODOL AC,ETODOL;AC,2,0,ETODOLAC,ETODOLAC,base,single_word,development
partial_eaa18d75e2d8c520,parts,full_name_two_parts,HUMALOGMIX25100ICA RTRIDGES,HUMALOGMIX25100ICA;RTRIDGES,2,0,HUMALOG,HUMALOGMIX25100ICARTRIDGES,base,multi_word,development
partial_eaa6f955a0ac5e7d,parts,full_name_two_parts,WEED OBONHAIR,WEED;OBONHAIR,2,0,WEEDOBON,WEEDOBONHAIR,base,multi_word,development
partial_eaabcb971e5e269f,parts,full_name_two_parts,PROSTETR OL,PROSTETR;OL,2,0,PROSTETROL,PROSTETROL,base,single_word,development
partial_eac0df2bcdd6cd96,parts,full_name_two_parts,POLYMA RT,POLYMA;RT,2,0,POLYMART,POLYMART,base,single_word,development
partial_eacceb9fc70e7ec3,parts,full_name_two_parts,INHIG LIP,INHIG;LIP,2,0,INHIGLIP,INHIGLIP,base,single_word,development
partial_ead6998bcc5c05ce,parts,full_name_two_parts,ROTAF LORAH,ROTAF;LORAH,2,0,ROTAFLORA,ROTAFLORAH,base,multi_word,development
partial_eada8812179e21d6,parts,full_name_two_parts,MEGAVITAMINCOAT EDCAPLETSILLEGALIMPORT,MEGAVITAMINCOAT;EDCAPLETSILLEGALIMPORT,2,0,MEGA VITA MIN COATED CAPLETS ILLEGAL IMPORT,MEGAVITAMINCOATEDCAPLETSILLEGALIMPORT,base,multi_word,development
partial_eb041c66d60d702a,parts,full_name_three_parts,GLIXS UNSCR EENSPF,GLIXS;UNSCR;EENSPF,3,0,GLIX SUNSCREEN SPF,GLIXSUNSCREENSPF,base,multi_word,development
partial_eb0d4d2ac965f161,parts,full_name_two_parts,LIMITLESSSTE VIAORIGINALSTICKS,LIMITLESSSTE;VIAORIGINALSTICKS,2,0,LIMITLESS,LIMITLESSSTEVIAORIGINALSTICKS,base,multi_word,holdout
partial_eb0f0a87d132f7be,parts,full_name_three_parts,SER ELAN OCAM,SER;ELAN;OCAM,3,0,SERELANOCAM,SERELANOCAM,base,single_word,development
partial_eb154c5b333dd2b2,parts,full_name_two_parts,MASSIN NOVA,MASSIN;NOVA,2,0,MASSINNOVA,MASSINNOVA,base,single_word,development
partial_eb1cbee65521d49b,parts,three_ordered_exact,SVR ARB F20,SVR;ARB;F20,3,0,SVR SEBIACLEAR BB CREME SPF20,SVRSEBIACLEARBBCREMESPF20,base,multi_word,development
partial_eb32600172b6b310,parts,full_name_two_parts,EGY CUSATE,EGY;CUSATE,2,0,EGYCUSATE,EGYCUSATE,base,single_word,development
partial_eb4196917527eeaa,parts,one_prefix_grapheme,SFNAI,SFNAI,1,0,SFN NAIL MYCOSIS,SFNNAILMYCOSIS,base,multi_word,development
partial_eb77874f0f738f65,parts,full_name_two_parts,EXCEDRINPMCAPLET SNA,EXCEDRINPMCAPLET;SNA,2,0,EXCEDRIN P M CAPLETS N A,EXCEDRINPMCAPLETSNA,base,multi_word,development
partial_eb92fd86cdc7dfc5,parts,full_name_three_parts,AL FAS KIN,AL;FAS;KIN,3,0,ALFASKIN,ALFASKIN,base,single_word,development
partial_eba62c5407a764bb,parts,one_suffix_exact,EZIM,EZIM,1,0,AFREZIM,AFREZIM,base,single_word,holdout
partial_ebb631533e651081,parts,full_name_two_parts,RHINOS TOP,RHINOS;TOP,2,0,RHINOSTOP,RHINOSTOP,base,single_word,development
partial_ebbaac036fd12e63,parts,three_ordered_exact,SPE RAB SPF,SPE;RAB;SPF,3,0,SPECTRABAN SPF,SPECTRABANSPF,base,multi_word,holdout
partial_ebc0d35b7f77fb24,parts,three_ordered_exact,BAR SPF ILK,BAR;SPF;ILK,3,0,BARIESUN,BARIESUNSPFKIDSMILK,base,multi_word,development
partial_ebdfa1e96b4a2686,parts,one_internal_exact,AINH,AINH,1,0,MUSTELA,MUSTELAINHAIRBODY,base,multi_word,development
partial_ebf06513be226504,parts,full_name_two_parts,AQUALARMINT ENSIVEUD,AQUALARMINT;ENSIVEUD,2,0,AQUALARM,AQUALARMINTENSIVEUD,base,multi_word,holdout
partial_ebf56f65f3ec721b,parts,full_name_two_parts,AKNE MYCIN,AKNE;MYCIN,2,0,AKNEMYCIN,AKNEMYCIN,base,single_word,development
partial_ec048d28bcacc36d,parts,full_name_three_parts,OSSOFO RTINORI GINALD2,OSSOFO;RTINORI;GINALD2,3,0,OSSOFORTIN,OSSOFORTINORIGINALD2,base,multi_word,development
partial_ec0bfef11df17f70,parts,full_name_two_parts,ASPIRIN PROTECT,ASPIRIN;PROTECT,2,0,ASPIRIN PROTECT,ASPIRINPROTECT,base,multi_word,development
partial_ec1d3cc327726de2,parts,two_edges_second_typo,HOFF CHAT,HOFF;CHAT,2,1,HOFFLADY SACHET,HOFFLADYSACHET,base,multi_word,development
partial_ec4131aac0a3d6ce,parts,full_name_two_parts,CARNITINE MARVEL,CARNITINE;MARVEL,2,0,CARNITINE MARVEL,CARNITINEMARVEL,base,multi_word,development
partial_ec46d343f31d85e4,parts,full_name_two_parts,IVY ZAD,IVY;ZAD,2,0,IVY ZAD,IVYZAD,base,multi_word,holdout
partial_ec50619221402d2f,parts,one_suffix_exact,KORI,KORI,1,0,XALKORI,XALKORI,base,single_word,holdout
partial_ec56c47ad9feb8b7,parts,full_name_three_parts,PANTHO VERAHA IRLOTON,PANTHO;VERAHA;IRLOTON,3,0,PANTHOVERA,PANTHOVERAHAIRLOTON,base,multi_word,development
partial_ec79154b96f624f1,parts,full_name_two_parts,GASPEP SIASOFTGELATIN,GASPEP;SIASOFTGELATIN,2,0,GASPEPSIA SOFT GELATIN,GASPEPSIASOFTGELATIN,base,multi_word,development
partial_ec821283ab44b18d,parts,two_edges_exact,BRIV UTAL,BRIV;UTAL,2,0,BRIVAFUTAL,BRIVAFUTAL,base,single_word,development
partial_ec9c3c074ca1dcd1,parts,two_edges_exact,SEBI YING,SEBI;YING,2,0,SEBIONEX,SEBIONEXMATTIFYING,base,multi_word,holdout
partial_ecc1bd40bbcb719c,parts,full_name_two_parts,HAIRQUEENHAIRNUTRIE NTS,HAIRQUEENHAIRNUTRIE;NTS,2,0,HAIR QUEEN HAIR NUTRIENTS,HAIRQUEENHAIRNUTRIENTS,base,multi_word,development
partial_eccf47e5f571326d,parts,full_name_two_parts,ARA BZINC,ARA;BZINC,2,0,ARABZINC,ARABZINC,base,single_word,development
partial_eccf9d1b085639d1,parts,two_edges_second_typo,CASP NDAZ,CASP;NDAZ,2,1,CASPOFUNGIN SANDOZ,CASPOFUNGINSANDOZ,base,multi_word,development
partial_ecdbe84e50b56961,parts,full_name_three_parts,ME JEN DEL,ME;JEN;DEL,3,0,MEJENDEL,MEJENDEL,base,single_word,development
partial_ece1adddaad125c7,parts,full_name_two_parts,VICHYIDEAL SOLEILSELFTANNER,VICHYIDEAL;SOLEILSELFTANNER,2,0,VICHY,VICHYIDEALSOLEILSELFTANNER,base,multi_word,development
partial_ece508cdf710f8d4,parts,one_internal_exact,RCOC,RCOC,1,0,FARCOCIN,FARCOCIN,base,single_word,development
partial_ecf9d35bb25860f9,parts,full_name_two_parts,LIMITL ESSMANMAX,LIMITL;ESSMANMAX,2,0,LIMITLESS,LIMITLESSMANMAX,base,multi_word,holdout
partial_ed02b8d4401a2739,parts,two_edges_exact,COLD TROL,COLD;TROL,2,0,COLD CONTROL,COLDCONTROL,base,multi_word,holdout
partial_ed030020c4c65ec1,parts,two_edges_second_typo,BILT AIDE,BILT;AIDE,2,1,BILTRICIDE,BILTRICIDE,base,single_word,development
partial_ed0e569d3846f9e6,parts,full_name_two_parts,DUCRAY CREASTIM,DUCRAY;CREASTIM,2,0,DUCRAY,DUCRAYCREASTIM,base,multi_word,holdout
partial_ed378940b89b259a,parts,three_ordered_exact,NEU VES ING,NEU;VES;ING,3,0,NEUTH,NEUTHRESTORATIVESYSTEMANTIAGING,base,multi_word,development
partial_ed383343632774ea,parts,three_ordered_exact,MOU ULT INS,MOU;ULT;INS,3,0,MOUNJELLY MULTIVITAMINS,MOUNJELLYMULTIVITAMINS,base,multi_word,development
partial_ed5b15e9de759733,parts,full_name_two_parts,AMRI ZOLEN,AMRI;ZOLEN,2,0,AMRIZOLE,AMRIZOLEN,base,multi_word,development
partial_ed60da4e9a3efb1d,parts,full_name_two_parts,ANTHELIOSSPFSMOOTHINGOP TICALBLUR,ANTHELIOSSPFSMOOTHINGOP;TICALBLUR,2,0,ANTHELIOS,ANTHELIOSSPFSMOOTHINGOPTICALBLUR,base,multi_word,development
partial_ed68735c4df66092,parts,full_name_two_parts,LIMITLESSFEMBOOSTO RIGINAL,LIMITLESSFEMBOOSTO;RIGINAL,2,0,LIMITLESS,LIMITLESSFEMBOOSTORIGINAL,base,multi_word,holdout
partial_eda38fb44286289e,parts,full_name_two_parts,TOPO PRAZAN,TOPO;PRAZAN,2,0,TOPOPRAZAN,TOPOPRAZAN,base,single_word,development
partial_edae313ea385265b,parts,two_edges_exact,SUPE EAST,SUPE;EAST,2,0,SUPER YEAST,SUPERYEAST,base,multi_word,holdout
partial_edb851e18e613b8e,parts,full_name_two_parts,CHLOROPHENA LEX,CHLOROPHENA;LEX,2,0,CHLOROPHENALEX,CHLOROPHENALEX,base,single_word,development
partial_edc702a2d7ebba40,parts,full_name_two_parts,ACTIV EMANNATURESAID,ACTIV;EMANNATURESAID,2,0,ACTIVE MAN NATURES AID,ACTIVEMANNATURESAID,base,multi_word,development
partial_ede25550cd5299a8,parts,full_name_two_parts,VI TAMINK,VI;TAMINK,2,0,VITAMIN K,VITAMINK,base,multi_word,development
partial_edfc93d8ff9c87ab,parts,full_name_two_parts,ELAS TICINDS,ELAS;TICINDS,2,0,ELASTICIN,ELASTICINDS,base,multi_word,holdout
partial_ee32ef537273f5b5,parts,full_name_two_parts,ABCI MMUNE,ABCI;MMUNE,2,0,ABC IMMUNE,ABCIMMUNE,base,multi_word,development
partial_ee3f90af1923fa4b,parts,full_name_two_parts,APOM EFLOQUINE,APOM;EFLOQUINE,2,0,APO MEFLOQUINE,APOMEFLOQUINE,base,multi_word,development
partial_ee521c613120572d,parts,three_ordered_middle_typo,ZIN BAA LLY,ZIN;BAA;LLY,3,1,ZINOBACILLY,ZINOBACILLY,base,single_word,holdout
partial_ee5fd02891163b55,parts,full_name_two_parts,VIC HYPURETETHERMALEIN1ONESTEPCLEANSERMICELLAR,VIC;HYPURETETHERMALEIN1ONESTEPCLEANSERMICELLAR,2,0,VICHY,VICHYPURETETHERMALEIN1ONESTEPCLEANSERMICELLAR,base,multi_word,development
partial_ee79d63931099929,parts,one_internal_exact,CEBO,CEBO,1,0,NICE BODY,NICEBODY,base,multi_word,development
partial_eeae47fd0654931c,parts,two_edges_second_typo,NASO CARA,NASO;CARA,2,1,NASOPECTRA,NASOPECTRA,base,single_word,development
partial_eec08c765164e2d9,parts,full_name_two_parts,OPTIFR ESH,OPTIFR;ESH,2,0,OPTIFRESH,OPTIFRESH,base,single_word,development
partial_eec5c67f87d26aec,parts,full_name_two_parts,NI ZAPEX,NI;ZAPEX,2,0,NIZAPEX,NIZAPEX,base,single_word,development
partial_ef1f2f7353cd2315,parts,full_name_two_parts,DEPA WAY,DEPA;WAY,2,0,DEPAWAY,DEPAWAY,base,single_word,development
partial_ef50ac791356becc,parts,two_edges_exact,QUET AZIC,QUET;AZIC,2,0,QUETIAZIC,QUETIAZIC,base,single_word,development
partial_ef51d57ba9cc77fb,parts,full_name_two_parts,PULID OGENICAWHITENING,PULID;OGENICAWHITENING,2,0,PULIDO GENICA WHITENING,PULIDOGENICAWHITENING,base,multi_word,development
partial_ef625ea8661276f3,parts,two_edges_second_typo,EVER MESK,EVER;MESK,2,1,EVERYOUTH,EVERYOUTHRESTORATIVEHAIRMASK,base,multi_word,development
partial_ef670e779f07df1d,parts,two_edges_first_typo,AVAT ESYT,AVAT;ESYT,2,1,IVATHERM,IVATHERMIVAPURAAKNESYT,base,multi_word,development
partial_ef6b5f326ead406e,parts,one_internal_exact,NDOC,NDOC,1,0,GRANDOCALN,GRANDOCALN,base,single_word,development
partial_ef8fdbd7ca5149ad,parts,full_name_two_parts,RO TAMAGMALATEH,RO;TAMAGMALATEH,2,0,ROTAMAG,ROTAMAGMALATEH,base,multi_word,development
partial_efab7837b1f9b592,parts,two_edges_second_typo,HEPT ANOL,HEPT;ANOL,2,1,HEPTAMINOL,HEPTAMINOL,base,single_word,development
partial_efb90cbb4c8f1fc3,parts,full_name_two_parts,SKINOVAIM AGEFOOT,SKINOVAIM;AGEFOOT,2,0,SKINOVA,SKINOVAIMAGEFOOT,base,multi_word,development
partial_efc2c46ff8d7c74d,parts,full_name_two_parts,DEBEDONEANTISEP TIC,DEBEDONEANTISEP;TIC,2,0,DEBEDONE,DEBEDONEANTISEPTIC,base,multi_word,development
partial_efeb493379c8cb51,parts,full_name_two_parts,DIGE STRAW,DIGE;STRAW,2,0,DIGEST RAW,DIGESTRAW,base,multi_word,holdout
partial_f00e6b8808321775,parts,full_name_two_parts,MA SHSUNBLOCKSPF,MA;SHSUNBLOCKSPF,2,0,MASH SUN BLOCK SPF,MASHSUNBLOCKSPF,base,multi_word,development
partial_f01b95f38c6eac7c,parts,full_name_two_parts,HERBALANDIRON ADULTSGUMMIES,HERBALANDIRON;ADULTSGUMMIES,2,0,HERBALAND,HERBALANDIRONADULTSGUMMIES,base,multi_word,development
partial_f0251c79ff392c81,parts,full_name_two_parts,ISISPEPPERMINTFILTERB AGS,ISISPEPPERMINTFILTERB;AGS,2,0,ISIS PEPPERMINT FILTER BAGS,ISISPEPPERMINTFILTERBAGS,base,multi_word,development
partial_f02b991e4f95fba4,parts,full_name_two_parts,FARCOBR ASONE,FARCOBR;ASONE,2,0,FARCOBRASONE,FARCOBRASONE,base,single_word,development
partial_f0654747b8c85a22,parts,full_name_two_parts,BEESLINEDEOWHITENINGH AIRDELAYING,BEESLINEDEOWHITENINGH;AIRDELAYING,2,0,BEESLINE,BEESLINEDEOWHITENINGHAIRDELAYING,base,multi_word,holdout
partial_f081d771998e9f6d,parts,full_name_two_parts,REFLUX ELOC,REFLUX;ELOC,2,0,REFLUXELOC,REFLUXELOC,base,single_word,development
partial_f0865a05e132caf7,parts,two_edges_first_typo,AESO NIOR,AESO;NIOR,2,1,RESOURCE,RESOURCEJUNIOR,base,multi_word,development
partial_f0880e1da7aa36b2,parts,full_name_two_parts,MONOS HIELD,MONOS;HIELD,2,0,MONOSHIELD,MONOSHIELD,base,single_word,development
partial_f08e00674a5cb0f3,parts,full_name_two_parts,DET OREX,DET;OREX,2,0,DETOREX,DETOREX,base,single_word,holdout
partial_f0954e3c1658fcf8,parts,full_name_three_parts,HEP ATOV IRIN,HEP;ATOV;IRIN,3,0,HEPATOVIRIN,HEPATOVIRIN,base,single_word,development
partial_f0db316a5e55ca30,parts,full_name_two_parts,LOWTIM IBCOMP,LOWTIM;IBCOMP,2,0,LOWTIMIB,LOWTIMIBCOMP,base,multi_word,development
partial_f0e07e49b0a93731,parts,full_name_two_parts,NEWTO NOSCALPINESCALP,NEWTO;NOSCALPINESCALP,2,0,NEW TONOSCALPINE SCALP,NEWTONOSCALPINESCALP,base,multi_word,holdout
partial_f0ec13be3fc6366a,parts,one_internal_typo,YAAP,YAAP,1,1,SYNAPSE,SYNAPSE,family_head,single_word,development
partial_f0fae219cec845e5,parts,full_name_two_parts,MENTOT HICONE,MENTOT;HICONE,2,0,MENTOTHICONE,MENTOTHICONE,base,single_word,development
partial_f11b4002273b30c0,parts,three_ordered_middle_typo,MER STE KYL,MER;STE;KYL,3,1,MEROSTARKYL,MEROSTARKYL,base,single_word,development
partial_f123d022118ee393,parts,full_name_two_parts,EVOMA SH,EVOMA;SH,2,0,EVOMASH,EVOMASH,base,single_word,development
partial_f13d57c8e7e937ba,parts,full_name_two_parts,BIO TENE,BIO;TENE,2,0,BIOTENE,BIOTENE,base,single_word,development
partial_f14f9ac7292266d4,parts,one_internal_exact,POLU,POLU,1,0,DEPO LUTIN,DEPOLUTIN,base,multi_word,development
partial_f1536b07e3909472,parts,full_name_two_parts,CEPH ARIN,CEPH;ARIN,2,0,CEPHARIN,CEPHARIN,base,single_word,holdout
partial_f15b64c52b97a58c,parts,full_name_two_parts,CAVE RO,CAVE;RO,2,0,CAVERO,CAVERO,base,single_word,development
partial_f17de38a29131df9,parts,three_ordered_middle_typo,SVR ABA SIF,SVR;ABA;SIF,3,1,SVR TOPIALYSE BAUME INTENSIF,SVRTOPIALYSEBAUMEINTENSIF,base,multi_word,development
partial_f1862c0ddb1ee7b3,parts,full_name_two_parts,CORTOPECTA DVANCE,CORTOPECTA;DVANCE,2,0,CORTOPECT,CORTOPECTADVANCE,base,multi_word,development
partial_f19c312234ca00f8,parts,full_name_two_parts,SEPT AZOLE,SEPT;AZOLE,2,0,SEPTAZOLE,SEPTAZOLE,base,single_word,holdout
partial_f1c5f42f5330b06e,parts,one_prefix_exact,LITO,LITO,1,0,LITOMEN,LITOMEN,base,single_word,development
partial_f1ccb47019d1f737,parts,full_name_two_parts,MAROTINGA HARDGELATIN,MAROTINGA;HARDGELATIN,2,0,MAROTINGA HARD GELATIN,MAROTINGAHARDGELATIN,base,multi_word,holdout
partial_f1eac54f2f588794,parts,one_internal_exact,THRE,THRE,1,0,DETHREA D,DETHREAD,base,multi_word,development
partial_f21591063754c9f4,parts,full_name_two_parts,MAD DOXMULTIVITAMIN,MAD;DOXMULTIVITAMIN,2,0,MADDOX,MADDOXMULTIVITAMIN,base,multi_word,development
partial_f21d3c5ecfbf317b,parts,three_ordered_exact,CAN VIT ND3,CAN;VIT;ND3,3,0,CANDY VITMIN D3,CANDYVITMIND3,base,multi_word,development
partial_f22bf072986837c9,parts,full_name_two_parts,TAUROLOCKHEP500CATHETERL OCK,TAUROLOCKHEP500CATHETERL;OCK,2,0,TAUROLOCK,TAUROLOCKHEP500CATHETERLOCK,base,multi_word,development
partial_f2417173160bc5e5,parts,two_edges_first_typo,GEMA BEWE,GEMA;BEWE,2,1,GEMCITABIN EBEWE,GEMCITABINEBEWE,base,multi_word,holdout
partial_f24bd6c889926b8f,parts,full_name_two_parts,ALOEKIT AHAIRCONDITIONER,ALOEKIT;AHAIRCONDITIONER,2,0,ALOEKITA,ALOEKITAHAIRCONDITIONER,base,multi_word,development
partial_f255a99eeefb7712,parts,full_name_two_parts,CHLOROQUI NEPHOSPHATE,CHLOROQUI;NEPHOSPHATE,2,0,CHLOROQUINE PHOSPHATE,CHLOROQUINEPHOSPHATE,base,multi_word,development
partial_f2c149c7d663097b,parts,full_name_two_parts,ME PAROSE,ME;PAROSE,2,0,MEPAROSE,MEPAROSE,base,single_word,holdout
partial_f2d2ace6d0886a6f,parts,full_name_two_parts,PH ARMACERISWANTIDARKCIRCLESCORRECTIVE,PH;ARMACERISWANTIDARKCIRCLESCORRECTIVE,2,0,PHARMACERIS,PHARMACERISWANTIDARKCIRCLESCORRECTIVE,base,multi_word,development
partial_f327c013dd2eaea8,parts,full_name_two_parts,CORDAL EN,CORDAL;EN,2,0,CORDALEN,CORDALEN,base,single_word,development
partial_f32b15fe836f8c7a,parts,two_edges_exact,AVEN ONER,AVEN;ONER,2,0,AVENE,AVENEGENTLETONER,base,multi_word,holdout
partial_f346836177784f01,parts,full_name_two_parts,LEVEM IRFLEXPEN,LEVEM;IRFLEXPEN,2,0,LEVEMIR,LEVEMIRFLEXPEN,base,multi_word,development
partial_f3559eac9cc89b80,parts,full_name_two_parts,VILLABORGHINIDRYH AIR,VILLABORGHINIDRYH;AIR,2,0,VILLA,VILLABORGHINIDRYHAIR,base,multi_word,development
partial_f3af7100d3a471b5,parts,full_name_two_parts,VILLABORGHINIANAGENH AIRLOSSTREATMENTDAYS,VILLABORGHINIANAGENH;AIRLOSSTREATMENTDAYS,2,0,VILLA,VILLABORGHINIANAGENHAIRLOSSTREATMENTDAYS,base,multi_word,development
partial_f3cb366390114f11,parts,full_name_three_parts,MON ODE XIN,MON;ODE;XIN,3,0,MONODEXIN,MONODEXIN,base,single_word,development
partial_f3cbc8657475aedf,parts,full_name_two_parts,SED ANEURIN,SED;ANEURIN,2,0,SEDANEURIN,SEDANEURIN,base,single_word,holdout
partial_f3d8a115026d94c9,parts,two_edges_second_typo,TAUR LOAK,TAUR;LOAK,2,1,TAUROLOCK,TAUROLOCKHEP500CATHETERLOCK,base,multi_word,development
partial_f3e322142ef8a46b,parts,full_name_two_parts,PINAVA SC,PINAVA;SC,2,0,PINAVASC,PINAVASC,base,single_word,development
partial_f3e77e208636e086,parts,full_name_two_parts,PANTHOVERA HAIR,PANTHOVERA;HAIR,2,0,PANTHOVERA,PANTHOVERAHAIR,base,multi_word,development
partial_f3f1bbfb83ae90d7,parts,one_internal_exact,UNAF,UNAF,1,0,BARIESUN,BARIESUNAFTERSUN,base,multi_word,development
partial_f3f238e58df5fda1,parts,one_suffix_exact,PROP,PROP,1,0,ACANTHAPROP,ACANTHAPROP,base,single_word,holdout
partial_f3f2604fb56e9f36,parts,two_edges_exact,RUTI SEBA,RUTI;SEBA,2,0,RUTIN SEBA,RUTINSEBA,base,multi_word,holdout
partial_f3feb840dd6530a1,parts,full_name_three_parts,ECOSE NSEON ETONE,ECOSE;NSEON;ETONE,3,0,ECOSENSE,ECOSENSEONETONE,base,multi_word,development
partial_f42d4dc3fde4fab5,parts,three_ordered_middle_typo,PHY CAA SAL,PHY;CAA;SAL,3,1,PHYSIOMER,PHYSIOMEREUCALYPTUSNASAL,base,multi_word,development
partial_f43547652dde559c,parts,full_name_two_parts,ISISTILIAFI LTERBAGS,ISISTILIAFI;LTERBAGS,2,0,ISIS TILIA FILTER BAGS,ISISTILIAFILTERBAGS,base,multi_word,development
partial_f4576242d40bc417,parts,full_name_two_parts,RANGIER LINE,RANGIER;LINE,2,0,RANGIER,RANGIERLINE,base,multi_word,development
partial_f461683007186ba8,parts,full_name_two_parts,OCHAIRELEG ANCEMASSAGE,OCHAIRELEG;ANCEMASSAGE,2,0,OCHAIR ELEGANCE MASSAGE,OCHAIRELEGANCEMASSAGE,base,multi_word,holdout
partial_f46a436fe81f1432,parts,full_name_two_parts,KLOZE PAM,KLOZE;PAM,2,0,KLOZEPAM,KLOZEPAM,base,single_word,development
partial_f476cc9b1ad609da,parts,two_edges_second_typo,OPTI UAIN,OPTI;UAIN,2,1,OPTIFUCIN,OPTIFUCIN,base,single_word,development
partial_f476d9ac9554fb70,parts,full_name_two_parts,CONTR APLANII,CONTR;APLANII,2,0,CONTRAPLAN II,CONTRAPLANII,base,multi_word,development
partial_f4a04c3c0eef837b,parts,full_name_two_parts,NEOMYCINPOLYMYXINBSULFATESBA CITRACINZINC,NEOMYCINPOLYMYXINBSULFATESBA;CITRACINZINC,2,0,NEOMYCIN,NEOMYCINPOLYMYXINBSULFATESBACITRACINZINC,base,multi_word,development
partial_f4ce90003b50bc13,parts,full_name_two_parts,PRIMAGROWTH CHILDREN,PRIMAGROWTH;CHILDREN,2,0,PRIMA,PRIMAGROWTHCHILDREN,base,multi_word,development
partial_f4e06e660ca62a2b,parts,full_name_two_parts,REMOMOISTURIZING SKIN,REMOMOISTURIZING;SKIN,2,0,REMO MOISTURIZING SKIN,REMOMOISTURIZINGSKIN,base,multi_word,holdout
partial_f50b7ff2811adece,parts,one_internal_exact,IAPA,IAPA,1,0,TIAPAIR,TIAPAIR,base,single_word,development
partial_f533ad35db926ee0,parts,full_name_two_parts,DEXI GLOFOZIN,DEXI;GLOFOZIN,2,0,DEXIGLOFOZIN,DEXIGLOFOZIN,base,single_word,holdout
partial_f539bd516d0cbaa9,parts,two_edges_exact,ORAC ERDE,ORAC;ERDE,2,0,ORACIN,ORACINVERDE,base,multi_word,development
partial_f53c2c054582f1b7,parts,full_name_two_parts,REN OSTRITE,REN;OSTRITE,2,0,RENOSTRITE,RENOSTRITE,base,single_word,development
partial_f54c6f8e67686411,parts,full_name_two_parts,TOLE VOMR,TOLE;VOMR,2,0,TOLEVO M R,TOLEVOMR,base,multi_word,development
partial_f563c1d54575503e,parts,full_name_two_parts,NE WTIGERPOROUSPLASTER,NE;WTIGERPOROUSPLASTER,2,0,TIGER,NEWTIGERPOROUSPLASTER,base,multi_word,development
partial_f5791ba4a7f8b2f8,parts,full_name_two_parts,IVYWONDERMOIS TURIZING,IVYWONDERMOIS;TURIZING,2,0,IVYWONDER,IVYWONDERMOISTURIZING,base,multi_word,development
partial_f58c684ad7f30cca,parts,one_prefix_exact,UROG,UROG,1,0,UROGILBLAD,UROGILBLAD,base,single_word,development
partial_f591fd4eab7c1aa5,parts,full_name_two_parts,BONAD ATON,BONAD;ATON,2,0,BONADATON,BONADATON,base,single_word,development
partial_f5a689ba9327c9ff,parts,one_internal_typo,XB1A,XB1A,1,1,VITALOX,VITALOXB12ENERGY,base,multi_word,development
partial_f5b5fe0736bfd755,parts,full_name_two_parts,AVA NTOSIS,AVA;NTOSIS,2,0,AVANTOSIS,AVANTOSIS,base,single_word,development
partial_f5c6679102cafb55,parts,full_name_two_parts,NEWAKIMHA IROIL,NEWAKIMHA;IROIL,2,0,NEW AKIM HAIR OIL,NEWAKIMHAIROIL,base,multi_word,development
partial_f5f3aa42370afc10,parts,one_internal_typo,LIEE,LIEE,1,1,JULIEA TEA,JULIEATEA,base,multi_word,development
partial_f608d606d240b31b,parts,two_edges_first_typo,VITA SOLN,VITA;SOLN,2,1,VITROCURE SOLN,VITROCURESOLN,base,multi_word,development
partial_f6181a77cb57d337,parts,three_ordered_middle_typo,ELE TAO ASH,ELE;TAO;ASH,3,1,ELECTRO MASH,ELECTROMASH,base,multi_word,development
partial_f62a7ea83fb17bbd,parts,full_name_two_parts,AR GIFEMINTIMATEFEMININE,AR;GIFEMINTIMATEFEMININE,2,0,ARGIFEM INTIMATE FEMININE,ARGIFEMINTIMATEFEMININE,base,multi_word,development
partial_f63b7e5d11c1d88a,parts,full_name_two_parts,CARNI TINEZINC,CARNI;TINEZINC,2,0,CARNITINE ZINC,CARNITINEZINC,base,multi_word,holdout
partial_f65c9fbdcb954fcf,parts,full_name_two_parts,GEN EXOL,GEN;EXOL,2,0,GENEXOL,GENEXOL,base,single_word,holdout
partial_f660ad3eccb162d6,parts,full_name_two_parts,BRO NCHALIN,BRO;NCHALIN,2,0,BRONCHALIN,BRONCHALIN,base,single_word,development
partial_f664e95883a3a977,parts,full_name_two_parts,GYNOTARDYF ERON,GYNOTARDYF;ERON,2,0,GYNO TARDYFERON,GYNOTARDYFERON,base,multi_word,development
partial_f675732f94b5f9c4,parts,full_name_two_parts,MYVI BEAUTY,MYVI;BEAUTY,2,0,MYVI BEAUTY,MYVIBEAUTY,base,multi_word,development
partial_f6888088ddd6bee7,parts,full_name_three_parts,SEN SOV IVE,SEN;SOV;IVE,3,0,SENSOVIVE,SENSOVIVE,base,single_word,holdout
partial_f6b98672139a7083,parts,one_internal_exact,NOTE,NOTE,1,0,SYNOTERNA,SYNOTERNA,base,single_word,development
partial_f6d607d110ec0b1f,parts,two_edges_second_typo,SUPP UITA,SUPP;UITA,2,1,SUPPORTAN DRINK TROPICAL FRUITS,SUPPORTANDRINKTROPICALFRUITS,base,multi_word,development
partial_f6eede90899c5002,parts,full_name_two_parts,VENTOLI NROTACAPS,VENTOLI;NROTACAPS,2,0,VENTOLIN,VENTOLINROTACAPS,base,multi_word,development
partial_f6fd21158c9465c2,parts,full_name_two_parts,GLU TANA,GLU;TANA,2,0,GLUTANA,GLUTANA,base,single_word,development
partial_f7102efb89f5c0b2,parts,one_suffix_exact,MD3F,MD3F,1,0,CALCIUM D3F,CALCIUMD3F,base,multi_word,development
partial_f73f45ce1ace42ed,parts,one_prefix_grapheme,BELFE,BELFE,1,0,BELLFERO PIECE,BELLFEROPIECE,base,multi_word,holdout
partial_f7cd29a23ae4f1ad,parts,full_name_two_parts,ME DIANB12,ME;DIANB12,2,0,MEDIAN B12,MEDIANB12,base,multi_word,development
partial_f7cd9d2a1848c5d0,parts,full_name_two_parts,TRYPS OFASTORIGINAL,TRYPS;OFASTORIGINAL,2,0,TRYPSOFAST ORIGINAL,TRYPSOFASTORIGINAL,base,multi_word,development
partial_f7edc3c1da82a7d6,parts,full_name_two_parts,GANDACA REVIT,GANDACA;REVIT,2,0,GANDACARE VIT,GANDACAREVIT,base,multi_word,development
partial_f81df53c70add5ed,parts,full_name_two_parts,LUBRIVI SC,LUBRIVI;SC,2,0,LUBRIVISC,LUBRIVISC,base,single_word,development
partial_f84356b22a7cf815,parts,one_suffix_exact,OPAR,OPAR,1,0,RITOPAR,RITOPAR,base,single_word,development
partial_f85a6e3bf99c98ff,parts,three_ordered_middle_typo,MAR DAA MPO,MAR;DAA;MPO,3,1,MAROLET,MAROLETANTIDANDRUFFSHAMPO,base,multi_word,holdout
partial_f87026c544250ab1,parts,three_ordered_middle_typo,ENZ MET YPS,ENZ;MET;YPS,3,1,ENZYMATRYPS,ENZYMATRYPS,base,single_word,holdout
partial_f87932700c9a7ebd,parts,full_name_two_parts,COGETROP INEMESYLATE,COGETROP;INEMESYLATE,2,0,COGETROPINE MESYLATE,COGETROPINEMESYLATE,base,multi_word,development
partial_f8968a2ef018b1b6,parts,two_edges_first_typo,PRAT AXFE,PRAT;AXFE,2,1,PROTIMAX,PROTIMAXFE,base,multi_word,development
partial_f89dd76040a1f3c6,parts,one_internal_typo,AAXL,AAXL,1,1,PANAX LIFE,PANAXLIFE,base,multi_word,development
partial_f8c76a2c0125ba9d,parts,one_prefix_exact,EZAM,EZAM,1,0,EZAMOL,EZAMOL,base,single_word,development
partial_f8d8df4fc2145631,parts,full_name_two_parts,MINER AVITSOFTGELATIN,MINER;AVITSOFTGELATIN,2,0,MINERAVIT SOFT GELATIN,MINERAVITSOFTGELATIN,base,multi_word,holdout
partial_f8dcd4d3b6fa59a3,parts,full_name_two_parts,CAPIXYANTI HAIRLOSS,CAPIXYANTI;HAIRLOSS,2,0,CAPIXY,CAPIXYANTIHAIRLOSS,base,multi_word,development
partial_f8e9b6dcd1a14d47,parts,three_ordered_exact,DEL YTI ZEM,DEL;YTI;ZEM,3,0,DELAY TIAZEM,DELAYTIAZEM,base,multi_word,development
partial_f910788a6acdb6ee,parts,full_name_two_parts,VICHY NORMADERMDOUBLECORRECTIONDAILYCARE,VICHY;NORMADERMDOUBLECORRECTIONDAILYCARE,2,0,VICHY,VICHYNORMADERMDOUBLECORRECTIONDAILYCARE,base,multi_word,development
partial_f962ceae800bd2bd,parts,two_edges_exact,PROG EAIT,PROG;EAIT,2,0,PROGESTERONE AIT,PROGESTERONEAIT,base,multi_word,holdout
partial_f972b08cf081e33a,parts,full_name_two_parts,INTEG ROLAX,INTEG;ROLAX,2,0,INTEGROLAX,INTEGROLAX,base,single_word,development
partial_f983aec53c989a2c,parts,full_name_two_parts,OMEGALUMEOMEGA3VI TD,OMEGALUMEOMEGA3VI;TD,2,0,OMEGALUME OMEGA3 VIT D,OMEGALUMEOMEGA3VITD,base,multi_word,holdout
partial_f98ee525f38cbcb5,parts,two_edges_exact,MONT ARAB,MONT;ARAB,2,0,MONTEARAB,MONTEARAB,base,single_word,development
partial_f9b0fa84788fc0d2,parts,full_name_two_parts,ALPHACHYMOT RYPSIN,ALPHACHYMOT;RYPSIN,2,0,ALPHACHYMOTRYPSIN,ALPHACHYMOTRYPSIN,base,single_word,holdout
partial_f9b574cbafc714b2,parts,two_edges_second_typo,VILL AURG,VILL;AURG,2,1,VILLAPURG,VILLAPURG,base,single_word,development
partial_f9bd04fa81efbdcc,parts,two_edges_second_typo,LIMI NMEX,LIMI;NMEX,2,1,LIMITLESS,LIMITLESSMANMAX,base,multi_word,holdout
partial_f9c461946cf003fe,parts,three_ordered_exact,KID LDR AD3,KID;LDR;AD3,3,0,KIDDY,KIDDYCALCHILDRENGUMMYCAD3,base,multi_word,holdout
partial_f9c51d70d1610f64,parts,two_edges_exact,EFFE URIN,EFFE;URIN,2,0,EFFECTURIN,EFFECTURIN,base,single_word,development
partial_fa0cd9697544563c,parts,full_name_two_parts,HYSEACRESTRUCTURI NGCARE,HYSEACRESTRUCTURI;NGCARE,2,0,HYSEAC,HYSEACRESTRUCTURINGCARE,base,multi_word,holdout
partial_fa1c5120aa7fa709,parts,full_name_two_parts,DECOB AKON,DECOB;AKON,2,0,DECOBAKON,DECOBAKON,base,single_word,development
partial_fa57fca39353b15f,parts,full_name_two_parts,CO LOSPASMIN,CO;LOSPASMIN,2,0,COLOSPASMIN,COLOSPASMIN,base,single_word,development
partial_fa5d824e827856de,parts,full_name_two_parts,NE PHROMED,NE;PHROMED,2,0,NEPHROMED,NEPHROMED,base,single_word,development
partial_fa6af845534dfd35,parts,full_name_two_parts,HO FFLASE3000ALU,HO;FFLASE3000ALU,2,0,HOFFLASE,HOFFLASE3000ALU,base,multi_word,development
partial_fa7dac336f44b114,parts,two_edges_second_typo,ACET YTAC,ACET;YTAC,2,1,ACETOLYTIC,ACETOLYTIC,base,single_word,development
partial_fa8e04834a08191b,parts,one_internal_typo,DATO,DATO,1,1,INDOTOPIC,INDOTOPIC,base,single_word,development
partial_fa90b834327da728,parts,two_edges_second_typo,CALC NATA,CALC;NATA,2,1,CALCIDRONATE,CALCIDRONATE,base,single_word,holdout
partial_fa9850569f48f943,parts,full_name_two_parts,CA LCIOST,CA;LCIOST,2,0,CALCI OST,CALCIOST,base,multi_word,development
partial_fac81ce52ed61224,parts,full_name_two_parts,SPASMOCAN ULASEDBITABCANCELLED,SPASMOCAN;ULASEDBITABCANCELLED,2,0,SPASMOCANULASE D BITAB CANCELLED,SPASMOCANULASEDBITABCANCELLED,base,multi_word,development
partial_face2710f6da4695,parts,full_name_two_parts,SUNSENSEFA CETINT,SUNSENSEFA;CETINT,2,0,SUNSENSE,SUNSENSEFACETINT,base,multi_word,development
partial_faf67a339b2c7bf0,parts,full_name_three_parts,GAT IGR AND,GAT;IGR;AND,3,0,GATIGRAND,GATIGRAND,base,single_word,development
partial_faf884a771745d39,parts,full_name_two_parts,CHANCYSUBLING UAL,CHANCYSUBLING;UAL,2,0,CHANCY SUBLINGUAL,CHANCYSUBLINGUAL,base,multi_word,development
partial_fb116053bf707842,parts,two_edges_first_typo,AEXI TEMP,AEXI;TEMP,2,1,MEXILITEMP,MEXILITEMP,base,single_word,development
partial_fb1be114841e0706,parts,full_name_two_parts,PORACLEA NFACIALCLEANSER,PORACLEA;NFACIALCLEANSER,2,0,PORACLEAN FACIAL CLEANSER,PORACLEANFACIALCLEANSER,base,multi_word,development
partial_fb2eb22c5d438835,parts,one_prefix_exact,ZENO,ZENO,1,0,ZENO CEDAL,ZENOCEDAL,base,multi_word,development
partial_fb413b410428ad2d,parts,full_name_two_parts,SAMANTA SACHETS,SAMANTA;SACHETS,2,0,SAMANTA SACHETS,SAMANTASACHETS,base,multi_word,development
partial_fb5560b6a41f323f,parts,full_name_two_parts,DOXORUBICINH EXAL,DOXORUBICINH;EXAL,2,0,DOXORUBICIN HEXAL,DOXORUBICINHEXAL,base,multi_word,development
partial_fb6d5783727d4820,parts,full_name_two_parts,SECU REHAND,SECU;REHAND,2,0,SECURE HAND,SECUREHAND,base,multi_word,holdout
partial_fb7c096bc4dab8a4,parts,full_name_two_parts,IQ UORAN,IQ;UORAN,2,0,IQUORAN,IQUORAN,base,single_word,holdout
partial_fbbdc84dd355804f,parts,two_edges_second_typo,VASO AENT,VASO;AENT,2,1,VASOTRENT,VASOTRENT,base,single_word,holdout
partial_fbcd17de299f299a,parts,full_name_two_parts,LO RAFAST,LO;RAFAST,2,0,LORAFAST,LORAFAST,base,single_word,development
partial_fbfee5d95357e195,parts,two_edges_exact,VITA QUID,VITA;QUID,2,0,VITALOX,VITALOXJUNIORLIQUID,base,multi_word,development
partial_fc14fc02f6106506,parts,full_name_two_parts,GIRLY HAIROIL,GIRLY;HAIROIL,2,0,GIRLY,GIRLYHAIROIL,base,multi_word,development
partial_fc1dcf5168a0dd68,parts,full_name_two_parts,MISHAMUL TIVITAMINS,MISHAMUL;TIVITAMINS,2,0,MISHA MULTIVITAMINS,MISHAMULTIVITAMINS,base,multi_word,development
partial_fc3c22763c2ac694,parts,full_name_two_parts,SELFORAHAIRSTRO NG,SELFORAHAIRSTRO;NG,2,0,SELFORA,SELFORAHAIRSTRONG,base,multi_word,holdout
partial_fc441bae8b1e6523,parts,full_name_two_parts,DERM ACLINICMOISTURIZING,DERM;ACLINICMOISTURIZING,2,0,DERMA,DERMACLINICMOISTURIZING,base,multi_word,development
partial_fc5d7193588c1408,parts,two_edges_first_typo,AOPI NIDE,AOPI;NIDE,2,1,TOPISONIDE,TOPISONIDE,base,single_word,development
partial_fc830121f8833125,parts,full_name_two_parts,PREMIERLACTOFERRI NVITAMIN,PREMIERLACTOFERRI;NVITAMIN,2,0,PREMIER,PREMIERLACTOFERRINVITAMIN,base,multi_word,development
partial_fc84b416c734faca,parts,full_name_two_parts,VICHYDERCOSAMINEXILCLINI CALMENMONODOSEHAIR,VICHYDERCOSAMINEXILCLINI;CALMENMONODOSEHAIR,2,0,VICHY,VICHYDERCOSAMINEXILCLINICALMENMONODOSEHAIR,base,multi_word,development
partial_fca0fb1d9e9fcab9,parts,full_name_two_parts,NUT RILASE,NUT;RILASE,2,0,NUTRILASE,NUTRILASE,base,single_word,development
partial_fcbaf216dd100228,parts,full_name_two_parts,AG ARLAPORTE,AG;ARLAPORTE,2,0,AGAR LA PORTE,AGARLAPORTE,base,multi_word,development
partial_fcdde41b00b4f1b9,parts,full_name_two_parts,AVEROFECT AN,AVEROFECT;AN,2,0,AVEROFECTAN,AVEROFECTAN,base,single_word,development
partial_fced62d1fbe25ecc,parts,full_name_two_parts,DEXTRO SE,DEXTRO;SE,2,0,DEXTROSE,DEXTROSE,base,single_word,development
partial_fcf1e12dec4e5f7e,parts,full_name_two_parts,SULC EFOZONE,SULC;EFOZONE,2,0,SULCEFOZONE,SULCEFOZONE,base,single_word,development
partial_fcfbbc11bd4c16f8,parts,full_name_two_parts,OMEGAGUMMYGOV ITA,OMEGAGUMMYGOV;ITA,2,0,OMEGA GUMMY GOVITA,OMEGAGUMMYGOVITA,base,multi_word,development
partial_fd0280fbb12e3600,parts,full_name_two_parts,SAN DIMMUNNEORAL,SAN;DIMMUNNEORAL,2,0,SANDIMMUN NEORAL,SANDIMMUNNEORAL,base,multi_word,development
partial_fd13d9e5c515c892,parts,full_name_three_parts,GRE ENCO FFEE,GRE;ENCO;FFEE,3,0,GREEN COFFEE,GREENCOFFEE,base,multi_word,holdout
partial_fd24a929b76a0d16,parts,two_edges_first_typo,GEST ROCT,GEST;ROCT,2,1,GASTPROCT,GASTPROCT,base,single_word,development
partial_fd3222613b501f99,parts,full_name_two_parts,PE NTOLATE,PE;NTOLATE,2,0,PENTOLATE,PENTOLATE,base,single_word,development
partial_fd49b5e82e62b635,parts,full_name_two_parts,BEESLINEINWHITENINGC LEANSER,BEESLINEINWHITENINGC;LEANSER,2,0,BEESLINE,BEESLINEINWHITENINGCLEANSER,base,multi_word,holdout
partial_fdab9efbdc82e24f,parts,three_ordered_exact,BON 00I SAL,BON;00I;SAL,3,0,BONINASAL 200I DOSE NASAL,BONINASAL200IDOSENASAL,base,multi_word,development
partial_fdd662b5b141e327,parts,full_name_two_parts,ENER ASHOTSDRINKABLE,ENER;ASHOTSDRINKABLE,2,0,ENERA SHOTS DRINKABLE,ENERASHOTSDRINKABLE,base,multi_word,holdout
partial_fdf04be988209598,parts,full_name_two_parts,OXIF REE,OXIF;REE,2,0,OXIFREE,OXIFREE,base,single_word,development
partial_fe16c6759fc60ddf,parts,full_name_three_parts,KI NDO FER,KI;NDO;FER,3,0,KINDOFER,KINDOFER,base,single_word,development
partial_fe6971070d07633b,parts,full_name_two_parts,WIN TRIAXONE,WIN;TRIAXONE,2,0,WINTRIAXONE,WINTRIAXONE,base,single_word,holdout
partial_fe70f58f21cccf2b,parts,full_name_two_parts,LASTLE RGE,LASTLE;RGE,2,0,LASTLERGE,LASTLERGE,base,single_word,development
partial_fe82ffb607bd8cb5,parts,one_internal_typo,ZAGA,ZAGA,1,1,ALZAGLOB,ALZAGLOB,base,single_word,development
partial_fe863980e471d5c9,parts,full_name_two_parts,FEROGLOBINLI QUID,FEROGLOBINLI;QUID,2,0,FEROGLOBIN,FEROGLOBINLIQUID,base,multi_word,development
partial_fea0200365db0f1d,parts,one_internal_exact,UREV,UREV,1,0,PEDIASURE,PEDIASUREVANILLA,base,multi_word,development
partial_fea53bb015241547,parts,three_ordered_exact,CHW TER TED,CHW;TER;TED,3,0,CHWAZEM ENTERIC COATED,CHWAZEMENTERICCOATED,base,multi_word,development
partial_feadc95eed3a2dee,parts,one_prefix_exact,VIGI,VIGI,1,0,VIGICALCY FILM COATED,VIGICALCYFILMCOATED,base,multi_word,development
partial_feb456e61ee89056,parts,full_name_two_parts,MAISTEROE AZX,MAISTEROE;AZX,2,0,MAISTERO EAZX,MAISTEROEAZX,base,multi_word,development
partial_fec8559cf80ccc4c,parts,two_edges_exact,VOCA LLES,VOCA;LLES,2,0,VOCALEIVE PASTILLES,VOCALEIVEPASTILLES,base,multi_word,development
partial_fee04804c045f613,parts,full_name_two_parts,SUM AGRAINE,SUM;AGRAINE,2,0,SUMAGRAINE,SUMAGRAINE,base,single_word,development
partial_ff1c1261e21bda11,parts,full_name_two_parts,PA RISHIASTAR,PA;RISHIASTAR,2,0,PARISHIA STAR,PARISHIASTAR,base,multi_word,development
partial_ff3b49f44a37d58d,parts,two_edges_exact,INTR LONE,INTR;LONE,2,0,INTRAGEL,INTRAGELONE,base,multi_word,holdout
partial_ff5946035beb196d,parts,full_name_two_parts,NUXECLARIFYI NG,NUXECLARIFYI;NG,2,0,NUXE CLARIFYING,NUXECLARIFYING,base,multi_word,holdout
partial_ff616ec1ca0d672e,parts,full_name_two_parts,MET ALIC,MET;ALIC,2,0,METALIC,METALIC,base,single_word,development
partial_ff6e94d1a3652d9a,parts,full_name_two_parts,BAMBINOMAAGHA RIBE,BAMBINOMAAGHA;RIBE,2,0,BAMBINO MAA GHARIBE,BAMBINOMAAGHARIBE,base,multi_word,development
partial_ff79f7e8b5826836,parts,full_name_two_parts,CALMS KIN,CALMS;KIN,2,0,CALM SKIN,CALMSKIN,base,multi_word,development
partial_ff7bb9fd8b3e5905,parts,full_name_two_parts,VIT APOINTANTIDANDRUFF,VIT;APOINTANTIDANDRUFF,2,0,VITAPOINT,VITAPOINTANTIDANDRUFF,base,multi_word,holdout
partial_ff886e0b9bbca4ee,parts,full_name_two_parts,SAMANT ASACHETS,SAMANT;ASACHETS,2,0,SAMANTA SACHETS,SAMANTASACHETS,base,multi_word,development
partial_ff8e79e0b82e7043,parts,full_name_two_parts,SO FAHAIR,SO;FAHAIR,2,0,SOFA HAIR,SOFAHAIR,base,multi_word,holdout
partial_ff94fe9ee6b85cd8,parts,one_suffix_exact,RIMO,RIMO,1,0,ALFABRIMO,ALFABRIMO,base,single_word,development
partial_ffa0c340b75d7d23,parts,full_name_two_parts,CYSTO MERIC,CYSTO;MERIC,2,0,CYSTOMERIC,CYSTOMERIC,base,single_word,development
partial_ffa8a337d0864899,parts,full_name_two_parts,AXA LMASSAGEOIL,AXA;LMASSAGEOIL,2,0,AXAL MASSAGE OIL,AXALMASSAGEOIL,base,multi_word,development
partial_ffc551e975652441,parts,three_ordered_middle_typo,BON OMA DNA,BON;OMA;DNA,3,1,BONOSOME R DNA,BONOSOMERDNA,base,multi_word,development
partial_ffc745e1efbf5f1e,parts,two_edges_second_typo,HAIR RADE,HAIR;RADE,2,1,HAIR SKIN NAILS FORMULA CAPLETS PURITANS PRIDE,HAIRSKINNAILSFORMULACAPLETSPURITANSPRIDE,base,multi_word,development
partial_ffcdfb0e596f20e1,parts,full_name_two_parts,NOR GINSUNBLOCK,NOR;GINSUNBLOCK,2,0,NORGIN SUNBLOCK,NORGINSUNBLOCK,base,multi_word,holdout
partial_ffd0a93cfebe7493,parts,full_name_two_parts,SYNTH ECORTIN,SYNTH;ECORTIN,2,0,SYNTHECORTIN,SYNTHECORTIN,base,single_word,development
partial_ffd95922d6c9aabe,parts,full_name_three_parts,GRAPEX ONTHER MOGENIC,GRAPEX;ONTHER;MOGENIC,3,0,GRAPEXON,GRAPEXONTHERMOGENIC,base,multi_word,holdout
partial_ffdbef0ea750fb2c,parts,two_edges_first_typo,NEAP HAIR,NEAP;HAIR,2,1,NEWPIX HAIR,NEWPIXHAIR,base,multi_word,development
partial_ffddd36726efd89a,parts,three_ordered_middle_typo,DAT AER ION,DAT;AER;ION,3,1,DATA VERSION,DATAVERSION,base,multi_word,development
partial_ffe0f021a6407d88,parts,full_name_two_parts,MINT YTALK,MINT;YTALK,2,0,MINTY TALK,MINTYTALK,base,multi_word,development
partial_ffe5c1e27b55d39e,parts,full_name_two_parts,HALOTH ANEBPINHALERSOLN,HALOTH;ANEBPINHALERSOLN,2,0,HALOTHANE B P INHALER SOLN,HALOTHANEBPINHALERSOLN,base,multi_word,holdout
partial_ffeb6059841c1946,parts,full_name_two_parts,ORANGEDA ILYDAILYTONER,ORANGEDA;ILYDAILYTONER,2,0,ORANGEDAILY,ORANGEDAILYDAILYTONER,base,multi_word,development
partial_ffefba4ddff0d210,parts,full_name_two_parts,SH EVAINTIMATEFEMININE,SH;EVAINTIMATEFEMININE,2,0,SHEVA INTIMATE FEMININE,SHEVAINTIMATEFEMININE,base,multi_word,development
partial_fff0865850af45e1,parts,one_internal_typo,MEAI,MEAI,1,1,AMETIC,AMETIC,base,single_word,holdout
partial_ffff3af8314a5636,parts,full_name_two_parts,MINSPE RM,MINSPE;RM,2,0,MINSPERM,MINSPERM,base,single_word,development
