case_id,input,expected_family_name,split,calibration_view,provisional_model_training_eligibility,top_1,hit_at_1,probability,top_1_source_count,top_1_rrf,top_1_levenshtein_similarity,top_1_jaro_winkler,top_1_bigram_dice,top_1_minus_top_2_source_count,top_1_minus_top_2_rrf,top_1_minus_top_2_levenshtein,top_1_minus_top_2_jaro,returned_candidates,algorithm_6_promoted,algorithm_6_external_slot_used,input_compact_length
0626de6aef3f897f5a21,HOAVACH,AMIKACIN,development,crossfit_development,0,HYABAK,0,0.45147694962841145,2,0.03278688524590164,0.4285714285714286,0.6428571428571429,0.0,0,0.003144339474323611,0.09523809523809523,-0.04708994708994696,20,0,0,7
06f3c4d4c1690613807a,KEMMLAC,KETOROLAC,development,crossfit_development,0,KETOLAC,0,0.8935667502172708,7,0.11192758101966194,0.7142857142857143,0.8476190476190477,0.5,5,0.08041393337698204,0.3142857142857143,0.013174603174603283,20,0,1,7
0ada8fc40a6ee5d2016d,H,RIVO,development,crossfit_development,0,,0,0.9964354827438011,0,0.0,0.0,0.0,0.0,0,0.0,0.0,0.0,0,0,0,1
0c6e4897639d86c24951,KKATU,KETOROLAC,development,crossfit_development,0,KATI,0,0.7295296505811787,10,0.160571087646709,0.6,0.805,0.5714285714285714,4,0.0671543439909901,0.19999999999999996,0.021666666666666723,20,0,0,5
0e8e4085505b094f0cbf,RIUO,RIVO,development,crossfit_development,1,RIVO,1,0.7681424488503376,6,0.09121901132691754,0.75,0.8666666666666667,0.3333333333333333,4,0.06193208433201092,0.25,0.20000000000000007,20,0,0,4
0eadb489e70f9db3cb38,MYHU,MYOLAX,development,crossfit_development,0,MYHEP,0,0.9992708493207432,8,0.12877540228148374,0.6,0.8483333333333334,0.5714285714285714,6,0.0965173377653547,0.19999999999999996,0.21500000000000008,5,0,0,4
0f29a68c2098e4402eab,PA,PETHIDINE,development,crossfit_development,0,PAR,0,0.999999140127408,5,0.07874357989901698,0.6666666666666667,0.9111111111111111,0.6666666666666666,5,0.07874357989901698,0.6666666666666667,0.9111111111111111,1,0,1,2
11b16a433ff657a00a65,MYOLOX,MYOLAX,development,crossfit_development,1,MYOLAX,1,0.920957924628985,10,0.16187635151146523,0.8333333333333334,0.9333333333333333,0.6,3,0.055000354828990156,0.16666666666666663,0.23888888888888904,20,0,1,6
11cc80b4c21a0c81d724,PIVLAL,RIVOTRIL,development,crossfit_development,0,EPIVAL,0,0.6850035037362665,9,0.1423084698881235,0.6666666666666667,0.8222222222222223,0.6,4,0.06698650409913798,0.0,0.127777777777778,20,0,0,6
12c57312eab124a22760,KETOHOKD,KETOROLAC,development,crossfit_development,0,KETOKED,0,0.8066864334541788,10,0.16290157324167107,0.625,0.9214285714285715,0.6666666666666666,3,0.058835662270384184,0.0,0.07142857142857151,20,0,0,8
1431003f994c6278d474,LUSIY,LASIX,development,crossfit_development,1,LUSIGEN,0,0.39682736623031717,6,0.09683140174943454,0.5714285714285714,0.8742857142857142,0.6,1,0.019374808163808696,-0.02857142857142858,0.08761904761904749,20,0,0,5
22c0de540f68c0503399,PSWNV,RIVOTRIL,development,crossfit_development,0,,0,0.9969280497506096,0,0.0,0.0,0.0,0.0,0,0.0,0.0,0.0,0,0,0,5
24ff733d94ef6de86ebe,KBPK,KETOROLAC,development,crossfit_development,0,KAPECT,0,0.20420777478057717,2,0.02889344262295082,0.33333333333333337,0.611111111111111,0.0,0,-0.00336462189317821,0.16666666666666674,0.1388888888888889,20,0,0,4
35df631f4bfce9508fc0,LEHUB,PETHIDINE,development,crossfit_development,0,LIT UP,0,0.22770550219889676,2,0.030679156908665108,0.4,0.6,0.0,-1,-0.012306400223227813,0.0,-0.033333333333333326,20,0,0,5
3a216c6fa25c52f00c21,OSFOCU,OSTOCAL,development,crossfit_development,1,OSSICA,0,0.10279661512034816,4,0.06480532786885246,0.5,0.6666666666666666,0.2,-1,-0.015164995027506581,-0.0714285714285714,-0.13015873015873025,20,0,0,6
3a77fea3fe742b471a95,MH,MYOLAX,development,crossfit_development,0,,0,0.9971944130482677,0,0.0,0.0,0.0,0.0,0,0.0,0.0,0.0,0,0,0,2
3af4ba9200d1d0ff64e1,RVOMI,RIVOTRIL,development,crossfit_development,0,ROVIME,0,0.05619039164760933,6,0.0914881255260893,0.5,0.8300000000000001,0.0,0,-0.005101782010407355,-0.09999999999999998,-0.04999999999999993,20,0,0,5
3bb7459e2e85439a9e98,V6,RIVOTRIL,development,crossfit_development,0,,0,0.993092405550332,0,0.0,0.0,0.0,0.0,0,0.0,0.0,0.0,0,0,0,2
4709c8a3b5b5cc55acf6,IYT,AMIKACIN,development,crossfit_development,0,DIETY,0,0.8278289920657278,3,0.043179156908665105,0.4,0.6888888888888888,0.0,-1,-0.015401643657181767,0.0,0.0,5,0,0,3
4be91e93b781a4c4ab17,OSSIKA,OSSICA,development,crossfit_development,1,OSSICA,1,0.9499828975094156,10,0.16262076838491435,0.8333333333333334,0.9333333333333333,0.6,4,0.07016927197753023,0.261904761904762,0.08571428571428574,20,0,0,6
5890acbf5a4dae08f4c5,HAYDR,ABASAGLAR,development,crossfit_development,0,HAYAR,0,0.9339913148358028,9,0.14600333563844936,0.8,0.9066666666666667,0.5,6,0.09979741509454133,0.3555555555555556,0.08296296296296302,20,0,0,5
5c44688f2f429e5bbd63,PBAL,KETOROLAC,development,crossfit_development,0,PABAL,0,0.6769945686446457,9,0.1449952711223203,0.8,0.865,0.5714285714285714,2,0.03576344446451868,0.20000000000000007,0.08166666666666667,20,0,0,4
5de69abe5f84b7bf59eb,UOKOTDLOO,KETOROLAC,development,crossfit_development,0,COKIDOL,0,0.833767206492987,6,0.08791122749674973,0.4444444444444444,0.6899470899470899,0.14285714285714285,5,0.07178219523868522,0.11111111111111105,0.1251322751322751,20,0,0,9
605001bc09fa846b7ebb,VIBKHI,RIVOTRIL,development,crossfit_development,0,VIRKON,0,0.4745570765784211,3,0.047492767598842814,0.5,0.6666666666666666,0.2,2,0.0313637353407783,0.25,0.02777777777777779,20,0,0,6
6472b4457c9c2243580d,MYOX,MYOLAX,development,crossfit_development,1,MYOLAX,1,0.9595057896952557,8,0.12609729831106506,0.6666666666666667,0.9222222222222222,0.5,7,0.10996826605300054,0.4666666666666668,0.28888888888888886,20,0,0,4
676bd423c86fd94f7d83,FOK,LACTO,development,crossfit_development,0,FOSKY,0,0.9795519555203963,7,0.11153885912475628,0.6,0.8933333333333333,0.3333333333333333,2,0.03757778465964956,0.19999999999999996,0.20444444444444454,3,0,0,3
70f3963324636189838b,RVEKK L,RIVOTRIL,development,crossfit_development,0,RIVESKO,0,0.7387857930095442,5,0.07780936012691698,0.5714285714285714,0.7714285714285715,0.18181818181818182,3,0.045286885245901645,0.23809523809523803,0.19365079365079363,20,0,0,6
793f1bb3c8a4959a4834,MYK,MYOLAX,development,crossfit_development,0,MYKOTRAL H,0,0.9141804395280733,6,0.0935554336219537,0.33333333333333337,0.8444444444444443,0.4,1,0.017917776868815863,-0.06666666666666665,0.15555555555555556,9,0,0,3
7c84a40f6289cb273c39,MYOLUX,MYOLAX,development,crossfit_development,1,MYOLAX,1,0.7446509240389281,10,0.16266118862628645,0.8333333333333334,0.9333333333333333,0.6,3,0.052410306482872746,0.11904761904761907,0.03888888888888886,20,0,0,6
7e9ca5ca635120af04d9,LWK,LASIX,development,crossfit_development,0,SLOW K,0,0.9999971939756317,4,0.06478893337698204,0.6,0.5111111111111111,0.3333333333333333,4,0.06478893337698204,0.6,0.5111111111111111,1,0,0,3
80574873120a7b029871,MXLAX,MYOLAX,development,crossfit_development,1,MYOLAX,1,0.6184386420913318,8,0.12343589712669341,0.6666666666666667,0.8400000000000001,0.4444444444444444,4,0.06088347586128466,0.06666666666666676,0.10666666666666669,20,0,0,5
835834f2b7662cb13b97,OLSK,OSSICA,development,crossfit_development,0,LOSEC,0,1.7428944138463553e-05,2,0.02938045560996381,0.19999999999999996,0.6722222222222222,0.0,-6,-0.0963517235892963,-0.30000000000000004,-0.07777777777777783,20,0,1,4
84a5fa4ce35b92e7fbda,HYY 05,OSTOCAL,development,crossfit_development,0,HYDRO,0,0.9765633729243259,5,0.07994044852849719,0.4,0.6,0.25,0,0.0017473954934244113,0.0,0.0,2,0,0,5
8ad6c0525498533693ff,KWFA,RIVOTRIL,development,crossfit_development,0,KAVA,0,0.9993377695478302,6,0.08945179393286916,0.5,0.6666666666666666,0.0,3,0.04130431905185382,0.32352941176470584,0.23039215686274506,2,0,0,4
96249c90c198fb640376,ABUXGU,IBUPROFEN,development,crossfit_development,0,NABUXAN,0,0.3319409617484836,7,0.11302161850714698,0.5714285714285714,0.746031746031746,0.5454545454545454,5,0.08280807920682895,0.17142857142857137,0.14047619047619053,20,0,0,6
98b2d6b6500a573b7a44,LGCMU,LACTO,development,crossfit_development,1,LACTO,1,0.013663875555764888,3,0.04767399003253049,0.4,0.6,0.0,2,0.031544957774465976,-0.02857142857142858,-0.07619047619047614,13,0,0,5
a52063dc5fcc88bf3eb3,MYMLAX,MYOLAX,development,crossfit_development,1,MYOLAX,1,0.9641843020134668,9,0.1438762173822988,0.8333333333333334,0.9111111111111112,0.6,5,0.08234464859266549,0.33333333333333337,0.2166666666666669,20,0,0,6
a6e66054ec5b3a704093,KELOLAC,KETOROLAC,development,crossfit_development,0,KETOLAC,0,0.8624436347525085,10,0.15909828412239213,0.8571428571428572,0.8793650793650793,0.6666666666666666,4,0.06669753970551869,0.19047619047619047,0.006349206349206327,20,0,0,7
a9a7a8cc0ae93bd73172,MD,RIVOTRIL,development,crossfit_development,0,,0,0.993092405550332,0,0.0,0.0,0.0,0.0,0,0.0,0.0,0.0,0,0,0,2
ad97511334680fcf2692,KHUH,KETOROLAC,development,crossfit_development,0,HUSH,0,0.9998103244244081,7,0.11224954462659383,0.5,0.8333333333333334,0.3333333333333333,4,0.06603001463097274,0.25,0.33333333333333337,2,0,0,4
af8aa8dfcca746d70f55,KHXELY,KETOROLAC,development,crossfit_development,0,CHILLY,0,0.21784652443547056,7,0.10742708111560571,0.5,0.6666666666666666,0.2,1,0.014444281536754144,0.0,-0.03333333333333344,20,0,0,6
b495a3dc9ac6b7f7079d,BSLX,LASIX,development,crossfit_development,0,PELOX,0,0.9544226929225212,2,0.03028233151183971,0.4,0.6333333333333333,0.0,0,0.0009954045169330884,0.0,0.0,3,0,0,4
bea72148e973f4d88577,ILYCKY M,MYOLAX,development,crossfit_development,0,ELICA M,0,0.16224164967163499,3,0.04771225838023,0.4285714285714286,0.6626984126984127,0.0,-2,-0.028184885668005137,0.1428571428571429,-0.051587301587301626,20,0,0,7
c02eafa92556cc1b425f,MYUBKL,MYOLAX,development,crossfit_development,0,MYONIL,0,0.28057769093012713,6,0.08954317591388615,0.5,0.6666666666666666,0.2,0,0.001325964000253546,0.0,0.0,20,0,0,6
d1083a428861726de1ba,KEBRDLT,KETOROLAC,development,crossfit_development,0,DEBRIDAT,0,0.5814772391050087,10,0.15376931425123347,0.625,0.7797619047619048,0.3076923076923077,4,0.05866589301318069,0.125,-0.044047619047619,20,0,0,7
d51ab1f6562d7682e884,ABUMKH,ABASAGLAR,development,crossfit_development,0,ABIMOL,0,0.008507810495544534,6,0.09226548739236815,0.5,0.6666666666666666,0.2,-1,-0.01924979327845687,-0.0714285714285714,-0.10476190476190483,20,0,0,6
d6bfe6d8bfc1a00b2686,GHONT,CALAMINE,development,crossfit_development,0,GEOCAND,0,0.10608399594501465,1,0.01639344262295082,0.4285714285714286,0.6761904761904761,0.0,-3,-0.04215572224511972,-0.0714285714285714,-0.023809523809523947,20,0,0,5
d8d78c53bebcc3b690d4,KYTOROT,KETOROLAC,development,crossfit_development,0,KETOREST,0,0.2820411582149536,7,0.10441417148850447,0.625,0.8017857142857143,0.3076923076923077,0,-0.003056594684281669,0.0535714285714286,-0.020436507936507975,20,0,0,7
de15a74dcb667e13372c,MYOLS,MYOLAX,development,crossfit_development,1,MYOLAX,1,0.5058257314864744,9,0.14375258092867824,0.6666666666666667,0.8933333333333334,0.6666666666666666,3,0.04870684302036761,0.11111111111111116,-0.01777777777777767,20,0,0,5
df93213002b4238bae97,HKASGKD,ABASAGLAR,development,crossfit_development,0,KASHKIDS,0,0.0831969309138018,8,0.12524638953942233,0.5,0.7579365079365079,0.46153846153846156,2,0.02923224463414839,0.0714285714285714,0.03174603174603163,20,0,0,7
e124f1423e96970b83ff,KOHAP,KATOMOR,development,crossfit_development,0,ICOHOP,0,0.09923254893024912,5,0.07591738658535821,0.5,0.7000000000000001,0.2222222222222222,1,0.016022096430601013,0.0,-0.05999999999999994,20,0,0,5
e28dc0688c81c47d000d,IWOL,NEUROCET,development,crossfit_development,0,WOLITY,0,0.9017826899156051,4,0.06340867112715456,0.33333333333333337,0.75,0.5,-1,-0.012668209146253648,-0.16666666666666663,0.0,6,0,0,4
e646c6f198db5f48d05c,LOSIX,LASIX,development,crossfit_development,1,LASIX,1,0.1643571361430219,10,0.16072847336498958,0.8,0.88,0.5,1,0.01960741925282114,0.0,0.013333333333333308,20,0,0,5
e9aeba65acff194fa396,LEPPOOLAA,KETOROLAC,development,crossfit_development,0,LIPOLEX,0,0.2446486187171722,3,0.04566694689645509,0.4444444444444444,0.671957671957672,0.42857142857142855,-1,-0.012645563983444214,0.0,-0.08220899470899456,20,0,0,9
edcef5f1dff86fbbbd6a,PNO,RIVO,development,crossfit_development,0,PONO,0,0.9972610643954305,9,0.1411794009834067,0.75,0.825,0.4,2,0.029749330561731305,0.15000000000000002,0.3138888888888889,10,0,0,3
f1c2161a92e60469ec45,W,KETOROLAC,development,crossfit_development,0,,0,0.9902596760969441,0,0.0,0.0,0.0,0.0,0,0.0,0.0,0.0,0,0,0,1
f2d38515ef414477515e,KABKDK,KETOROLAC,development,crossfit_development,0,KAVEDA,0,0.5602599604455988,4,0.06220501200341841,0.5,0.6666666666666666,0.2,2,0.02968253712240307,0.16666666666666663,0.11111111111111116,20,0,0,6
f786e64cacdf9128e3fe,MYOAX,MYOLAX,development,crossfit_development,1,MYOLAX,1,0.6710211669849151,8,0.12782977816457383,0.8333333333333334,0.9611111111111111,0.6666666666666666,1,0.019960866649098505,0.20833333333333337,0.04861111111111116,20,0,0,5
f92427c1f3ecbb081a44,RIVOHCAL,RIVOTRIL,development,crossfit_development,1,RIVOTRIL,1,0.4143444944343663,5,0.07818720441671262,0.625,0.85,0.46153846153846156,2,0.03234866511639458,0.0,0.02777777777777779,20,0,0,8
fdca5456e062823d1d2f,LWH,LACTO,development,crossfit_development,0,GOTAL WHITENING,0,0.024802030657796285,4,0.06266425425370543,0.2142857142857143,0.7380952380952381,0.26666666666666666,1,0.015480816603248043,0.014285714285714346,0.1158730158730159,7,0,0,3
01532d151c7b811f4730,KETONOLAC,KETOROLAC,development,crossfit_development,1,KETOROLAC,1,0.7908564647449009,9,0.1464833421470122,0.8888888888888888,0.9555555555555556,0.75,0,0.0027605701191106002,0.11111111111111105,0.0,20,0,0,9
0495d507f707efdc6a5f,RIVOTIL,RIVOTRIL,development,crossfit_development,1,RIVOTRIL,1,0.9411407028553345,9,0.1450849807135969,0.875,0.975,0.8333333333333334,4,0.07201265172433306,0.3035714285714286,0.17499999999999993,20,0,0,7
115d38fed0ff018ef624,KETOMAN,KATOMOR,development,crossfit_development,0,KETOFAN,0,0.8963782790488128,9,0.1414671313276598,0.8571428571428572,0.9428571428571428,0.6666666666666666,1,0.018135800277845324,0.2321428571428572,0.07341269841269826,20,0,1,7
185218f3fc7487bd005d,RIVOTTROL,RIVOTRIL,development,crossfit_development,1,RIVOTRIL,1,0.9425721561209521,10,0.16264555685662244,0.7777777777777778,0.9305555555555555,0.7142857142857143,7,0.11621349429552762,0.2222222222222222,0.13055555555555554,20,0,0,9
22dcd6d2985c9438829a,KOTORROLQE,KETOROLAC,development,crossfit_development,1,KETOROLAC,1,0.7724146787278924,8,0.12368465681954093,0.6,0.6444444444444444,0.47058823529411764,0,0.0018883086631464596,0.0,0.0,20,0,0,10
276c84456baac7b8f0a3,ABASAGLAY,ABASAGLAR,development,crossfit_development,1,ABASAGLAR CARTRIDGES,1,0.2133810376980824,8,0.12688350547898442,0.42105263157894735,0.8619883040935673,0.56,7,0.1107544732209199,-0.023391812865497075,0.29717348927875253,20,0,0,9
2c105067cc0a44e70917,KETORCOLAC,KETOROLAC,development,crossfit_development,1,KETOROLAC,1,0.9229913908234414,9,0.14754098360655737,0.9,0.9355555555555555,0.8235294117647058,0,0.007009158800539039,0.20000000000000007,0.024126984126984108,20,0,0,10
2deb2da38201d0522ebc,MYOLOGY,MYOLAX,development,crossfit_development,1,MYOLGIN,0,0.39405588625003773,8,0.12912077639734965,0.5714285714285714,0.8857142857142858,0.5,-2,-0.02507170445525747,0.0,0.03809523809523818,20,0,0,7
3186c9caa43274d62b22,RIVOHRUL,RIVOTRIL,development,crossfit_development,1,RIVOTRIL,1,0.9434701566235388,9,0.14469807177369315,0.75,0.9,0.46153846153846156,7,0.11294403951562863,0.25,0.20952380952380967,20,0,0,8
3485451c1b3520c27302,RIVOFN2,RIVOTRIL,development,crossfit_development,0,RIVOTRIL,1,0.2008169084577933,3,0.04814747488101534,0.5,0.6904761904761904,0.5,-1,-0.011990176032979222,0.0714285714285714,-0.10634920634920653,20,0,0,7
47cbcecfa4828e3fec78,KETOROTAE,KETOROLAC,development,crossfit_development,1,KETOROLAC,1,0.8654787109865081,7,0.11475409836065575,0.7777777777777778,0.9111111111111111,0.625,1,0.021459501419495,0.11111111111111105,0.04444444444444451,20,0,1,9
4884532c995745731bc4,RICOLONI,RIVOTRIL,development,crossfit_development,0,URICOL N,0,0.6124920484156492,7,0.10949260576508558,0.625,0.8690476190476191,0.6153846153846154,3,0.046903658896015374,0.125,0.024603174603174627,20,0,0,8
4b7806a86631a91080d6,OSTEAL,OSTOCAL,development,crossfit_development,1,POSTPEAL,0,0.4724145854598341,7,0.11246292340951253,0.75,0.9166666666666666,0.6666666666666666,0,0.005007341710819999,0.08333333333333326,0.023333333333333206,20,0,0,6
5f39d9b805c5403253eb,AYDANC2,RIVO,development,crossfit_development,0,ADVANCE,0,0.6717275651101855,7,0.11144570219133942,0.5714285714285714,0.8285714285714287,0.3333333333333333,2,0.03890589030664551,0.1428571428571428,0.11269841269841285,20,0,0,7
686e13bf3bc8fce8e970,TELFASE,TELFAST,development,crossfit_development,1,TELFAST,1,0.971868955234615,10,0.16367001586462188,0.8571428571428572,0.9428571428571428,0.8333333333333334,4,0.0705498743573836,0.4887218045112782,0.06917293233082711,20,0,0,7
69d948fdd5e6a315dd9a,KETROLA,KETOROLAC,development,crossfit_development,1,KETORAL,0,0.17370249196251533,8,0.1219214756100002,0.5714285714285714,0.9333333333333333,0.3333333333333333,-1,-0.02184984725900284,-0.2063492063492064,0.0185185185185186,20,0,1,7
72e24a20fb43a5c192da,GLOBOMETER,CELEBREX,development,crossfit_development,0,GLOBEXOR,0,0.6904745671335467,7,0.10541092731530169,0.6,0.8864285714285713,0.375,2,0.033901409529692825,0.09999999999999998,0.06642857142857128,20,0,0,10
7d18ce3142bf57651c67,TO CO,TOCO,development,crossfit_development,1,TOCO,1,0.9912412786353654,9,0.14598770386878532,1.0,1.0,1.0,5,0.08390197695760547,0.33333333333333326,0.10000000000000009,20,0,0,4
7fe7824f7d1198f3ff19,RIVOLI,RIVOTRIL,development,crossfit_development,0,TIVOLI,0,0.6440823772926896,7,0.11371324486078586,0.8333333333333334,0.888888888888889,0.8,0,0.003456017319088983,0.16666666666666663,0.013333333333333308,20,0,0,6
8137ce95c92d5430fa5a,LAETU,LACTO,development,crossfit_development,1,LACTO,1,0.1993244318646756,6,0.088968751636616,0.6,0.7866666666666667,0.25,0,-0.004653458790856602,0.19999999999999996,0.0033333333333334103,20,0,0,5
851a7d3359126198c9d3,RIVOFRI,RIVOTRIL,development,crossfit_development,1,RIVOTRIL,1,0.6391100985989704,7,0.11272733377439882,0.75,0.9214285714285715,0.5454545454545454,2,0.03427682859035318,0.1785714285714286,0.09920634920634919,20,0,1,7
8ecbd05876c5e554dc15,ABA SAQLAR,ABASAGLAR,development,crossfit_development,1,ABASAGLAR CARTRIDGES,1,0.06620200480622201,7,0.1129528027498678,0.42105263157894735,0.8619883040935673,0.48,5,0.08400325767129047,-0.13450292397660824,0.2018031189083821,20,0,0,9
959448165a5466218661,KETO NO LAE,KETOROLAC,development,crossfit_development,1,KETOROLAC,1,0.49828801596623074,7,0.1085763844224976,0.7777777777777778,0.9111111111111111,0.625,-1,-0.012721366529527767,0.0,-0.019444444444444375,20,0,0,9
a020c2a17ab5946be64f,GENARA PLUS,MYOLAX,development,crossfit_development,0,GENEEAT LESS,0,0.24496417971785678,5,0.07669147792098611,0.5454545454545454,0.8006060606060607,0.21052631578947367,-2,-0.03149652295450259,0.045454545454545414,-0.06939393939393934,20,0,0,10
a54bf7d3daf913ff213a,RVOTRIL,RIVOTRIL,development,crossfit_development,1,RIVOTRIL,1,0.8611082210061461,10,0.16290157324167107,0.875,0.9625,0.8333333333333334,1,0.022493325575358908,0.1607142857142857,0.11329365079365084,20,0,0,7
aba8008094f7ff0a8dca,LACFU,LACTO,development,crossfit_development,1,LACTO,1,0.817664984749979,8,0.12618698435658415,0.6,0.8133333333333334,0.5,7,0.11005795209851964,0.4235294117647058,0.2211764705882353,20,0,0,5
abfe24fcfa35d49f38da,MYOLAG,MYOLAX,development,crossfit_development,1,MYOLAX,1,0.8613182592111412,10,0.16215715636822195,0.8333333333333334,0.9333333333333333,0.8,2,0.035833022944004284,0.261904761904762,0.023809523809523836,20,0,0,6
afa338dc146f4eee436e,LARIX,LASIX,development,crossfit_development,1,LASIX,1,0.20072476729221797,7,0.10779080289687812,0.8,0.8933333333333333,0.5,-1,-0.01676813131633051,0.08571428571428574,-0.049523809523809526,20,0,0,5
b0ed6899426a13ccc5ca,KETOREDAO,KETOROLAC,development,crossfit_development,1,KETOREST,0,0.7443138067293715,7,0.1092263298999008,0.6666666666666667,0.8833333333333333,0.6666666666666666,1,0.018351025893700412,0.0,0.0007936507936507908,20,0,1,9
b43613483ce1137f6ff9,RIVOTNI,RIVOTRIL,development,crossfit_development,1,RIVOTRIL,1,0.7868090122487295,7,0.1139692612458345,0.75,0.9214285714285715,0.6666666666666666,0,0.010673287947589497,0.25,0.10793650793650789,20,0,0,7
b8734849b28bab2fc8db,A BAA G LAR,ABASAGLAR,development,crossfit_development,1,ABASAGLAR CARTRIDGES,1,0.15096961567208952,5,0.07994044852849719,0.42105263157894735,0.8649122807017544,0.5,4,0.06381141627043267,-0.023391812865497075,0.30009746588693964,20,0,0,8
ba62a2e1b62c1e1ec71d,LORIX,LASIX,development,crossfit_development,1,LOMEX,0,0.12077543914637406,4,0.05681197599923068,0.6,0.7866666666666667,0.25,-2,-0.028831760963411966,0.0,-0.06166666666666665,20,0,0,5
c23aebf6d8d33f069002,LAEFV,LACTO,development,crossfit_development,1,LIFE V,0,0.022512464655475118,4,0.06530936012691699,0.4,0.805,0.0,-3,-0.043301307475355585,0.0,0.17166666666666675,20,0,0,5
c3f1fa502e628f8a38cf,KETROLY,KETOROLAC,development,crossfit_development,1,KETOROLIN,0,0.49088809907687636,9,0.13857645643902916,0.6666666666666667,0.85,0.5714285714285714,1,0.01447225930831994,0.09523809523809534,-0.04444444444444451,20,0,0,7
dd7335e921a84286c58b,LASFIX,LASIX,development,crossfit_development,1,LASIX,1,0.9835861866499788,8,0.13114754098360656,0.8333333333333334,0.9611111111111111,0.6666666666666666,5,0.086849494641035,0.33333333333333337,0.2944444444444445,20,0,0,6
e165fa173f51dc795d8a,KUT ORALAE,KETOROLAC,development,crossfit_development,1,KETORAL,0,0.920462455326724,10,0.1611443049164542,0.6666666666666667,0.8571428571428572,0.5714285714285714,5,0.08293835855941677,0.0,0.1071428571428572,20,0,0,9
e86782f02c6b750d5d1f,LABIX,LASIX,development,crossfit_development,1,LASIX,1,0.8208132094635875,8,0.12696478714228698,0.8,0.8933333333333333,0.5,5,0.0822409836423924,0.20000000000000007,0.10666666666666658,20,0,0,5
e937abdc905e5f9fca5c,ABUPNDER,IBUPROFEN,development,crossfit_development,0,AFINITOR,0,0.000823581408410506,1,0.01639344262295082,0.25,0.5833333333333334,0.0,0,0.00026441036488630484,-0.08333333333333337,-0.06481481481481477,20,0,0,8
f14118f1dabee75d88cf,1000,TOCO,development,crossfit_development,0,EPIAO 10000I,0,0.0008696402671469333,6,0.09598851703558209,0.36363636363636365,0.5606060606060607,0.4,0,-0.00030567000424218393,0.030303030303030276,-0.21717171717171702,19,0,0,4
f29619628fd2c10d3224,FEWCLINU,PETHIDINE,development,crossfit_development,0,FEWMIG S,0,0.5755712978182472,2,0.030886196246139225,0.5,0.6904761904761904,0.3076923076923077,-1,-0.016787793786391267,0.0,0.0,20,0,0,8
fd8d5fa9793c1d48162b,KEFONOLAE,KETOROLAC,development,crossfit_development,1,KETOROLAC,1,0.748814521686945,5,0.07635279645887169,0.6666666666666667,0.8222222222222222,0.375,0,-0.0022056668166725024,0.11111111111111116,0.13227513227513232,20,0,0,9
0a14010a1dcc63615b29,RIVATRIL,RIVOTRIL,development,crossfit_development,1,RIVOTRIL,1,0.8519082549391896,10,0.16238114649173613,0.875,0.9416666666666667,0.6666666666666666,1,0.022523716167286045,0.125,0.09166666666666656,20,0,0,8
0d0db3550c8b594d1e2a,CINNARIZIN,MYOLAX,development,crossfit_development,0,CINNARIZINE,0,0.9248515570795643,10,0.16393442622950818,0.9090909090909091,0.9818181818181818,0.9411764705882353,2,0.03613570165659005,0.10909090909090902,0.04681818181818187,20,0,0,10
0d55e5989b8cb6e5f5fe,AVDANCE,RIVO,development,crossfit_development,0,ADVANCE,0,0.98421725596049,9,0.14336291715787677,0.7142857142857143,0.9571428571428572,0.5,7,0.1123085117654839,0.541871921182266,0.2576354679802957,20,0,0,7
0e4e3a93f97564ecf0d2,TOSO,TOCO,development,crossfit_development,1,TOCO,1,0.5832765863282705,6,0.09463299026390327,0.75,0.8666666666666667,0.3333333333333333,0,-0.0029344343791427446,0.08333333333333326,0.1444444444444445,20,0,0,4
197287bfedf28e26767f,PETRIDINE,PETHIDINE,development,crossfit_development,1,PETHIDINE,1,0.7141810772785656,9,0.14701216287678476,0.8888888888888888,0.9481481481481482,0.75,-1,-0.01100321699277279,0.11111111111111105,0.09629629629629644,20,0,0,9
19d5a99031ae7a06adff,RIVAFLOXIN,RIVOTRIL,development,crossfit_development,0,RIVAFLOWVA,0,0.5865157058810208,8,0.12459252951056232,0.7,0.88,0.7058823529411765,0,0.0011347755827319922,0.0,-0.03500000000000003,20,0,0,10
4ec68bde2ab62b45ec06,KETOMOLAC,KETOROLAC,development,crossfit_development,1,KETOROLAC,1,0.7905015043229576,9,0.14621893178212586,0.8888888888888888,0.9555555555555556,0.75,0,0.0027521761392729216,0.11111111111111105,0.0,20,0,0,9
54fdfea3a21ea7205f61,OSLOCYL,OSTOCAL,development,crossfit_development,1,OSTOCAL,1,0.3116915404741217,7,0.11244800776959689,0.7142857142857143,0.8476190476190477,0.3333333333333333,-2,-0.027793348507745994,0.1428571428571429,-0.0015873015873014706,20,0,0,7
6597c67203cd7c9d021c,ABDSAGLARR,ABASAGLAR,development,crossfit_development,1,ABASAGLAR CARTRIDGES,1,0.14119975858245123,8,0.12684599593807686,0.4736842105263158,0.7737231968810916,0.46153846153846156,7,0.11071696368001234,-0.02631578947368418,0.10705653021442496,20,0,0,10
6922ccdcf8c4c0ca5574,KETNOLAC,KETOROLAC,development,crossfit_development,0,KETOLAC,0,0.7934527872389007,9,0.14754098360655737,0.875,0.9708333333333333,0.7692307692307693,0,0.005168635373236863,0.09722222222222221,0.05185185185185193,20,0,0,8
6bb4a63553e0399b28ab,LACTV,LACTO,development,crossfit_development,1,LACTO,1,0.9364488866019679,9,0.14338781689389832,0.8,0.92,0.75,6,0.10110493848198765,0.5058823529411766,0.06117647058823539,20,0,1,5
79d19957ea88a136f0ea,RINATRIL,RIVOTRIL,development,crossfit_development,0,RONATRIL,0,0.8597407687316686,10,0.16237275251189848,0.875,0.9249999999999999,0.7692307692307693,3,0.05335278537785278,0.125,0.05833333333333324,20,0,0,8
7e5f23493f7a72961b81,LABISOL,LASIX,development,crossfit_development,0,CAPISOL,0,0.2933668699353892,9,0.13192050360552618,0.7142857142857143,0.8095238095238096,0.5,2,0.022706550803524725,0.0,-0.03809523809523807,20,0,0,7
a0d450e4c42187db1fa4,TELBACE,TELFAST,development,crossfit_development,0,TELLAJO,0,0.1689402321957392,4,0.05853771139765438,0.5714285714285714,0.8,0.3333333333333333,-3,-0.04916458102171895,-0.0535714285714286,0.020238095238095277,20,0,0,7
a60e08708af8c452c4b3,OSSIECA,OSSICA,development,crossfit_development,1,OSSICA,1,0.9944576310781289,10,0.16341399947957325,0.8571428571428572,0.9714285714285714,0.7272727272727273,5,0.08753595811105079,0.4285714285714286,0.16714285714285715,20,0,0,7
a6c4d7e90345d377e71b,PROFIL,RIVOTRIL,development,crossfit_development,0,PROFINAL,0,0.5615859647409072,8,0.12731020081628228,0.75,0.95,0.6666666666666666,0,0.011510873178540229,0.08333333333333326,0.08333333333333337,20,0,0,6
ae58e33423fbdee5d237,ABASAGLAX,ABASAGLAR,development,crossfit_development,1,ABASAGLAR CARTRIDGES,1,0.06636687951592593,7,0.11320081862288368,0.42105263157894735,0.8619883040935673,0.56,5,0.08278607207910488,-0.13450292397660824,0.2018031189083821,20,0,0,9
bce52223ac5dcfe8fa58,RIVOCIL,RIVOTRIL,development,crossfit_development,1,RIFOCIN,0,0.23650689523073196,6,0.09436178940476103,0.7142857142857143,0.8476190476190477,0.5,-1,-0.01806982387296542,-0.0357142857142857,-0.07380952380952377,20,0,0,7
e4576e9a72140de428f4,ABASAGLARC,ABASAGLAR,development,crossfit_development,1,ABASAGLAR CARTRIDGES,1,0.32942919573995677,8,0.12987430338038483,0.5263157894736843,0.9052631578947368,0.6923076923076923,0,0.004376120408326356,0.07631578947368434,0.035263157894736774,20,0,0,10
e5e6d6d6c60a1c8e6511,RINO,RIVO,development,crossfit_development,1,RINTO,0,0.2103426003641142,4,0.06504494976203068,0.8,0.9533333333333333,0.5714285714285714,-3,-0.04071054258688393,0.050000000000000044,0.10333333333333317,20,0,1,4
f60c62e061859c6d9c1b,MYLAX,MYOLAX,development,crossfit_development,1,MYOLAX,1,0.8678184022756223,9,0.14574731925340068,0.8333333333333334,0.9555555555555556,0.6666666666666666,3,0.05440716036105961,0.2333333333333334,0.14222222222222225,20,0,0,5
06ed2a5654d90897c234,TETRASULF,TELFAST,development,crossfit_development,0,TETRASPAN,0,0.823873913440611,9,0.1406393915297716,0.6666666666666667,0.8666666666666666,0.625,4,0.06453004108243367,0.11111111111111116,0.0444444444444444,20,0,0,9
15218af12effb7204c59,LANIX,LASIX,development,crossfit_development,1,LASIX,1,0.9878164978998406,8,0.12381576852170391,0.8,0.8933333333333333,0.5,7,0.1076867362636394,0.4666666666666667,0.22851851851851845,20,0,0,5
287fa1d187c0321aee35,LACTU,LACTO,development,crossfit_development,1,LACTO,1,0.9936064746478003,10,0.15964963086369194,0.8,0.92,0.75,8,0.13053358561861444,0.5647058823529412,0.2415686274509805,20,0,0,5
28db3c8c6f6a729dc13d,RINOTMIL,RIVOTRIL,development,crossfit_development,1,RIVOTRIL,1,0.6456165092049846,5,0.08069397551153236,0.75,0.8666666666666667,0.46153846153846156,0,0.0027845958686122663,0.125,0.06666666666666665,20,0,0,8
2bd7d04979d0980771ed,RIVOMATIL,RIVOTRIL,development,crossfit_development,1,RIVOTRIL,1,0.6902607579267802,7,0.11120869112672392,0.6666666666666667,0.9305555555555555,0.5714285714285714,3,0.048791896451864734,0.11111111111111116,0.06388888888888888,20,0,0,9
2f2614322ed93bdf4fae,CALBOMET,CELEBREX,development,crossfit_development,0,ALDOMET,0,0.9754431064616638,9,0.1435108071418274,0.75,0.8690476190476191,0.6153846153846154,7,0.11150875901074701,0.25,0.18571428571428583,20,0,0,8
4026f6b3932d121c5baa,RIVOHUL,RIVOTRIL,development,crossfit_development,1,RIVOTRIL,1,0.5150261016037718,7,0.11115913839671111,0.625,0.8678571428571429,0.5,2,0.03125,0.0535714285714286,0.06785714285714284,20,0,0,7
437953f8b7374a461796,PETRADINE,PETHIDINE,development,crossfit_development,1,PETHIDINE,1,0.3807576799497751,9,0.14296559192018438,0.7777777777777778,0.8629629629629629,0.625,0,-0.00015953761195316996,0.0,-0.021296296296296258,20,0,0,9
466ce3db644d2471eb62,OSTOCIL,OSTOCAL,development,crossfit_development,1,OSTOCAL,1,0.895516471756726,10,0.15993480108977234,0.8571428571428572,0.9428571428571428,0.6666666666666666,3,0.05231390544731289,0.2857142857142858,0.1333333333333332,20,0,0,7
52c7ba94358643c07ae0,ARDANCE,RIVO,development,crossfit_development,0,RADIANCE,0,0.2072073050046426,9,0.13442844949496957,0.625,0.9107142857142857,0.46153846153846156,0,-0.012063286631880249,-0.1527777777777778,-0.015211640211640232,20,0,0,7
52c9e10fa370b2e35028,OSTOCD,OSTOCAL,development,crossfit_development,1,OSTOCAL,1,0.5365269042542364,10,0.15677917133114025,0.7142857142857143,0.9095238095238095,0.7272727272727273,3,0.0515288682374149,0.0892857142857143,0.035912698412698285,20,0,0,6
683aea02fc54724e79e5,CINAMAIN,MYOLAX,development,crossfit_development,0,CITAMIN,0,0.6447991557202459,8,0.12722346860202363,0.75,0.8952380952380953,0.5,0,0.0008993351778059655,0.125,0.011904761904761862,20,0,0,8
6f7b53d4596993c997b7,LAXIX,LASIX,development,crossfit_development,1,LASIX,1,0.12059251959316612,9,0.1445994411069251,0.8,0.8933333333333333,0.5,0,0.00039740107926372614,0.0,-0.026666666666666727,20,0,0,5
8a1d4d461fa3d3b3aab3,RIVOBHARIL,RIVOTRIL,development,crossfit_development,1,RIVOTRIL,1,0.9020198024290098,9,0.1449788766304499,0.7,0.915,0.5714285714285714,5,0.08507016375429036,0.19999999999999996,0.10166666666666668,20,0,0,10
8a8ef047c1c768e48d9c,RIVOFOLOL,RIVOTRIL,development,crossfit_development,1,RIVOTRIL,1,0.38006933714289887,5,0.07260999390689052,0.5555555555555556,0.836111111111111,0.46153846153846156,-1,-0.01612763446520489,0.0,0.025370370370370154,20,0,0,9
8b4b935017e09f85f5cf,KETOPROFEN,KETOROLAC,development,crossfit_development,0,KETOPROF,0,0.9231492753059566,10,0.1606650611300978,0.8,0.96,0.875,1,0.021131510357468436,0.0,0.09333333333333327,20,0,0,10
9220b1486480c132e3a6,RNOVIAL,RIVOTRIL,development,crossfit_development,0,ROVAL,0,0.46584498587765416,7,0.11084131626338131,0.7142857142857143,0.9142857142857143,0.4,0,0.007077469947352824,0.04761904761904756,0.05714285714285705,20,0,0,7
98bc9782715ee5da5281,RIVODRIN,RIVOTRIL,development,crossfit_development,1,RIVOTRIL,1,0.8718730167231385,8,0.12336467632772498,0.75,0.9,0.5,4,0.06620440034854333,0.25,0.12222222222222223,20,0,0,8
9a9bcc3a0da0f8f7db7a,RIVOMIL,RIVOTRIL,development,crossfit_development,1,RIVOTRIL,1,0.5279043721561384,7,0.11270441762245043,0.75,0.9214285714285715,0.6666666666666666,1,0.016634936835888722,0.08333333333333326,0.01666666666666672,20,0,0,7
c01f95f4e2a42b1938f4,OSOCAR,OSTOCAL,development,crossfit_development,1,OSTOCAL,1,0.23754709145442734,6,0.09370997842705935,0.7142857142857143,0.8793650793650793,0.5454545454545454,-2,-0.03092374973751026,0.04761904761904756,-0.031746031746031744,20,0,0,6
c7b3b96d9ce87defbb6b,ABA SAGLAR,ABASAGLAR,development,crossfit_development,1,ABASAGLAR CARTRIDGES,1,0.19353611019171235,8,0.12958586726599686,0.4736842105263158,0.8947368421052632,0.64,7,0.11345683500793234,-0.08187134502923976,0.23455165692007796,20,0,0,9
d165860d38890431bc47,RINCO,RIVO,development,crossfit_development,0,RINTO,0,0.7004520694746261,6,0.09253311035206974,0.8,0.9066666666666667,0.5,4,0.06125256294249007,0.20000000000000007,0.1233333333333334,20,0,0,5
ed58d8587274f5986016,RIFOFOL,RIVOTRIL,development,crossfit_development,0,RECOFOL,0,0.4546400546702079,9,0.14070345193891923,0.7142857142857143,0.7685714285714286,0.5454545454545454,1,0.01550274202112839,0.0,-0.0726984126984127,20,0,0,7
f70cccec32a2ca437206,NEITROSET,NEUROCET,development,crossfit_development,1,NEUROCET,1,0.4822374561469736,6,0.09073623340409777,0.6666666666666667,0.8444444444444443,0.4,1,0.015462876646670301,0.06666666666666676,-0.005925925925926112,20,0,0,9
09b2316f4b4cd8e60e9d,TEFAXATE,TELFAST,development,crossfit_development,0,TOFAXA,0,0.7238371771669323,9,0.14329660848211323,0.625,0.8375000000000001,0.5454545454545454,1,0.022871277920645278,0.0,0.08750000000000013,20,0,0,8
0b268e84e564df0b503c,RIVOFINIL,RIVOTRIL,development,crossfit_development,1,RIBOVINAL,0,0.42575351301628483,8,0.12142815782704765,0.6666666666666667,0.8433862433862434,0.25,1,0.011791399898069613,0.0,-0.03994708994708995,20,0,0,9
131f330521cdabe19925,LOMIX,LASIX,development,crossfit_development,0,LOMEX,0,0.24264438629973564,8,0.1276443129288895,0.8,0.9066666666666667,0.5,1,0.01610456141259002,0.0,0.040000000000000036,20,0,0,5
4a83c3cf639863befa38,PETWCLINE,PETHIDINE,development,crossfit_development,1,PETHIDINE,1,0.734153632416369,7,0.10631936938289398,0.6666666666666667,0.8444444444444443,0.5,2,0.03500558036112533,0.06666666666666676,0.0644444444444443,20,0,0,9
4f30b8a12c23063fedc0,PIROBIL,RIVOTRIL,development,crossfit_development,0,PIROVIT,0,0.6099282534528083,7,0.10850306342109622,0.7142857142857143,0.8857142857142858,0.5,3,0.04691252749257281,0.1428571428571429,0.03809523809523818,20,0,0,7
5bd694f10627f6caa634,OSTOCIN,OSTOCAL,development,crossfit_development,1,OSTOCAL,1,0.3280285269989178,10,0.1531680802554335,0.7142857142857143,0.8857142857142858,0.6666666666666666,3,0.04076049272720873,-0.0357142857142857,0.0035714285714286698,20,0,0,7
7c55b4f51b4fe4a5c66d,MYOLAXO,MYOLAX,development,crossfit_development,1,MYOLAX,1,0.9087866148281594,10,0.16292559899117276,0.8571428571428572,0.9714285714285714,0.9090909090909091,2,0.038844057772534774,0.2321428571428572,0.0630952380952381,20,0,0,7
819380eaf0d4788432af,LACTI,LACTO,development,crossfit_development,1,LACTO,1,0.6706857382913038,9,0.1445112404003252,0.8,0.92,0.75,7,0.11323069299074554,0.24444444444444446,0.008888888888888946,20,0,1,5
84c22494caa20eb47771,OSTOCAD,OSTOCAL,development,crossfit_development,1,OSTOCAL,1,0.6956626460075764,10,0.15794630485121494,0.8571428571428572,0.9428571428571428,0.8333333333333334,3,0.04792780681115309,0.1071428571428572,0.03452380952380951,20,0,0,7
9ae5c7c34ecbeb3adc7c,CEPAMPLUS,MYOLAX,development,crossfit_development,0,HEPAMOL,0,0.44465408934443196,7,0.10634174843552897,0.5555555555555556,0.7566137566137566,0.42857142857142855,2,0.028566399271680518,0.0,-0.04867724867724865,20,0,0,9
abeee44d075195483765,RIVOHIL,RIVOTRIL,development,crossfit_development,1,RIVOTRIL,1,0.7749038334455877,7,0.11320081862288368,0.75,0.9214285714285715,0.6666666666666666,2,0.03560669189272289,0.1785714285714286,0.12142857142857144,20,0,0,7
b75811036e405e08e86b,AVASADLAR,ABASAGLAR,development,crossfit_development,1,ABASAGLAR CARTRIDGES,1,0.004210528253479711,5,0.07358298510661095,0.368421052631579,0.7438596491228069,0.32,-3,-0.04942054050893557,-0.29824561403508776,0.04941520467836258,20,0,0,9
c257697387805475510b,ABASAGLAK,ABASAGLAR,development,crossfit_development,1,ABASAGLAR CARTRIDGES,1,0.032080552901075185,8,0.12694788025300985,0.42105263157894735,0.8619883040935673,0.56,0,-0.0006330962825591424,-0.02894736842105261,-0.02801169590643271,20,0,0,9
ccecef4289f7968c522c,LACTT,LACTO,development,crossfit_development,1,LACTO,1,0.7408370529407532,10,0.16071918699360874,0.8,0.92,0.75,4,0.06854453633138535,0.17500000000000004,-0.0050000000000000044,20,0,0,5
d1caa03b540c73c01b5d,OSMOL,OSTOCAL,development,crossfit_development,0,EZAMOL,0,0.013015076271662061,4,0.05604256542996836,0.5,0.7000000000000001,0.4444444444444444,-4,-0.06689369960007721,-0.125,-0.22499999999999998,20,0,1,5
d3a70ad047d5c389b905,RIWO,RIVO,development,crossfit_development,1,RIVO,1,0.9792902526079716,7,0.10501771262561885,0.75,0.8666666666666667,0.3333333333333333,4,0.058729950208824176,0.5,0.3388888888888889,19,0,0,4
d97329e8b623f1bc716a,LAMIX,LASIX,development,crossfit_development,1,LASIX,1,0.12620579073996838,6,0.09163706427097278,0.8,0.8933333333333333,0.5,-1,-0.01645033159172643,0.0,0.026666666666666616,20,0,1,5
f8e8078134fc4b5f2d4e,ABDSAQLAR,ABASAGLAR,development,crossfit_development,1,ABASAGLAR CARTRIDGES,1,0.005670676293795421,4,0.06115695613646434,0.368421052631579,0.6201615148983569,0.32,3,0.04502792387839982,-0.0861244019138756,-0.04987215513531318,20,0,0,9
0318559b203db620385d,RICOHIL,RIVOTRIL,development,crossfit_development,1,RICHI BODY,0,0.09060097361839252,2,0.03252247488101534,0.4444444444444444,0.85,0.42857142857142855,-4,-0.05041220686701241,-0.18055555555555558,0.07023809523809521,20,0,0,7
05995c985af69e82d671,RIVITAM,RIVOTRIL,development,crossfit_development,0,ROVITAN,0,0.4377059179721989,6,0.09419619874073738,0.7142857142857143,0.7685714285714286,0.5,-2,-0.02866148740422314,0.0892857142857143,-0.04492063492063503,20,0,0,7
14c44250ca9ce822a265,KETO REDADO,KETOROLAC,development,crossfit_development,1,KETOREST,0,0.569126509937289,6,0.09289609039837553,0.6,0.87,0.625,-1,-0.009907441471740372,0.0,0.0030158730158729163,20,0,0,10
18533cbdba8dc7f0fb8b,ARDAN,RIVO,development,crossfit_development,0,ADANT,0,0.19486174109143048,8,0.1241246966897883,0.6,0.88,0.5,1,0.011631898912413924,-0.025000000000000022,0.0050000000000000044,20,0,1,5
2743b77276690db974a3,KUTOROLAC,KETOROLAC,development,crossfit_development,1,KETOROLAC,1,0.9575467541455984,10,0.16341399947957325,0.8888888888888888,0.9333333333333333,0.75,0,0.01078729019370836,0.2222222222222221,0.13333333333333341,20,0,0,9
2e33bb77bd3a927b0725,RIVOTRI,RIVOTRIL,development,crossfit_development,1,RIVOTRIL,1,0.9858854165998989,9,0.1453044714949841,0.875,0.975,0.9090909090909091,7,0.11547680909993328,0.5892857142857143,0.2607142857142857,20,0,1,7
34914e47174d65116298,CELLULOSE,CELEBREX,development,crossfit_development,0,CELLUCARE,0,0.9168572488245401,8,0.12374605926860027,0.6666666666666667,0.8666666666666666,0.5,4,0.06717566198319466,0.22222222222222232,0.11250000000000004,20,0,0,9
39576e059fdc51957559,RIVOKIL,RIVOTRIL,development,crossfit_development,1,RIVOTRIL,1,0.765166094553943,7,0.11344883449589956,0.75,0.9214285714285715,0.6666666666666666,1,0.02234786522893739,0.1785714285714286,0.12142857142857144,20,0,0,7
3dab7e101c81acd4fcd4,REFORD,KETOROLAC,development,crossfit_development,0,RECART,0,0.1700506336709619,3,0.04483895544346364,0.5,0.6666666666666666,0.2,1,0.014217169562210717,0.0,0.0,20,0,0,6
3fb4e8aa37c44c1dba3b,LACT,LACTO,development,crossfit_development,1,LACTO,1,0.8072046440586738,9,0.14754098360655737,0.8,0.96,0.8571428571428571,2,0.04206028765884169,0.22857142857142865,0.04571428571428571,20,0,0,4
4a3a62eb461c30171e97,RIVOTRIGL,RIVOTRIL,development,crossfit_development,1,RIVOTRIL,1,0.9606096612521564,10,0.16316598360655737,0.8888888888888888,0.9777777777777777,0.7692307692307693,5,0.0878290208644713,0.33333333333333326,0.11388888888888893,20,0,0,9
57c5e0fd954fb813e3ce,RIO,RIVO,development,crossfit_development,1,RIVO,1,0.900507435358471,4,0.06557377049180328,0.75,0.9333333333333333,0.4,-1,-0.007158871246583043,0.41666666666666663,0.3777777777777779,20,0,0,3
68ec6344aa7cfd5fd080,ABDSOGOG LAY,ABASAGLAR,development,crossfit_development,1,ABASAGLAR CARTRIDGES,1,0.016627409953148584,3,0.047643442622950824,0.26315789473684215,0.5093035619351408,0.23076923076923078,1,0.01658903723055795,-0.1004784688995215,-0.11721158958001077,11,0,0,11
6b8e7dba49a407d351ba,ABA SGGLAR,ABASAGLAR,development,crossfit_development,1,ABASAGLAR CARTRIDGES,1,0.03744943714278423,8,0.12529222448478133,0.42105263157894735,0.8369883040935672,0.48,4,0.06833641226950207,-0.13450292397660824,0.11013645224171542,20,0,0,9
6f86e4e311badc7a2b18,MIYOKO,MYOLAX,development,crossfit_development,0,MICO,0,0.6672140093942515,7,0.10617386963832082,0.5,0.8,0.25,3,0.042665805122191786,0.0,0.24444444444444458,20,0,0,6
728d12f7a1eb28af0fd7,PFIZER,PETHIDINE,development,crossfit_development,0,AVAZIR,0,0.04698343155016314,2,0.032266458495966696,0.33333333333333337,0.5555555555555555,0.0,-4,-0.06250526722234814,0.0,-0.24444444444444446,20,0,0,6
7b86bb5e9d03596c45e9,OSTEOL,OSTOCAL,development,crossfit_development,0,OSTEO,0,0.607264239412538,8,0.12919557034871063,0.8333333333333334,0.9666666666666667,0.8888888888888888,0,0.005806898944605607,0.11904761904761907,0.02857142857142858,20,0,0,6
95f069e78198aeb3e1d7,KETO RDGO,KETOROLAC,development,crossfit_development,0,KETOREST,0,0.34569176871470547,7,0.10765493553241008,0.625,0.85,0.5714285714285714,-2,-0.02870396329110443,0.0,-0.017857142857142905,20,0,0,8
998ea05bf12d489823be,LACTOSE,LASIX,development,crossfit_development,0,LACTASE,0,0.3798398010749344,9,0.14523565573770492,0.8571428571428572,0.9428571428571428,0.6666666666666666,2,0.03757505701948924,0.1071428571428572,0.021428571428571352,20,0,1,7
9ebd223d5f4e5e859b9a,KEONOOL,KETOROLAC,development,crossfit_development,0,MYOCOOL,0,0.3692338356954534,3,0.046035988394528854,0.5714285714285714,0.7142857142857143,0.3333333333333333,-1,-0.018240518744551,0.1428571428571428,0.03809523809523818,20,0,0,7
bbc610e8816fc21c66c9,RIVIO,RIVOTRIL,development,crossfit_development,0,RIVO,0,0.7345772861788066,10,0.15802279948526365,0.8,0.9533333333333333,0.5714285714285714,7,0.1110953782198549,0.24444444444444446,0.10370370370370363,20,0,1,5
bbfe6df02fcecdcf3513,ABUNDANT,IBUPROFEN,development,crossfit_development,0,ADANT,0,0.2732616329870659,8,0.13008989952406136,0.625,0.8274999999999999,0.5454545454545454,2,0.03839578710346214,0.0,0.027499999999999858,20,0,0,8
c0c625e9e9e249b473e5,MYLOX,MYOLAX,development,crossfit_development,0,MYLON,0,0.6534672430198203,9,0.1448205703487106,0.8,0.92,0.75,1,0.019649447559580313,0.1333333333333333,0.01777777777777778,20,0,0,5
c27313ee7d710ef5c5fb,GRAPE PLUS,MYOLAX,development,crossfit_development,0,GRAPEXON,0,0.5365378422690463,6,0.09526688304218638,0.5555555555555556,0.836111111111111,0.5333333333333333,3,0.050354956047279756,0.0,0.0435185185185184,20,0,0,9
d170a61b3873ab8dc9a9,KETONES,KETOROLAC,development,crossfit_development,0,KETOKED,0,0.26244092669531294,7,0.10642390111518804,0.7142857142857143,0.8857142857142858,0.5454545454545454,0,-0.0040821050217311194,-0.0357142857142857,-0.0357142857142857,20,0,0,7
dcff017efad865a6fe03,RIV,RIVOTRIL,development,crossfit_development,0,RIVO,0,0.7755644968941656,9,0.14533299658661278,0.75,0.9416666666666667,0.8,6,0.0995596955538447,0.25,0.16388888888888886,20,0,0,3
e2609d2292a7c69593ae,KETOM,KATOMOR,development,crossfit_development,0,KETAM,0,0.45934820579793173,9,0.1434392330743468,0.8,0.9066666666666667,0.5,2,0.03451558188703181,0.17500000000000004,-0.018333333333333313,20,0,0,5
e5939ad546802bfde059,NEUROTROPHIC,NEUROCET,development,crossfit_development,0,NEUROTOP,0,0.8034038713529033,7,0.11345683500793231,0.6666666666666667,0.9333333333333333,0.7058823529411765,1,0.01718628024980484,0.08333333333333348,0.04166666666666663,20,0,0,12
f997f817ab2c178bace7,LAE,LACTO,development,crossfit_development,0,LAX,0,0.25408860822622964,5,0.07725467236074757,0.6666666666666667,0.8222222222222222,0.5,0,-0.003919309659347628,0.06666666666666676,-0.07111111111111112,14,0,0,3
fece28429c661b61b9ac,ABASAGHAR,ABASAGLAR,development,crossfit_development,1,ABASAGLAR CARTRIDGES,1,0.11861217798109687,7,0.11396086726599684,0.42105263157894735,0.8619883040935673,0.48,4,0.06969330686940418,-0.07894736842105265,0.24346978557504872,20,0,0,9
12f15c8751f4493633a7,ABUPROFEN,IBUPROFEN,development,crossfit_development,1,IBUPROFEN,1,0.9915499782018588,9,0.14727657324167107,0.8888888888888888,0.9259259259259259,0.875,2,0.04337975321581877,0.2222222222222221,0.14814814814814825,20,0,0,9
16004d3f9efd99a490da,RIVOTTIA,RIVOTRIL,development,crossfit_development,1,RIVOTRIL,1,0.7298065458775065,7,0.11345683500793233,0.75,0.9,0.6153846153846154,1,0.025129139576154633,0.125,0.07500000000000007,20,0,0,8
201880233e8990061834,KETOCONAZOLE,KETOROLAC,development,crossfit_development,0,BUTOCONAZOLE,0,0.9953608137374048,9,0.1457702354053491,0.8333333333333334,0.888888888888889,0.8181818181818182,3,0.05591753592054449,0.16666666666666663,0.23611111111111116,20,0,0,12
2f9807f53932d708dc4e,OSTACUR,OSTOCAL,development,crossfit_development,1,OSTEOCARE,0,0.05299363157491224,6,0.09209507441263128,0.5555555555555556,0.85,0.2857142857142857,-1,-0.02135376008326828,-0.14444444444444438,-0.050000000000000044,20,0,0,7
432f97323afdbbcf3d8f,OSCAR,OSTOCAL,development,crossfit_development,0,ASCOR,0,0.014204089040858119,5,0.07997871687619669,0.6,0.7333333333333334,0.25,-2,-0.03226021640980166,-0.11428571428571432,-0.17142857142857137,20,0,1,5
4e95d62fbe4a22b2da7b,PETRIDENE,PETHIDINE,development,crossfit_development,1,PETHIDINE,1,0.21844882899081494,8,0.12656088678199995,0.7777777777777778,0.8629629629629629,0.5,-2,-0.029095384195860136,0.0,0.058730158730158744,20,0,1,9
4f29c7b54284a786a182,ABDUSONG LAR,ABASAGLAR,development,crossfit_development,1,ABASAGLAR CARTRIDGES,1,0.0017770890774900443,5,0.07383662444113265,0.26315789473684215,0.5730234677603098,0.2962962962962963,4,0.05770759218306813,-0.16541353383458646,-0.0682102984734565,20,0,0,11
562c8c6309655f0b7fa9,ABANA,ABASAGLAR,development,crossfit_development,0,IBAN,0,0.03513772533479035,6,0.0849859896905479,0.6,0.7833333333333333,0.5714285714285714,-1,-0.025377072621865865,-0.06666666666666676,-0.03888888888888897,20,0,0,5
56da178b07333fc7a2f5,RIVAROXABAN,RIVO,development,crossfit_development,0,REPATOXABAN,0,0.5505104922619363,9,0.1381186930406969,0.7272727272727273,0.8363636363636364,0.5,0,-0.008629059471201572,-0.09090909090909083,-0.06599326599326594,20,0,0,11
6cd3309a1b9f108d4416,MAYO LAX,MYOLAX,development,crossfit_development,1,MYOLAX,1,0.9357198420972496,9,0.14432416934827735,0.8571428571428572,0.9571428571428572,0.7272727272727273,4,0.06766639507249558,0.2857142857142858,0.13111111111111118,20,0,0,7
6f73e59cf5333774700a,KETONOLACTONE,KETOROLAC,development,crossfit_development,1,KETOROLAC,1,0.9836908944697795,6,0.09287103671855242,0.6153846153846154,0.9008547008547009,0.6666666666666666,2,0.029603356817808,0.0,0.2207264957264956,20,0,1,13
70f653f8dc993849cd4b,MYOLANA,MYOLAX,development,crossfit_development,1,MYOLAX,1,0.5773363179896267,9,0.14202450543011094,0.7142857142857143,0.9095238095238095,0.7272727272727273,2,0.0324728212618218,0.04761904761904756,-0.0174603174603174,20,0,0,7
7162f97019787a575fea,PETTICOAT,PETHIDINE,development,crossfit_development,0,PEDICORT,0,0.5863672611410695,5,0.07993205454865952,0.6666666666666667,0.8444444444444443,0.4,0,0.004850920670629019,0.0,0.06666666666666665,20,0,0,9
9225d3831fdaae6ba895,LADIX,LASIX,development,crossfit_development,1,LASIX,1,0.16881203298357042,8,0.12552310471566158,0.8,0.8933333333333333,0.5,-1,-0.014279146033178286,0.0,0.026666666666666616,20,0,0,5
9d2f13252bb9a63b29f2,ARYADE,RIVO,development,crossfit_development,0,ARID,0,0.5265468265537308,6,0.09298566760227257,0.5,0.8,0.25,2,0.027676307475355585,0.16666666666666663,0.10555555555555574,20,0,0,6
a373e8a20d9db60f3eeb,LACTULOSE,LACTO,development,crossfit_development,0,LACTULOSE HEK,0,0.7456667891897893,8,0.1299056135121709,0.75,0.95,0.8421052631578947,-2,-0.023712141018771504,0.08333333333333326,0.06666666666666665,20,0,1,9
a44e0004bc2485efeae4,KEFON,KETOROLAC,development,crossfit_development,0,KIFPAN,0,0.049213346085346846,3,0.047712258380229994,0.5,0.7300000000000001,0.0,1,0.016198610737550093,-0.09999999999999998,-0.0033333333333332993,20,0,0,5
a72939cc43d4abe857c9,KLOROZOLE,KETOROLAC,development,crossfit_development,0,LETROZOLE,0,0.8741966163375444,7,0.11153728410237572,0.6666666666666667,0.7566137566137566,0.6666666666666666,2,0.03451398306960764,0.0,0.08994708994709,20,0,0,9
aac8bef2d3ba2a3b7371,OSSETIA,OSSICA,development,crossfit_development,1,OSSICA,1,0.12772606335977382,8,0.1231433540899432,0.5714285714285714,0.8944444444444445,0.36363636363636365,2,0.030646803105819506,0.0,0.015079365079365137,20,0,0,7
af30f8aa022dff9b1b6b,CENZYA,MYOLAX,development,crossfit_development,0,CYNZIA,0,0.5830112249734187,6,0.09106890173687336,0.6666666666666667,0.7999999999999999,0.2,1,0.017491239341822548,0.16666666666666674,0.09999999999999987,20,0,0,6
b1cc76db41b7a89e1617,CALLISIA,CELEBREX,development,crossfit_development,0,CALNESIA D,0,0.33688222927474337,5,0.07734351386749953,0.6666666666666667,0.825,0.5333333333333333,-3,-0.04961554436963782,0.04166666666666674,-0.04861111111111127,20,0,0,8
b40f4e53620abc9e275e,MYLOPOTAMIA,MYOLAX,development,crossfit_development,0,MILUPA TEA,0,0.19882431860791555,3,0.047907090265630725,0.4545454545454546,0.6818181818181818,0.1111111111111111,-2,-0.029527311610291235,0.0,-0.0858766233766235,20,0,0,11
e242ad00fa595d6deb0b,RIVAROXABAN,RIVOTRIL,development,crossfit_development,0,REPATOXABAN,0,0.5584446945813778,9,0.1381186930406969,0.7272727272727273,0.8363636363636364,0.5,0,-0.008629059471201572,-0.09090909090909083,-0.06599326599326594,20,0,0,11
f4040f242734b0221923,TELAFAS,TELFAST,development,crossfit_development,1,TELFAST,1,0.983043172180649,9,0.14600333563844936,0.7142857142857143,0.8944444444444445,0.6666666666666666,6,0.09787225524930446,0.45112781954887216,0.22568922305764416,20,0,0,7
1ff893a96ff84f6b192f,RIVOLMIL,RIVOTRIL,development,crossfit_development,1,RIVOTRIL,1,0.9406570672333889,9,0.1397430454539887,0.75,0.8666666666666667,0.6153846153846154,6,0.09547548505739603,0.25,0.17619047619047634,20,0,0,8
339fdc8e3a9ab79101c1,MYLOLAX,MYOLAX,development,crossfit_development,1,MYOLAX,1,0.7925753532016595,9,0.14537588424190864,0.8571428571428572,0.9174603174603175,0.7272727272727273,0,0.008782898293403674,0.1428571428571429,0.031746031746031744,20,0,0,7
3a86ecb88416123f6fe0,RIVOLTIL,RIVOTRIL,development,crossfit_development,1,RIVOTRIL,1,0.7702363717465918,8,0.1270304709840619,0.75,0.9214285714285715,0.6153846153846154,2,0.03733790578746443,0.125,0.09642857142857153,20,0,0,8
3b6abba4868c994caccc,PETTWINI,PETHIDINE,development,crossfit_development,0,PETTIX,0,0.877897707948776,7,0.11344883449589954,0.625,0.8916666666666667,0.5,3,0.05129510412761466,0.125,0.20119047619047636,20,0,0,8
4258b3839ce3e53e8397,KETONALA,KETOROLAC,development,crossfit_development,0,KETORAL,0,0.7641675031236013,9,0.14060355517917655,0.75,0.9214285714285715,0.6153846153846154,2,0.02841156379462831,0.125,0.033333333333333326,20,0,0,8
4c2821ac540b04d55e9f,RIVOTAI,RIVOTRIL,development,crossfit_development,1,RIVOTRIL,1,0.6319590674879827,7,0.11372124537281862,0.75,0.9214285714285715,0.6666666666666666,4,0.06768149882903982,0.1785714285714286,0.05714285714285716,20,0,1,7
56fdee4175d2110d6070,RIVOFLURAL,RIVOTRIL,development,crossfit_development,1,RIVOTRIL,1,0.5210215109491424,6,0.09048195623352326,0.6,0.8366666666666667,0.4,-1,-0.016288627334064193,-0.036363636363636376,0.05787878787878786,20,0,0,10
57a9c00b55c30b35093c,KETODEXTRO,KETOROLAC,development,crossfit_development,0,KETODERM,0,0.9745877966968438,9,0.14091931473472008,0.7,0.915,0.625,6,0.09200339723075392,0.09999999999999998,0.18166666666666664,20,0,0,10
5cea1e03e2b1167badaa,KETONALAC,KETOROLAC,development,crossfit_development,1,KETOROLAC,1,0.5923034647672187,9,0.14467404602419145,0.7777777777777778,0.8825396825396825,0.625,0,-9.797348341769596e-05,0.0,-0.0444444444444444,20,0,0,9
60c14c31e5fe1c01e37d,MYOLAP,MYOLAX,development,crossfit_development,1,MYOLAX,1,0.8994720567711604,9,0.14677254098360656,0.8333333333333334,0.9333333333333333,0.8,4,0.06998772221374149,0.261904761904762,0.08571428571428574,20,0,0,6
93492e07435b349c229b,RIVOHCL,RIVOTRIL,development,crossfit_development,1,RIVOTRIL,1,0.5162079813723618,7,0.10998400436460365,0.625,0.8678571428571429,0.5,2,0.03608220475399654,0.0535714285714286,0.06785714285714284,20,0,0,7
954b2dff6f03a21ec6ec,RIVOPHIL,RIVOTRIL,development,crossfit_development,1,RIVOTRIL,1,0.8734309792695127,8,0.12448083848565002,0.75,0.9,0.6153846153846154,2,0.03838317349948574,0.25,0.125,20,0,0,8
9b6729e0a521a0c73901,RIVOCIN,RIVOTRIL,development,crossfit_development,0,RIFOCIN,0,0.9266914310395287,10,0.1572563791802638,0.8571428571428572,0.9238095238095239,0.6666666666666666,9,0.1411273469221993,0.3015873015873016,0.1428571428571429,20,0,1,7
9e7c718cca0702a1c9dc,ABASAGILAR,ABASAGLAR,development,crossfit_development,1,ABASAGLAR CARTRIDGES,1,0.05944342380385347,8,0.1290810722857259,0.42105263157894735,0.8652631578947367,0.5384615384615384,3,0.05030775727730341,-0.17894736842105263,0.16050125313283192,20,0,0,10
ae4a30ae1e9e907c1849,KETOLIDE,KETOROLAC,development,crossfit_development,0,KETOLAC,0,0.5014959872027361,9,0.13738837193036796,0.625,0.8678571428571429,0.6153846153846154,1,0.011647451068809878,0.0,-0.03214285714285714,20,0,0,8
b983e74074f6122b7b3b,LAUSIX,LASIX,development,crossfit_development,1,LASIX,1,0.7941049923820069,10,0.1626924987580725,0.8333333333333334,0.9555555555555556,0.6666666666666666,3,0.05365284735988066,0.20833333333333337,0.13611111111111107,20,0,0,6
be7a88d3a2730302f447,KETONALAE,KETOROLAC,development,crossfit_development,1,KETOROLAC,1,0.34555398085723693,6,0.08793274976706326,0.6666666666666667,0.8333333333333334,0.5,-1,-0.020058091295198477,0.0,-0.04999999999999993,20,0,0,9
c2ba70c4783a7a988d5e,NEUROLET,NEUROCET,development,crossfit_development,1,NEUROCET,1,0.8188472304691128,9,0.14571489952406136,0.875,0.95,0.7142857142857143,0,0.007266889687552236,0.125,0.04999999999999993,20,0,0,8
c70da6d274f39de202c0,OSPLCONL,OSTOCAL,development,crossfit_development,1,OSPEXIN,0,0.6283780626595911,4,0.06049450285304331,0.5,0.6904761904761904,0.3076923076923077,2,0.0313784576079658,0.0,0.0,20,0,0,8
c80cde14d4940d070594,LACETUM,LACTO,development,crossfit_development,1,LACTO,1,0.15922353704616682,6,0.09204096449998089,0.5714285714285714,0.8533333333333333,0.4,0,-0.0011096457877261684,0.0714285714285714,0.007499999999999951,20,0,0,7
ca27ec5e18e6917769ae,TOC,TOCO,development,crossfit_development,1,TOCO,1,0.9993504006651107,9,0.14650813061872026,0.75,0.9416666666666667,0.8,8,0.13037909836065575,0.35,0.4305555555555556,6,0,0,3
d0f1b1ffa59158193a69,LACUT,LACTO,development,crossfit_development,1,LACTO,1,0.8526145112953909,9,0.1426342899108632,0.6,0.9066666666666667,0.5,7,0.11317192431946534,0.4235294117647058,0.2282352941176472,20,0,0,5
d3b40fec4b74625c7a1a,KITOROLAC,KETOROLAC,development,crossfit_development,1,KETOROLAC,1,0.9634165468788709,10,0.16341399947957325,0.8888888888888888,0.9333333333333333,0.75,1,0.02458390407262237,0.2222222222222221,0.13333333333333341,20,0,0,9
e81fd76592fc5d0d1ffa,ALBA SAGLARC,ABASAGLAR,development,crossfit_development,1,ABASAGLAR CARTRIDGES,1,0.1611917153732895,6,0.09482324901580587,0.4736842105263158,0.740622009569378,0.5925925925925926,2,0.03397105559622403,0.019138755980861233,0.04744019138755973,20,0,0,11
eaf5008831e42e56afcd,TELFARA,TELFAST,development,crossfit_development,1,TELFAST,1,0.40695213901716665,7,0.11267199789311107,0.7142857142857143,0.8857142857142858,0.6666666666666666,0,-0.0005757626312227204,0.0,-0.01904761904761898,20,0,0,7
ef7d5f1ee773ad5cd0b9,ABASAGALAR,ABASAGLAR,development,crossfit_development,1,ABASAGLAR CARTRIDGES,1,0.3001783526102358,8,0.12958586726599686,0.4736842105263158,0.8652631578947367,0.5384615384615384,6,0.100123501674599,-0.02631578947368418,0.22359649122807002,20,0,0,10
effab18d3e9c2edba63b,KETODOLAC,KETOROLAC,development,crossfit_development,1,KETOROLAC,1,0.721390206098251,10,0.1587505525544122,0.8888888888888888,0.9555555555555556,0.75,0,-0.0034131254738877237,0.0,-0.007407407407407307,20,0,0,9
fbda51393859bd77b22b,RIVOCICLIN,RIVOTRIL,development,crossfit_development,0,RIVO MICRO,0,0.4425276868220632,3,0.04627081163075462,0.6,0.8200000000000001,0.47058823529411764,-3,-0.04660970798330546,-0.036363636363636376,0.06090909090909091,20,0,0,10
ff7f7692884b5c1b16f6,CIRCUMPLU,MYOLAX,development,crossfit_development,0,CIRCUNEX,0,0.48726052425065935,7,0.10903519778223754,0.5555555555555556,0.836111111111111,0.5333333333333333,2,0.027596805397256036,0.0,0.0,20,0,0,9
194797dcbc83ed828262,KEFOROLAE,KETOROLAC,development,crossfit_development,1,KETOROLAC,1,0.8031064000915643,7,0.11475409836065575,0.7777777777777778,0.8814814814814814,0.625,0,0.008814160162653031,0.11111111111111105,0.059259259259259234,20,0,0,9
1a8e9c2cdc1cf7fdf78b,LAIX,LASIX,development,crossfit_development,1,LASIX,1,0.15541566088023667,7,0.11153046514491861,0.8,0.9466666666666665,0.5714285714285714,-2,-0.030612292319427956,0.050000000000000044,0.013333333333333197,20,0,0,4
25e4bd0cbad97b8df7eb,GNAUPLUS,MYOLAX,development,crossfit_development,0,OCCUPLUS,0,0.7488451835083976,8,0.12393388662574806,0.625,0.75,0.5714285714285714,2,0.03127533585311873,0.125,0.0,20,0,0,8
3b4280cfffc80b4732a4,OSSIA,OSSICA,development,crossfit_development,1,OSSICA,1,0.9988816591573373,8,0.12845272849764205,0.8333333333333334,0.9666666666666667,0.6666666666666666,7,0.11232369623957754,0.6333333333333334,0.3833333333333333,20,0,0,5
3dd4ae26fc8ed6d4bc45,OSHOEAL,OSTOCAL,development,crossfit_development,1,OSTOCAL,1,0.47231172832020507,5,0.08093436012691699,0.7142857142857143,0.8476190476190477,0.3333333333333333,-1,-0.013434219772099992,0.1428571428571429,0.0,20,0,0,7
456368d49df981b8ef54,KEFOROL,KETOROLAC,development,crossfit_development,0,CEVAROL,0,0.038620449487642976,5,0.07527772773674413,0.5714285714285714,0.6309523809523809,0.3333333333333333,-2,-0.03470627662785952,-0.1428571428571429,-0.21666666666666679,20,0,0,7
4a0ab8e5d02385245ea3,OSTOEL,OSTOCAL,development,crossfit_development,1,OSTOCAL,1,0.3360294699230462,8,0.12700452080838048,0.7142857142857143,0.9095238095238095,0.5454545454545454,2,0.035299528694232765,0.04761904761904756,-0.004920634920634992,20,0,0,6
4a3d0f1ab2c7e6976cbb,LAETH,LACTO,development,crossfit_development,1,LACTO,1,0.1943497005773524,5,0.07445883752676014,0.6,0.7866666666666667,0.25,-1,-0.01484135323819162,0.19999999999999996,0.0033333333333334103,20,0,0,5
4f5c7607b94cbdccee60,TEFA,TELFAST,development,crossfit_development,0,TERA,0,0.740749423834007,7,0.10473859861699664,0.75,0.8666666666666667,0.3333333333333333,4,0.05998556308761746,0.25,0.20000000000000007,20,0,1,4
6768969f1083478b1c0a,KETROL,KETOROLAC,development,crossfit_development,0,KETORAL,0,0.7315741115188068,8,0.1265246475717126,0.7142857142857143,0.9277777777777778,0.36363636363636365,3,0.0539455250858117,0.04761904761904756,0.12777777777777788,20,0,1,6
6bbfe1994e1f85984041,RIVAIL,RIVOTRIL,development,crossfit_development,0,RIVAXEL,0,0.2940158765118846,8,0.12228077849936526,0.7142857142857143,0.9095238095238095,0.5454545454545454,-2,-0.040339989885549085,0.04761904761904756,-0.023809523809523836,20,0,0,6
7daffd71550c567ea3c4,R107N1,RIVOTRIL,development,crossfit_development,0,APIDRA SOLOSTAR 100I,0,0.9844646991784447,4,0.06219280455134501,0.11111111111111116,0.40740740740740744,0.18181818181818182,0,0.0002838002838002826,-0.01388888888888884,-0.07870370370370366,2,0,0,6
80e9c5c3acaf3b0323b9,RIVOHAIL,RIVOTRIL,development,crossfit_development,1,RIVOTRIL,1,0.8156496975188958,7,0.1114923645188766,0.75,0.9,0.6153846153846154,4,0.06646520336268319,0.125,0.125,20,0,0,8
851748b9db905df5ecf2,LAOSIX,LASIX,development,crossfit_development,1,LASIX,1,0.4641954770819725,10,0.16341399947957325,0.8333333333333334,0.9555555555555556,0.6666666666666666,1,0.024281441605962212,0.16666666666666663,0.1333333333333333,20,0,1,6
93a0fd62aed29500ba36,MYOLA,MYOLAX,development,crossfit_development,1,MYOLAX,1,0.7508577474711471,8,0.12845272849764205,0.8333333333333334,0.9666666666666667,0.8888888888888888,2,0.03313821045803976,0.2777777777777778,0.05555555555555558,20,0,1,5
9a91937d0ad83ea9cfa8,POCO,TOCO,development,crossfit_development,1,PONO,0,0.2859071079514778,6,0.09167550448338539,0.75,0.8666666666666667,0.3333333333333333,-1,-0.017476031465154432,0.0,0.033333333333333326,20,0,0,4
a458f2c7020e63a6c2a8,RIVOTROL,RIVOTRIL,development,crossfit_development,1,RIVOTRIL,1,0.9525744827506534,10,0.16290157324167107,0.875,0.95,0.7692307692307693,4,0.06962397270600601,0.25,0.17222222222222217,20,0,0,8
aacea736612d9e54d509,KITOROLAE,KETOROLAC,development,crossfit_development,1,KETOROLAC,1,0.8761572890208542,9,0.1448041758568402,0.7777777777777778,0.8666666666666666,0.625,1,0.02222810686881055,0.11111111111111105,0.06666666666666665,20,0,0,9
ab73f08321b1278dc9e4,LETWDI,PETHIDINE,development,crossfit_development,0,LED,0,0.29886669591138365,8,0.12625724177978276,0.5,0.8666666666666667,0.2857142857142857,3,0.05170276901329811,0.05555555555555558,0.05592592592592582,20,0,0,6
b50e5a3b7e7df91b5ff6,ABUQADHR,IBUPROFEN,development,crossfit_development,0,ABEVAC,0,0.02927750514664868,2,0.032266458495966696,0.375,0.625,0.16666666666666666,1,0.01613742623790218,0.07499999999999996,-0.01666666666666672,17,0,0,8
b7b390190cefc39406c7,KEFOMAN,KATOMOR,development,crossfit_development,0,CEFORAN,0,0.4226674224938225,8,0.1247482872129029,0.7142857142857143,0.8095238095238096,0.5,3,0.04409473194274266,0.0,-0.0698412698412697,20,0,0,7
bd1ff845031b5305383f,OSSIEA,OSSICA,development,crossfit_development,1,OSSICA,1,0.9464325625006585,8,0.12818831813275575,0.8333333333333334,0.9333333333333333,0.6,2,0.03620282542741979,0.261904761904762,0.08571428571428574,20,0,0,6
d7cf5d2f15e67cd9ebb8,RIVONL,RIVOTRIL,development,crossfit_development,0,RIVO,0,0.698106822840186,7,0.11448968799576945,0.6666666666666667,0.9333333333333333,0.75,2,0.039152538320632285,0.22222222222222232,0.11111111111111116,20,0,0,6
ef7d3d6619a4058093b3,COBOND,CELEBREX,development,crossfit_development,0,COLONA,0,0.901125201408609,4,0.06381141627043267,0.6666666666666667,0.8222222222222222,0.4,3,0.047682384012368156,0.16666666666666674,0.15555555555555556,20,0,0,6
faf144c22ba0da281bf6,RIVOHRIL,RIVOTRIL,development,crossfit_development,1,RIVOTRIL,1,0.9820177727956474,9,0.14573892527356302,0.875,0.95,0.6666666666666666,7,0.11398489301549851,0.375,0.2595238095238096,20,0,0,8
00b1ede7be570be7b0f1,ABISAGLOR,ABASAGLAR,development,crossfit_development,1,ABASAGLAR CARTRIDGES,1,0.0014823319236130011,4,0.06384129063829452,0.368421052631579,0.6677805625174046,0.32,-3,-0.04564210127015793,-0.29824561403508776,-0.08221943748259541,20,0,0,9
0749f706f075333cd1c0,ABACAVIR,ABASAGLAR,development,crossfit_development,0,TECAVIR,0,0.563136868905112,7,0.11007443112149617,0.625,0.7130952380952381,0.6153846153846154,4,0.06761137252940533,0.125,0.13809523809523805,20,0,0,8
0d02f506c6c1df85096f,TUCO,TOCO,development,crossfit_development,1,TOCO,1,0.27975645885488815,8,0.12856140825799736,0.75,0.8500000000000001,0.3333333333333333,-1,-0.012086933545781525,0.0,0.01666666666666672,20,0,0,4
105c4ccf81f57a70cb1e,MYCLAX,MYOLAX,development,crossfit_development,1,MYOLAX,1,0.8313861732120267,9,0.1432351342617075,0.8333333333333334,0.9111111111111112,0.6,1,0.020177286500330002,0.16666666666666663,0.11111111111111127,20,0,0,6
1c6b750a0a887f6aa7cb,RIVOHOL,RIVOTRIL,development,crossfit_development,1,RIVOTRIL,1,0.5065390342750703,7,0.10690833445523108,0.625,0.8678571428571429,0.5,2,0.029935583035757954,0.0535714285714286,0.06785714285714284,20,0,0,7
1dce8baf11182e65864a,RI 100MG,RIVOTRIL,development,crossfit_development,0,RI SKIN,0,0.0804207098182499,1,0.01639344262295082,0.2857142857142857,0.5396825396825397,0.18181818181818182,-5,-0.07265770137098596,-0.07792207792207795,-0.10533910533910529,19,0,0,7
2970a5653dd533e9aa32,EBUPRODENE,IBUPROFEN,development,crossfit_development,1,IBUPROFEN,1,0.8753839934379972,9,0.1441911945259902,0.7,0.825925925925926,0.5882352941176471,4,0.06585715026450727,0.19999999999999996,0.04761904761904756,20,0,0,10
2a7c320e2fe92bd0e111,KETO RIDAC,KETOROLAC,development,crossfit_development,1,KETOROLAC,1,0.7851897861592114,9,0.14547527763088314,0.7777777777777778,0.9111111111111111,0.625,1,0.022686060062498403,0.11111111111111105,0.006349206349206327,20,0,0,9
2d11bf6997d7d1f71fc8,KETOROLACE,KETOROLAC,development,crossfit_development,1,KETOROLAC,1,0.9997806112374165,10,0.16341399947957325,0.9,0.98,0.9411764705882353,9,0.14728496722150874,0.43333333333333335,0.3688888888888888,20,0,1,10
32133d84881f5ab7491d,OSMOCALM,OSTOCAL,development,crossfit_development,1,OSTOCAL,1,0.32990350708379756,8,0.12884145039254769,0.75,0.8952380952380953,0.6153846153846154,-1,-0.013581840921872645,0.0,0.01309523809523816,20,0,0,8
3a8c1da36e52cc172658,KEFONOTAE,KETOROLAC,development,crossfit_development,0,DEFONTA,0,0.8345940195422205,8,0.13061872025383398,0.6666666666666667,0.8412698412698413,0.5714285714285714,2,0.0381301614692469,0.22222222222222232,-0.0031746031746030523,20,0,0,9
3fca792da066322d8ad7,RIVOFRIN,RIVOTRIL,development,crossfit_development,1,RIVOTRIL,1,0.7371029097116982,7,0.10939510088967541,0.75,0.9,0.5,2,0.03391567607226312,0.19444444444444442,0.05555555555555569,20,0,0,8
4c6cbef0456e3d948b44,RIVOHEL,RIVOTRIL,development,crossfit_development,0,RIVAXEL,0,0.52572119693064,8,0.12805737599993286,0.7142857142857143,0.8666666666666668,0.5,1,0.02148649392501853,0.0892857142857143,-0.0011904761904760752,20,0,0,7
60e81a877887e639c485,PETECOLIN,PETHIDINE,development,crossfit_development,0,KETOROLIN,0,0.8926608734113161,5,0.07784911468313109,0.6666666666666667,0.7777777777777777,0.5,2,0.032821953526937675,0.11111111111111116,0.07407407407407396,20,0,0,9
6c14d375975292dac514,KITORALAC,KETOROLAC,development,crossfit_development,1,KETOROLAC,1,0.6574082522483967,9,0.14343838367270342,0.7777777777777778,0.8238095238095238,0.5,-1,-0.013484332241617464,0.11111111111111105,-0.03333333333333344,20,0,0,9
7cfa12f111e0670f63bd,TELFA,TELFAST,development,crossfit_development,0,SELFA,0,0.5042491482906846,9,0.1444649715405929,0.8,0.8666666666666667,0.75,2,0.03050410427459606,0.08571428571428574,-0.07619047619047614,20,0,0,5
8782dc9ec934a884adec,RIVOFLAVIN,RIVOTRIL,development,crossfit_development,0,RIVAFLOWVA,0,0.4642761971043467,5,0.0783062050397455,0.5,0.8775000000000001,0.35294117647058826,2,0.035130389155949994,-0.09999999999999998,0.12194444444444452,20,0,0,10
960273a5638a98ee6a5f,RIVOLVI,RIVOTRIL,development,crossfit_development,0,TIVOLI,0,0.5862154021452065,7,0.11100922609480952,0.7142857142857143,0.8492063492063492,0.5454545454545454,2,0.03209252044456341,0.1428571428571429,0.0014285714285714457,20,0,0,7
9d55be11c49655d7772a,LAETIS,LACTO,development,crossfit_development,0,LANVIS,0,0.8570945736106913,6,0.08960650842209994,0.6666666666666667,0.8222222222222222,0.4,5,0.07347747616403542,0.35416666666666674,0.17361111111111105,20,0,0,6
b563456f254df5e62359,TOCILIZUMAB,TOCO,development,crossfit_development,0,ALIZOLAM,0,0.044006247538623165,1,0.01639344262295082,0.36363636363636365,0.654040404040404,0.23529411764705882,0,0.00026441036488630484,0.0,0.0923520923520923,20,0,0,11
c0d72ab8fc5869c83fcd,KETO RCOLCO,KETOROLAC,development,crossfit_development,1,KETOROLAC,1,0.7640694001875142,9,0.14481256983667784,0.7,0.9127777777777778,0.625,1,0.018465520260511736,0.0,0.01722222222222225,20,0,0,10
c40c0dd9623eea0c5528,ALBA SAGL ATZ,ABASAGLAR,development,crossfit_development,1,ABASAGLAR CARTRIDGES,1,0.08606163645248398,4,0.06379650063051703,0.42105263157894735,0.6528442317916002,0.4444444444444444,2,0.03228285298783713,0.0574162679425837,0.03163211057947901,20,0,0,11
cf3ca40ef35fa3ee8b48,OSTOCALD,OSTOCAL,development,crossfit_development,1,OSTOCAL,1,0.9435268706457209,10,0.15993480108977234,0.875,0.975,0.9230769230769231,7,0.11460713285557825,0.25,0.125,20,0,1,8
cfd4e62024da5603556f,ABERAGLAR,ABASAGLAR,development,crossfit_development,1,ABASAGLAR CARTRIDGES,1,0.017714806714179097,5,0.07356410657110837,0.368421052631579,0.7826510721247563,0.4,1,0.012844109722079264,-0.07602339181286544,0.060428849902534054,20,0,0,9
d4a168f89b04b96aaef3,CALBONETX,CELEBREX,development,crossfit_development,0,CALTONEX,0,0.6553219155672427,8,0.1276079169009497,0.7777777777777778,0.9189814814814814,0.5333333333333333,1,0.017517265465454998,0.11111111111111105,0.05509259259259258,20,0,0,9
f731b9eee72201c927b0,OSTOCUL,OSTOCAL,development,crossfit_development,1,OSTOCAL,1,0.9105787361825071,10,0.15967878470472371,0.8571428571428572,0.9428571428571428,0.6666666666666666,4,0.06693110767692334,0.3015873015873016,0.11322751322751323,20,0,0,7
f91d8d3151352bc3c247,CINNA PLUS,MYOLAX,development,crossfit_development,0,CINNAZIN,0,0.6195961035121095,5,0.07919824901580587,0.5555555555555556,0.836111111111111,0.5714285714285714,2,0.03591823528645168,0.0,0.11388888888888882,20,0,0,9
049da3defb0b7fdace0d,RIYO,RIVO,development,crossfit_development,1,RIVO,1,0.4029676774630181,6,0.0933835134914197,0.75,0.8666666666666667,0.3333333333333333,1,0.01920934862334915,0.15000000000000002,0.06166666666666665,20,0,0,4
0fd25c9a9a5ae5fc6d4d,OSTROCOLL,OSTOCAL,development,crossfit_development,1,OSTOCAL,1,0.6832644074147374,7,0.11448968799576945,0.6666666666666667,0.888888888888889,0.42857142857142855,1,0.022221585208732575,0.11111111111111116,0.08333333333333348,20,0,0,9
124df584c6341a2debbe,ABUPRUFEN,IBUPROFEN,development,crossfit_development,1,IBUPROFEN,1,0.8625227900518573,9,0.14649173612684982,0.7777777777777778,0.8518518518518517,0.625,1,0.01972635625729227,0.11111111111111105,0.01851851851851838,20,0,0,9
17fb2b2ce2def7d306b8,ABA SAGLARZ,ABASAGLAR,development,crossfit_development,1,ABASAGLAR CARTRIDGES,1,0.3802599198707532,8,0.12813486531096263,0.4736842105263158,0.8747368421052631,0.6153846153846154,6,0.09685431790138296,-0.02631578947368418,0.27473684210526317,20,0,0,10
34add7c12fa42168ce05,TELFAIR,TELFAST,development,crossfit_development,1,TELFAST,1,0.5597582429108954,7,0.11103137952455153,0.7142857142857143,0.8857142857142858,0.6666666666666666,-2,-0.03207939066184001,0.0,0.07619047619047614,20,0,0,7
3e0d8ab9cd6fb1c74375,ABRASAGLAR,ABASAGLAR,development,crossfit_development,1,ABASAGLAR CARTRIDGES,1,0.03844492958326425,7,0.10839944122500142,0.42105263157894735,0.7936842105263158,0.5384615384615384,4,0.06000395047097021,-0.17894736842105263,0.1214619883040936,20,0,0,10
4b0ccd5d264b095112d1,RIVONIL,RIVOTRIL,development,crossfit_development,1,RIVOTRIL,1,0.6427760580988171,7,0.11296043400749907,0.75,0.9214285714285715,0.6666666666666666,4,0.06603301274209032,0.19444444444444442,0.05687830687830697,20,0,1,7
60b81a4efe6d8774e6d3,ABDSAGLOR,ABASAGLAR,development,crossfit_development,1,ABASAGLAR CARTRIDGES,1,0.002805830468102894,4,0.06255457315908136,0.368421052631579,0.6677805625174046,0.32,-2,-0.02893451854582134,-0.1871345029239766,-0.08638610414926196,20,0,0,9
764f381c0eb6877d2696,CINAMA PLUS,MYOLAX,development,crossfit_development,0,CINACALCET,0,0.3494261127159618,3,0.04771225838023,0.5,0.8400000000000001,0.3333333333333333,0,-0.00016280562386625924,0.09999999999999998,0.020000000000000018,20,0,0,10
8e73cb976cb744a78edc,KETO RCOLAO,KETOROLAC,development,crossfit_development,1,KETOROLAC,1,0.8206975208738039,7,0.11448968799576945,0.8,0.9355555555555555,0.7058823529411765,0,0.004068444812429489,0.10000000000000009,0.039999999999999925,20,0,0,10
99986115fbbe3fb9ad47,PETWOLIM,PETHIDINE,development,crossfit_development,0,PEDOHEM,0,0.344412186515576,1,0.01639344262295082,0.5,0.6904761904761904,0.15384615384615385,0,0.00026441036488630484,-0.05555555555555558,-0.09100529100529109,20,0,0,8
9c9f34358b29ac706ec2,KETROLAC,KETOROLAC,development,crossfit_development,1,KETOROLAC,1,0.805341747794248,10,0.1618607197418012,0.8888888888888888,0.9449074074074074,0.8,1,0.016426625074496576,0.01388888888888884,-0.025925925925925908,20,0,1,8
9f7a8b65959a2859d6d4,RIVASTIGMINE,RIVOTRIL,development,crossfit_development,0,UNIRIVASTIGMINE,0,0.8209544824960364,8,0.1266676739442472,0.8,0.7944444444444444,0.88,0,-0.0007258380714690871,0.1333333333333333,-0.13888888888888895,20,0,0,12
c59e3eb63883b07d6a1e,KITORCALAC,KETOROLAC,development,crossfit_development,1,KETOROLAC,1,0.8684703679693256,8,0.1250547379797726,0.7,0.8004761904761906,0.47058823529411764,3,0.049289161710164064,0.09999999999999998,-0.036666666666666625,20,0,1,10
d3ed4013a9a91e244993,RIOPHOL,RIVOTRIL,development,crossfit_development,0,RIOPAN,0,0.19720771369171788,5,0.07953770338521908,0.5714285714285714,0.8476190476190476,0.5454545454545454,-2,-0.030507485479032495,-0.1428571428571429,0.03809523809523796,20,0,0,7
04acacd066f6ab22febb,OSTEOCL,OSTOCAL,development,crossfit_development,1,OSTOCAL,1,0.2246723837560458,8,0.1266190951140981,0.7142857142857143,0.9333333333333333,0.5,-1,-0.0071480945700264364,0.0,0.04761904761904756,20,0,0,7
0afa2e1d18ec143194c9,MYOLAYO,MYOLAX,development,crossfit_development,1,MYOLAX,1,0.8429376807448095,9,0.14727657324167107,0.7142857142857143,0.9095238095238095,0.8,3,0.05605978152084709,0.1428571428571429,0.08095238095238089,20,0,0,7
18d50d9d6641c71054d5,MYDRALAX,MYOLAX,development,crossfit_development,0,MYORELAX,0,0.6287893508809457,8,0.12581225695979797,0.75,0.8222222222222222,0.42857142857142855,0,0.0026122623144841373,0.125,-0.02777777777777779,20,0,0,8
24d9ce682538174bcbc9,RIVODRIL,RIVOTRIL,development,crossfit_development,1,RIVOTRIL,1,0.9411775366803574,10,0.16211673612684982,0.875,0.95,0.6666666666666666,2,0.04235702350243638,0.25,0.1702380952380952,20,0,0,8
2c60ea4c842b9a8a9b60,KETROL 40,KETOROLAC,development,crossfit_development,1,KETOROLAC,1,0.5473631588483425,9,0.13641181177735406,0.6666666666666667,0.825,0.5333333333333333,0,0.0020468704822117767,0.0,0.0,20,0,0,8
3744a5218293dd972164,RIVAFAXIL,RIVOTRIL,development,crossfit_development,0,RIVAXEL,0,0.7215193003971416,9,0.14363959091616418,0.6666666666666667,0.9047619047619048,0.5714285714285714,5,0.08306028211964187,0.06666666666666676,0.03777777777777769,20,0,0,9
39ad379c31022356be72,MYCOLOG,MYOLAX,development,crossfit_development,1,MYCOCORT,0,0.5427586225577002,8,0.12505096544723654,0.625,0.8678571428571429,0.5,2,0.033301699359982964,0.0535714285714286,0.03928571428571426,20,0,0,7
3b5bd48fbf6e93c3576a,7000,TOCO,development,crossfit_development,0,EPIAO 4000I,0,0.008710165207869654,6,0.09511981572992322,0.30000000000000004,0.5666666666666667,0.2,0,-0.00047550716643582347,0.027272727272727337,0.006060606060605989,13,0,0,4
5e55832ba8de4687be81,CINAAM PLUS,MYOLAX,development,crossfit_development,0,CINACALCET,0,0.19027098469073572,4,0.06066100301954348,0.4,0.8400000000000001,0.3333333333333333,-2,-0.030820098468988283,0.0,-0.013333333333333197,20,0,0,10
5f088f1b23c8e41cc494,OSMOCL,OSTOCAL,development,crossfit_development,1,OSTOCAL,1,0.21638489470318809,7,0.11293640825799738,0.7142857142857143,0.8793650793650793,0.36363636363636365,-1,-0.011552404487981685,0.0892857142857143,-0.012301587301587369,20,0,0,6
bcb914cdd8149400cb27,PETAWOLIN,PETHIDINE,development,crossfit_development,0,PATADOLINE,0,0.4789429513504437,6,0.0958225745110991,0.7,0.8004761904761906,0.47058823529411764,1,0.019405136984824017,0.033333333333333215,0.022698412698412884,20,0,1,9
c8288d61de78ecdea4f4,RIVOTAL,RIVOTRIL,development,crossfit_development,1,RIVOTRIL,1,0.880076533016629,9,0.14227337901251874,0.75,0.9214285714285715,0.6666666666666666,7,0.11001531449638971,0.2954545454545454,0.1506493506493507,20,0,1,7
d29bd443a66f5060bafa,KETO RALAGO,KETOROLAC,development,crossfit_development,1,KETOROLAC,1,0.7126780171154986,10,0.15806653391264708,0.7,0.9127777777777778,0.5882352941176471,0,0.007626811389407129,-0.027272727272727337,0.007323232323232398,20,0,0,10
eb8b70625c11f4476fbb,LACH,LACTO,development,crossfit_development,1,LACTO,1,0.041617805254330766,8,0.12532885568811425,0.6,0.8483333333333334,0.5714285714285714,2,0.03094693517156219,0.0,0.06500000000000006,20,0,1,4
f1ab59fc112753d0ac95,LOXIX,LASIX,development,crossfit_development,1,LOMEX,0,0.05499915486373872,5,0.07424810868657211,0.6,0.7866666666666667,0.25,-4,-0.06737957134671341,0.0,-0.07999999999999996,20,0,0,5
f426e11b1d9935933e21,RIVOBAIL,RIVOTRIL,development,crossfit_development,1,RIVOTRIL,1,0.723917974644363,7,0.11173490102793383,0.75,0.9,0.6153846153846154,2,0.03224847927784828,0.25,-0.002777777777777768,20,0,0,8
fc3213a50affa1bd8980,KELONOLAE,KETOROLAC,development,crossfit_development,1,KETOROLAC,1,0.9101364666531113,4,0.06243115402060521,0.6666666666666667,0.8222222222222222,0.375,0,0.0006975917195472248,0.33333333333333337,0.19894179894179886,20,0,0,9
fd8852fe16d9f030468c,MYO LAX,MYOLAX,development,crossfit_development,1,MYOLAX,1,0.978522406357625,9,0.14626774600333564,1.0,1.0,1.0,4,0.0676587159489864,0.5,0.15999999999999992,20,0,1,6
1243fa6f272b622b6ef2,AYDANCE,RIVO,development,crossfit_development,0,ADVANCE,0,0.7370688306409819,9,0.14358905917506357,0.7142857142857143,0.9142857142857143,0.5,0,0.004660051354926725,0.1428571428571429,0.08571428571428552,20,0,0,7
20455dcf2e9de36520ef,KETOROLACO,KETOROLAC,development,crossfit_development,1,KETOROLAC,1,0.999546508485523,10,0.16341399947957325,0.9,0.98,0.9411764705882353,8,0.13446445440099591,0.3666666666666667,0.3272222222222222,20,0,1,10
2b6b054905ff8d038ae8,CELBON 4X,CELEBREX,development,crossfit_development,0,CALTONEX,0,0.8243553650430314,5,0.07830244689049555,0.625,0.775,0.14285714285714285,4,0.062173414632431034,0.125,0.10833333333333339,20,0,0,8
351e4b032aa0cb06d9c2,PICOFIL,RIVOTRIL,development,crossfit_development,0,PACIFIAL,0,0.2815426333710061,8,0.1206354235707599,0.625,0.8321428571428573,0.15384615384615385,2,0.02510128517404879,0.0,-0.03571428571428559,20,0,0,7
4e385a81f1e1b470b081,OBUPRIFENE,IBUPROFEN,development,crossfit_development,1,IBUPROFEN,1,0.8523156683736889,9,0.14727657324167107,0.7,0.825925925925926,0.5882352941176471,3,0.06018845200721404,0.19999999999999996,0.015211640211640343,20,0,0,10
4fe8c15afe3441ade231,KUTORECALAE,KETOROLAC,development,crossfit_development,1,KETOROLAC,1,0.9067683236921971,4,0.05767959178581231,0.5454545454545454,0.7723484848484847,0.3333333333333333,1,0.012088193936349946,0.09090909090909083,0.2124999999999998,20,0,0,11
53e7418b46f0ce54deaf,OSLOCUL,OSTOCAL,development,crossfit_development,1,OSTOCAL,1,0.9856101987324873,7,0.11398565573770493,0.7142857142857143,0.8476190476190477,0.3333333333333333,6,0.09785662347964041,0.4285714285714286,0.21666666666666679,20,0,0,7
5efa4dd927f34728879a,ABACAVIR LAR,ABASAGLAR,development,crossfit_development,1,ABASAGLAR CARTRIDGES,1,0.026424106666171645,3,0.048651507139079855,0.368421052631579,0.7982615629984051,0.37037037037037035,-1,-0.014127056143515684,-0.17703349282296643,0.11471177944862154,20,0,0,11
75e9943648193fa7010c,MYOLASE,MYOLAX,development,crossfit_development,1,MUCOLASE,0,0.6168923410085085,9,0.1387430846638798,0.75,0.8821428571428571,0.6153846153846154,3,0.04319331449750466,0.08333333333333326,-0.02261904761904765,20,0,0,7
84f442741d146c21ce00,KETOMAC,KATOMOR,development,crossfit_development,0,KETOLAC,0,0.8706666999565282,9,0.14246086656615403,0.8571428571428572,0.9428571428571428,0.6666666666666666,2,0.03713544002731309,0.1428571428571429,0.05714285714285705,20,0,1,7
a820466a03bedf35891c,RIVAFAXINE,RIVOTRIL,development,crossfit_development,0,RELAXINE,0,0.35326683661073516,5,0.07415542701536999,0.6,0.7550000000000001,0.5,-1,-0.02216354849616238,-0.036363636363636376,-0.0874242424242423,20,0,0,10
c2be7eaeb097d7d4fd56,KELOROLAC,KETOROLAC,development,crossfit_development,1,KETOROLAC,1,0.9586060245408738,10,0.16176932686485948,0.8888888888888888,0.9407407407407408,0.75,1,0.02963160186426464,0.2222222222222221,0.11851851851851858,20,0,0,9
cd03bc7984f5111aadbf,TOC0,TOCO,development,crossfit_development,1,TOCO,1,0.7798584690009241,10,0.16212513010668747,0.75,0.8833333333333334,0.6666666666666666,5,0.08598356050333913,0.25,0.10555555555555562,20,0,0,4
e3af8005291ae5ecf492,PETIWOLINE,PETHIDINE,development,crossfit_development,0,PATADOLINE,0,0.6151673216994357,6,0.0921694380698949,0.7,0.7771428571428571,0.4444444444444444,-2,-0.02898606780269189,0.0,0.07238095238095232,20,0,0,10
ea430db175c269e59e44,LAETRILE,LACTO,development,crossfit_development,0,LAMOTRINE,0,0.6089674561161471,5,0.08019646491354583,0.6666666666666667,0.8444444444444443,0.4,4,0.06406743265548132,0.11111111111111116,0.09027777777777779,20,0,0,8
027aefb531f56e8c57f8,ABASCOLOGY,ABASAGLAR,development,crossfit_development,0,SPASCOLON,0,0.4313913646076762,6,0.09046758797501825,0.6,0.7000000000000001,0.5882352941176471,2,0.030171045595496243,0.09999999999999998,0.0277777777777779,20,0,0,10
02a3ddb1af43e69fc18d,TUTORIALAE,KETOROLAC,development,crossfit_development,0,UTORAL,0,0.8773326354625551,7,0.10970086037188866,0.6,0.8111111111111112,0.5714285714285714,3,0.049428716323653525,0.19999999999999996,0.011111111111111183,20,0,0,10
238d575906cc4082f514,ANYOLAX,MYOLAX,development,crossfit_development,1,AGIOLAX,0,0.5689844517187882,10,0.15313844965387582,0.7142857142857143,0.8285714285714287,0.5,2,0.026596691460544386,0.0,-0.02063492063492045,20,0,0,7
27be310805a2aeeddbd5,RIVOTICIL,RIVOTRIL,development,crossfit_development,1,RIVOTRIL,1,0.8355302374317278,9,0.14623571974180116,0.7777777777777778,0.9305555555555555,0.7142857142857143,4,0.06802775106681275,0.11111111111111105,0.06388888888888888,20,0,0,9
2d829d730b30610940bd,RIVOTRIIL,RIVOTRIL,development,crossfit_development,1,RIVOTRIL,1,0.9855969844746192,10,0.16316598360655737,0.8888888888888888,0.9777777777777777,0.9230769230769231,8,0.13387905661165075,0.3434343434343434,0.21414141414141408,20,0,0,9
3754fc60779c4cf52e5c,MYADAYS,MYOLAX,development,crossfit_development,0,METAZ,0,0.09168916222156971,2,0.03278688524590164,0.2857142857142857,0.5619047619047619,0.0,1,0.016657852987837125,0.0,-0.06904761904761902,20,0,0,7
3d91fe233ed4dd858925,OSTORED,OSTOCAL,development,crossfit_development,1,OSTOCAL,1,0.25377685828009705,6,0.08496834231349172,0.5714285714285714,0.8285714285714286,0.5,1,0.007382609563168593,-0.0535714285714286,-0.04087301587301595,20,0,0,7
433ac9c16bd794a0a91b,OBUPROGEN,IBUPROFEN,development,crossfit_development,1,IBUPROFEN,1,0.9278172421836768,9,0.1454829088885144,0.7777777777777778,0.8518518518518517,0.625,4,0.07404423023513593,0.1777777777777778,0.07185185185185172,20,0,0,9
45a9425d3b5cb3514e5b,KETOROLOGIC,KETOROLAC,development,crossfit_development,1,KETOROLAC,1,0.8147771744687656,10,0.16341399947957325,0.7272727272727273,0.9232323232323232,0.6666666666666666,0,0.0038612426485906126,0.0,0.0,20,0,0,11
4aabe327529251063e78,LASKIX,LASIX,development,crossfit_development,1,LASIX,1,0.983393114686578,9,0.14727657324167107,0.8333333333333334,0.9611111111111111,0.6666666666666666,6,0.10209587051255446,0.33333333333333337,0.2944444444444445,20,0,0,6
4b7bc749b7922c724645,LAATU,LACTO,development,crossfit_development,1,LACTO,1,0.11137461530016292,6,0.08954722334411996,0.6,0.7866666666666667,0.25,1,0.016105471126276666,0.09999999999999998,-0.004444444444444362,20,0,0,5
4d5d6b3cff5d7db416b4,KETEROLGE,KETOROLAC,development,crossfit_development,1,KETOROLAC,1,0.8115908957423561,10,0.1503304233145746,0.6666666666666667,0.8055555555555556,0.5,5,0.06914804731464175,0.11111111111111116,-0.0444444444444444,20,0,0,9
521a0163528514c8843a,KETORCOLOGY,KETOROLAC,development,crossfit_development,1,KETOROLAC,1,0.726594669365759,8,0.1272051717576716,0.6363636363636364,0.8982323232323232,0.5555555555555556,0,0.001994182030552849,0.0,0.015404040404040309,20,0,0,11
6b7c3d05d0b2453859e0,KETUROLAE,KETOROLAC,development,crossfit_development,1,KETOROLAC,1,0.8685806347132927,9,0.14405975898339105,0.7777777777777778,0.8629629629629629,0.625,1,0.02214670928478321,0.11111111111111105,0.05740740740740735,20,0,0,9
7fd98c2328e4ce8a558a,LASPX,LASIX,development,crossfit_development,1,LASIX,1,0.6707996339048238,8,0.12912077639734965,0.8,0.9066666666666667,0.5,2,0.037806987375581,0.20000000000000007,0.09333333333333338,20,0,0,5
9350cdfe0cf536ae439e,MYNTAX,MYOLAX,development,crossfit_development,0,MENTAX,0,0.8837151944496132,10,0.16263716287678479,0.8333333333333334,0.9,0.6,2,0.04205360277709565,0.16666666666666663,0.12222222222222234,20,0,0,6
9bea6d45e337644c4609,OSTOEND,OSTOCAL,development,crossfit_development,1,OSTEO,0,0.5598719077243793,5,0.07520346410083666,0.5714285714285714,0.8866666666666667,0.4,1,0.013476277157838716,0.12698412698412698,0.036666666666666736,20,0,0,7
aae6fe25eeafa92547a0,KETORIOLAC,KETOROLAC,development,crossfit_development,1,KETOROLAC,1,0.9666214036842526,10,0.16341399947957325,0.9,0.98,0.8235294117647058,1,0.025845584010915634,0.30000000000000004,0.06857142857142862,20,0,0,10
aecbaf6339734c5153fc,KETORCOLAZO,KETOROLAC,development,crossfit_development,1,KETOROLAC,1,0.895804464188751,9,0.14600333563844933,0.7272727272727273,0.9191919191919192,0.6666666666666666,1,0.023094079657772673,0.09090909090909094,0.036363636363636376,20,0,0,11
cabdcd4ee79b254e8a52,ANNIKAAIN,AMIKACIN,development,crossfit_development,1,AMIKACIN,1,0.285587333145334,6,0.09344556806217304,0.6666666666666667,0.825,0.4,-1,-0.019755250560710647,0.0,-0.056481481481481466,20,0,0,9
d0b2e38479ef59a1fb3d,NEURRECT,NEUROCET,development,crossfit_development,1,NEUROCET,1,0.6379246051982979,10,0.15631929472490025,0.625,0.9214285714285715,0.42857142857142855,4,0.06787914665028513,0.0,0.07142857142857151,20,0,0,8
e111023aadcb61069c4f,RIVOTNIK,RIVOTRIL,development,crossfit_development,1,RIVOTRIL,1,0.9615934601709057,8,0.128053768288088,0.75,0.9,0.6153846153846154,6,0.09605172015700762,0.375,0.20952380952380967,20,0,0,8
ec2abead4d06b33bb1df,LORRIX,LASIX,development,crossfit_development,0,LORNOX,0,0.16284707434750395,6,0.08934458530413196,0.6666666666666667,0.8444444444444443,0.4,-2,-0.03392991104388628,0.04166666666666674,-0.04722222222222239,20,0,0,6
fb068014b34649d021bc,MYORAX,MYOLAX,development,crossfit_development,1,MYOLAX,1,0.44320870072953095,9,0.1411262989683799,0.8333333333333334,0.9222222222222223,0.6,1,0.013264517576054152,0.08333333333333337,-0.02777777777777768,20,0,1,6
0e6b7d972493bac7ddf9,INSUG,INDERAL,holdout,retrospective_holdout,0,INSPAGO,0,0.16906377020744381,7,0.10911548760306032,0.5714285714285714,0.8533333333333333,0.4,0,-0.001728824087364536,0.0,0.020952380952380945,20,0,0,5
10db1eefb78613a67a1d,INB C,ALBUTEIN,holdout,retrospective_holdout,0,INNO,0,0.37432872539319245,3,0.046155347384855584,0.5,0.6666666666666666,0.3333333333333333,1,0.01613742623790218,0.16666666666666663,0.05555555555555558,20,0,0,4
10f825e8536926135f1e,UUIXM,CEFIXIME,holdout,retrospective_holdout,0,UNILOXAM,0,0.9900149250475432,4,0.06530936012691697,0.5,0.7899999999999999,0.0,3,0.04918032786885246,0.125,0.1316666666666666,7,0,0,5
1e66e4ccb0e335f3c0d8,LANYU,LANTUS,holdout,retrospective_holdout,1,LANDO,0,0.8775786543194313,8,0.12411139906215303,0.6,0.8133333333333334,0.5,6,0.091853334546024,0.35,0.13000000000000012,20,0,0,5
41fe00e0c7c1190a4e49,GHK,GLINTA,holdout,retrospective_holdout,0,COUGH KEE,0,0.9999990397438138,6,0.09809624537281862,0.375,0.7916666666666666,0.4444444444444444,6,0.09809624537281862,0.375,0.7916666666666666,1,0,0,3
47031e41e81a2e9a3119,FVH,ENTECAVIR,holdout,retrospective_holdout,0,FSH,0,0.9998912093148407,7,0.11245640174943455,0.6666666666666667,0.7999999999999999,0.0,6,0.09632736949137004,0.484848484848485,0.1838383838383838,2,0,0,3
9e8b659831fa149f48a3,VJOEX,VIGOREX,holdout,retrospective_holdout,0,VAREX,0,0.49358710688287494,4,0.06207381224080827,0.6,0.76,0.25,3,0.04594477998274375,0.2666666666666666,0.02111111111111108,20,0,0,5
a6aa5d868e78770b1ef2,IJ6EK,VIGOREX,holdout,retrospective_holdout,0,,0,0.9990405252491817,0,0.0,0.0,0.0,0.0,0,0.0,0.0,0.0,0,0,0,5
b6eb1e621cac5818a938,VJOVEX,VIGOREX,holdout,retrospective_holdout,0,OROVEX,0,0.5006667447017599,9,0.13637941027130365,0.6666666666666667,0.7777777777777777,0.6,1,0.009989329625202742,0.0,0.03888888888888875,20,0,0,6
d28cd3d0ecddd5de2bb8,CKXADE,CLEXANE,holdout,retrospective_holdout,0,X ADE,0,0.6859397703952773,6,0.09735182849936949,0.6666666666666667,0.8888888888888888,0.75,1,0.024552078151205275,0.09523809523809534,0.11746031746031738,20,0,0,6
f6d2ef7dd9cb2706ac43,JORF,VIGOREX,holdout,retrospective_holdout,0,MORF,0,0.9523943191913128,9,0.14526620314728458,0.75,0.8333333333333334,0.6666666666666666,5,0.08335719887973986,0.35,0.20000000000000007,20,0,0,4
f75acd1038ed6550cafb,LV,LANTUS,holdout,retrospective_holdout,0,,0,0.9977211901030522,0,0.0,0.0,0.0,0.0,0,0.0,0.0,0.0,0,0,0,2
09a1204d576b66f5719a,CHXIME,CEFIXIME,holdout,retrospective_holdout,0,FOXIME,0,0.4093429726106511,7,0.11071265938069218,0.6666666666666667,0.7777777777777777,0.6,-1,-0.015947297155336368,0.04166666666666674,0.00027777777777759916,20,0,0,6
12a62666fb1778cbc031,TANHXIM,CEFIXIME,holdout,retrospective_holdout,0,TANTUM,0,0.645996871994883,6,0.09469761251657188,0.5714285714285714,0.8222222222222223,0.36363636363636365,4,0.06318396487389198,0.0714285714285714,0.13174603174603194,20,0,0,7
23876c9aac2deec42495,CLAXANE,CLEXANE,holdout,retrospective_holdout,1,CLEXANE,1,0.8674812783713106,9,0.14526620314728458,0.8571428571428572,0.8793650793650793,0.6666666666666666,3,0.05880458396985441,0.2321428571428572,0.07301587301587298,20,0,1,7
36ff59c286c7842349a9,VIGORUP,VIGOREX,holdout,retrospective_holdout,1,VIGORAN,0,0.43934226762479717,9,0.14403573323388938,0.7142857142857143,0.8857142857142858,0.6666666666666666,0,0.002271203447795772,0.0,0.0,20,0,0,7
59a22acd88e6c22b32d8,INDEVOL,INDERAL,holdout,retrospective_holdout,1,INDERAL,1,0.42616800950313993,9,0.1430671966612044,0.7142857142857143,0.8857142857142858,0.5,1,0.015260078108448621,0.0,0.01904761904761898,20,0,0,7
60f86f09a094c63c7828,ALBUBEIN,ALBUTEIN,holdout,retrospective_holdout,1,ALBUTEIN,1,0.944492166559626,9,0.14754098360655737,0.875,0.95,0.7142857142857143,2,0.0419239067133894,0.25,0.1261904761904762,20,0,0,8
7fdd47f39b865a80067d,VIGORZ,VIGOREX,holdout,retrospective_holdout,1,VIGORAN,0,0.33535941053457247,8,0.1281627173608735,0.7142857142857143,0.9095238095238095,0.7272727272727273,-1,-0.014105844683284602,0.0,0.0,20,0,0,6
912cb2d133e387f9689d,ENTECAVM,ENTECAVIR,holdout,retrospective_holdout,1,ENTECAVIR,1,0.9805667494624565,10,0.16171804522972594,0.7777777777777778,0.9305555555555555,0.8,9,0.14558901297166144,0.2777777777777778,0.17876984126984108,20,0,0,8
91cd7744c2fecc392e2b,VIGOR EP,VIGOREX,holdout,retrospective_holdout,1,VIGOREX,1,0.8048938991921613,9,0.14240987089680188,0.8571428571428572,0.9428571428571428,0.8333333333333334,0,0.00412485062367865,0.1428571428571429,0.05714285714285705,20,0,0,7
96ad997cd04bd7adfc1e,CLEX A NE,CLEXANE,holdout,retrospective_holdout,1,CLEXANE,1,0.9856145595643502,9,0.14727657324167107,1.0,1.0,1.0,4,0.07017076502732239,0.4285714285714286,0.17142857142857126,20,0,1,7
98e5d338c3ec2a64aae8,LANTUY,LANTUS,holdout,retrospective_holdout,1,LANTUS CARTRIDGES,1,0.03495743340998844,4,0.06478893337698204,0.3125,0.8291666666666667,0.4,0,0.004731641061625207,-0.1875,-0.004166666666666652,20,0,0,6
c8a4a0d2023e38395c26,LANKS,LANTUS,holdout,retrospective_holdout,1,LANDO,0,0.8821732725637612,8,0.11963209561467669,0.6,0.8133333333333334,0.5,7,0.10350306335661218,0.35,0.13000000000000012,20,0,0,5
da81d2623493892f7ded,PROSET,PROGEST,holdout,retrospective_holdout,1,PROSTEC,0,0.1687324398959079,4,0.06379650063051703,0.7142857142857143,0.9380952380952381,0.5454545454545454,-2,-0.027355078525094376,0.0,0.02857142857142858,20,0,1,6
07124c678891039929ff,GLINA,GLINTA,holdout,retrospective_holdout,1,GLINTA,1,0.7593382711686536,9,0.14245410973068295,0.8333333333333334,0.9666666666666667,0.6666666666666666,1,0.018368329409795145,0.16666666666666663,0.1266666666666666,20,0,0,5
8e9ac9c0bd6e73393506,LANS,LANTUS,holdout,retrospective_holdout,1,LANVIS,0,0.5312563297705157,8,0.12160290935787439,0.6666666666666667,0.9222222222222222,0.5,4,0.06575165487758765,0.16666666666666674,0.09722222222222221,20,0,0,4
b0c767905e6805b97730,ALBULEIN,ALBUTEIN,holdout,retrospective_holdout,1,ALBUTEIN,1,0.9733540015517118,9,0.14754098360655737,0.875,0.95,0.7142857142857143,4,0.07124890681044832,0.375,0.12777777777777777,20,0,0,8
b25853831154beb53565,NIGROHEX,VIGOREX,holdout,retrospective_holdout,1,VIGOREX,1,0.6067882517899802,6,0.09092395752930972,0.625,0.8134920634920636,0.3076923076923077,1,0.01773322951424125,0.125,0.0634920634920636,20,0,0,8
c49709a4f5488e20dc2a,CETIXIME,CEFIXIME,holdout,retrospective_holdout,1,CEFIXIME,1,0.8034282006907121,9,0.14624372025383395,0.875,0.9333333333333333,0.7142857142857143,-1,-0.009499988519998143,0.125,0.04999999999999993,20,0,0,8
38f23927273fdc1f3431,ECFIXIM,CEFIXIME,holdout,retrospective_holdout,1,CEFIXIME,1,0.6463656682413105,9,0.14623571974180116,0.625,0.9107142857142857,0.6153846153846154,1,0.020910622092118913,0.0535714285714286,0.11706349206349209,20,0,0,7
4bfaa41c8c3470848130,PROSEFT,PROGEST,holdout,retrospective_holdout,1,PROSTAT,0,0.37749344325881595,7,0.1058943423548646,0.7142857142857143,0.8857142857142858,0.5,0,0.0007813538171098505,0.0892857142857143,0.017857142857142905,20,0,1,7
6d1789438692131d47df,LANTYR,LANTUS,holdout,retrospective_holdout,1,LANZOR,0,0.6749002050020829,5,0.07789592331268619,0.6666666666666667,0.8444444444444443,0.4,2,0.03275701087803979,0.35416666666666674,0.015277777777777612,20,0,0,6
87dd098b795e783fc478,CEFAXIME,CEFIXIME,holdout,retrospective_holdout,1,CEFIXIME,1,0.5105161896670428,10,0.15866200466710895,0.875,0.9083333333333333,0.7142857142857143,0,-0.003766083726077313,0.0,-0.06666666666666665,20,0,0,8
a9a6c8d87bc9a4c0250a,VIGOROX,VIGOREX,holdout,retrospective_holdout,1,VIGOREX,1,0.789767954656939,10,0.16287678476996298,0.8571428571428572,0.9428571428571428,0.6666666666666666,1,0.023804515401898485,0.1428571428571429,0.05714285714285705,20,0,0,7
bff544ce3573248289e6,VIZORAX,VIGOREX,holdout,retrospective_holdout,1,VIGOREX,1,0.28186679887855776,8,0.12463229955822844,0.7142857142857143,0.8476190476190477,0.3333333333333333,2,0.03464642969332632,0.0,0.0,20,0,1,7
d4cdb79cd9427ee13c35,INDOXYL O,INDERAL,holdout,retrospective_holdout,0,INDOLOL,0,0.9258275657839876,9,0.1431756104521837,0.625,0.9214285714285715,0.6666666666666666,5,0.08063743178497276,0.125,0.23095238095238113,20,0,0,8
dd2f5dc52a6d1d300270,CLOROX,CLEXANE,holdout,retrospective_holdout,0,CLOSOL,0,0.14694010917736014,4,0.06168877229328049,0.6666666666666667,0.8444444444444443,0.4,-3,-0.04704804645096853,0.04166666666666674,-0.04722222222222239,20,0,0,6
df0879ce4d9d1786c02e,LANPY,LANTUS,holdout,retrospective_holdout,0,LANDO,0,0.2024029898669686,8,0.11555896408242797,0.6,0.8133333333333334,0.5,2,0.024076574590406935,0.02857142857142858,-0.039999999999999925,20,0,0,5
ef000e3cc60da2ab703a,VIGOR,VIGOREX,holdout,retrospective_holdout,1,VIGOGAR,0,0.16851573871734066,8,0.12287015058230104,0.7142857142857143,0.9428571428571428,0.6,1,0.010415621152626175,0.0,0.0,20,0,1,5
28f8fbc78fd18860b364,CEFAZIME,CEFIXIME,holdout,retrospective_holdout,0,CETAZIME,0,0.7735403643592795,9,0.14226449331715765,0.875,0.9333333333333333,0.7142857142857143,-1,-0.014881837564280714,0.125,0.033333333333333326,20,0,0,8
2e52b72b4bdba1779b53,CEFTRIAXONE,CEFIXIME,holdout,retrospective_holdout,0,CEFTRIAXONE EVA,0,0.9414762868745662,9,0.14301280482831744,0.7857142857142857,0.9571428571428571,0.8695652173913043,2,0.041760220636739565,0.058441558441558406,0.18062770562770558,20,0,1,11
3a20da6511a22a955780,CLEIXANE,CLEXANE,holdout,retrospective_holdout,1,CLEXANE,1,0.9754831714852089,9,0.14727657324167107,0.875,0.9708333333333333,0.7692307692307693,4,0.0692368137129363,0.375,0.13869047619047603,20,0,0,8
0bff7c1f79d9e38d88b6,LEXANE,CLEXANE,holdout,retrospective_holdout,1,CLEXANE,1,0.8178676523402224,9,0.1457637137452711,0.8571428571428572,0.9523809523809524,0.9090909090909091,0,0.0008584398077391142,0.19047619047619047,0.06349206349206349,20,0,0,6
1527e0c993b4812190fd,INDULGENCE,INDERAL,holdout,retrospective_holdout,0,IMMULONE,0,0.4911042679632385,3,0.04427805800756621,0.5,0.6416666666666667,0.125,0,-0.002216743746702589,0.09999999999999998,-0.015476190476190421,20,0,0,10
561e25657dbc38ae107a,ALBUEIN,ALBUTEIN,holdout,retrospective_holdout,1,ALBUTEIN,1,0.9525115366096563,9,0.14319961118116856,0.875,0.975,0.7692307692307693,3,0.05065314139682894,0.375,0.1071428571428571,20,0,0,7
6b1b0030d40d6df968ed,GLNTA,GLINTA,holdout,retrospective_holdout,1,GLINTA,1,0.7957595756549064,10,0.16191677175283734,0.8333333333333334,0.9555555555555556,0.6666666666666666,3,0.05151116033916141,0.16666666666666663,0.11555555555555552,20,0,0,5
f7eafb06ae352aaff7b9,ENLEACAVIN,ENTECAVIR,holdout,retrospective_holdout,1,ENTECAVIR,1,0.8912748764777302,9,0.14067026451778022,0.7,0.8226455026455027,0.47058823529411764,7,0.11065234337082683,0.09999999999999998,0.0670899470899472,20,0,0,10
0af6f023da974e00d171,ENECAVIR,ENTECAVIR,holdout,retrospective_holdout,1,ENTECAVIR,1,0.8908363113630811,9,0.14727657324167107,0.8888888888888888,0.9703703703703703,0.8,1,0.020851439941868277,0.13888888888888884,0.10132275132275126,20,0,0,8
4adebb5e72dcae6fb1aa,GLUTAMATERGIC,GLINTA,holdout,retrospective_holdout,0,GLUTAMIC,0,0.8535459852338972,9,0.1438382362738006,0.6153846153846154,0.9230769230769231,0.631578947368421,1,0.018933525838653084,0.0,0.08831908831908841,20,0,0,13
5f8bf6e9edb7a61c2726,ALBUTEROL,ALBUTEIN,holdout,retrospective_holdout,0,BAMBUTEROL,0,0.7321338184997972,8,0.13008989952406136,0.8,0.8546296296296297,0.7058823529411765,-2,-0.02529626379639638,0.1333333333333333,-0.028703703703703565,20,0,0,9
97e0c5d516acede3112f,LANSOPRAZOLE,LANTUS,holdout,retrospective_holdout,0,PANTOPRAZOLE,0,0.8786923109682852,9,0.14316789722196407,0.8333333333333334,0.8222222222222223,0.7272727272727273,2,0.029735850685739848,0.16666666666666663,-0.11111111111111105,20,0,0,12
ac818e1609518dc2eece,CLARANE,CLEXANE,holdout,retrospective_holdout,1,CLEXANE,1,0.15206087086028597,8,0.11563973882403837,0.7142857142857143,0.8476190476190477,0.5,0,-0.012813882065146873,0.0,-0.09523809523809512,20,0,1,7
c1a797bfff783da5097d,VIGOX,VIGOREX,holdout,retrospective_holdout,1,VIGOREX,1,0.2469094201693021,8,0.12525869435077525,0.7142857142857143,0.9428571428571428,0.6,1,0.013974959219524408,0.0,0.00952380952380949,20,0,0,5
e8c60b16e82eef5880af,FIGORTEX,VIGOREX,holdout,retrospective_holdout,1,VIGOREX,1,0.8892756143686874,8,0.12836581365039024,0.75,0.8690476190476191,0.6153846153846154,5,0.08073876551930985,0.125,0.11904761904761907,20,0,0,8
0b73c44c482300b40871,LECITHIN,CEFIXIME,holdout,retrospective_holdout,0,SOY LECITHIN,0,0.7230338102911765,7,0.11374527112232032,0.7272727272727273,0.9090909090909092,0.8235294117647058,0,0.0029329856934299098,0.10227272727272729,0.04123376623376629,20,0,0,8
6d685b4c9e1f5081013d,VIGORE,VIGOREX,holdout,retrospective_holdout,1,VIGOREX,1,0.6357887447135163,7,0.11475409836065575,0.8571428571428572,0.9714285714285714,0.9090909090909091,0,0.00504932383042829,0.1071428571428572,0.021428571428571463,20,0,0,6
734b3ae1ca27c944affe,ALBUSEIN,ALBUTEIN,holdout,retrospective_holdout,1,ALBUTEIN,1,0.7923749437934466,9,0.14675614649173613,0.875,0.95,0.7142857142857143,-1,-0.009272659079603285,0.125,0.04999999999999993,20,0,0,8
8c46a7d1d1dec6f4a926,ENLECAVIN,ENTECAVIR,holdout,retrospective_holdout,1,ENTECAVIR,1,0.986123758424755,9,0.14571529299186622,0.7777777777777778,0.8814814814814814,0.625,8,0.1295862607338017,0.2222222222222222,0.24444444444444435,20,0,0,9
ada3e85520e2c042578e,LANUS,LANTUS,holdout,retrospective_holdout,1,LANTUS CARTRIDGES,1,0.004475383244258805,2,0.03252247488101534,0.3125,0.8395833333333333,0.3157894736842105,-5,-0.07630702962206007,-0.35416666666666674,-0.035972222222222294,20,0,0,5
f32c8d290205ef2f5ab3,INDEVIO,INDERAL,holdout,retrospective_holdout,1,ENTYVIO,0,0.11193870962713462,3,0.04648551538288794,0.5714285714285714,0.7142857142857143,0.3333333333333333,-2,-0.030355800493986056,0.0,-0.11428571428571432,20,0,0,7
11d86987c8affbf2f188,FIGUP,VIGOREX,holdout,retrospective_holdout,0,LIT UP,0,0.14997099675089373,4,0.062418140733171174,0.6,0.7333333333333334,0.25,-4,-0.06582844081853997,0.09999999999999998,-0.033333333333333215,20,0,0,5
284755059e76b9eade8a,VIGORUX,VIGOREX,holdout,retrospective_holdout,1,VIGOREX,1,0.7885011059141181,10,0.16287678476996298,0.8571428571428572,0.9428571428571428,0.6666666666666666,1,0.02149773171487379,0.1428571428571429,0.05714285714285705,20,0,0,7
3c7a9778f260e483b7e6,LANTS,LANTUS,holdout,retrospective_holdout,1,LANTUS CARTRIDGES,1,0.017679816775605428,4,0.06242943101747968,0.3125,0.8625,0.3157894736842105,-1,-0.011183633371928361,-0.2875,0.04916666666666669,20,0,0,5
6f804adbbc191c17a98d,INDO6,INDERAL,holdout,retrospective_holdout,0,ANDO,0,0.24478995253916894,8,0.124867256014797,0.6,0.7833333333333333,0.5714285714285714,3,0.04714768782820908,0.0,-0.043333333333333335,20,0,0,5
bd825966fd493b8d03f7,FIGOREX,VIGOREX,holdout,retrospective_holdout,1,VIGOREX,1,0.8530642195671295,9,0.145032060618065,0.8571428571428572,0.9047619047619048,0.8333333333333334,0,0.004936961531360945,0.1428571428571429,0.07619047619047603,20,0,0,7
ca67b295354bff221d36,PROSEST,PROGEST,holdout,retrospective_holdout,1,PROGEST,1,0.6738843245738331,9,0.14131643060946342,0.8571428571428572,0.8944444444444445,0.6666666666666666,2,0.036502361139824274,0.1428571428571429,0.0087301587301587,20,0,1,7
e22ffcda34fec16d0cb1,LANFUS,LANTUS,holdout,retrospective_holdout,1,LANTUS CARTRIDGES,1,0.00624636534730574,3,0.04697234084890787,0.3125,0.8006944444444445,0.3,-6,-0.09405348388030058,-0.35416666666666674,-0.043749999999999845,20,0,0,6
3e8214fec4833e69fc6a,PRESET,PROGEST,holdout,retrospective_holdout,0,PRESEED,0,0.9550852147281224,9,0.14097562394427188,0.7142857142857143,0.9095238095238095,0.7272727272727273,8,0.12484659168620736,0.3142857142857143,0.22063492063492074,20,0,1,6
477257f55528114fcaf7,VIGAREX,VIGOREX,holdout,retrospective_holdout,1,VIGOREX,1,0.5037098034023645,10,0.15993524227033068,0.8571428571428572,0.9333333333333333,0.6666666666666666,2,0.03358029042985036,0.0,-0.02857142857142858,20,0,0,7
616a1198e2dc27cc0e21,CLONANE,CLEXANE,holdout,retrospective_holdout,1,CLEXANE,1,0.4032719248790242,6,0.09302239249227845,0.7142857142857143,0.7942857142857143,0.5,2,0.03223744962435596,0.0892857142857143,-0.07515873015873031,20,0,0,7
6c3acb918213e582174a,ALBUFEIRA,ALBUTEIN,holdout,retrospective_holdout,1,ALBUTEIN,1,0.6505354782272196,9,0.1399054868085659,0.6666666666666667,0.8833333333333333,0.5333333333333333,2,0.03104680333327746,0.11111111111111116,-1.1102230246251565e-16,20,0,0,9
8977c6c1551ac5df8a35,VIGORACE,VIGOREX,holdout,retrospective_holdout,0,VIGORAMA,0,0.49647957589385006,9,0.14319249665957756,0.75,0.9,0.7142857142857143,0,-0.0013187437407476132,0.0,-0.021428571428571463,20,0,0,8
a2b63d3f8cd0a43cf619,ECOFIX,CEFIXIME,holdout,retrospective_holdout,0,CEFIX,0,0.7427810092510085,9,0.1400153136297671,0.6666666666666667,0.8777777777777779,0.4444444444444444,7,0.10775724911363807,0.09523809523809534,0.13174603174603183,20,0,0,6
c07a2888a85238ee74f7,CEFALEXINE,CEFIXIME,holdout,retrospective_holdout,0,CEPHALEXIN,0,0.6402549985884294,9,0.14597130937691488,0.7,0.8933333333333333,0.6666666666666666,2,0.038390003952187196,0.0,0.026349206349206233,20,0,1,10
e439e847df30ffeb6f8d,LANLTA,LANTUS,holdout,retrospective_holdout,0,LANETAL,0,0.9079153992428609,6,0.09708741813448318,0.7142857142857143,0.8944444444444445,0.5454545454545454,4,0.06706949698752979,0.2142857142857143,0.22777777777777786,20,0,0,6
ed67821af74dbb637f8e,VIGORAX,VIGOREX,holdout,retrospective_holdout,1,VIGOREX,1,0.5336982621344416,10,0.16108388313901273,0.8571428571428572,0.9428571428571428,0.6666666666666666,1,0.017212301587301637,0.0,0.0,20,0,0,7
f034ceed6a89f089fa1c,VIQOREX,VIGOREX,holdout,retrospective_holdout,1,VIGOREX,1,0.807537165876319,10,0.16087480865541415,0.8571428571428572,0.9238095238095239,0.6666666666666666,3,0.04967927423076321,0.1428571428571429,0.04444444444444451,20,0,0,7
0d0593ed2743a28d49b3,CEFIXIM,CEFIXIME,holdout,retrospective_holdout,1,CEFIXIME,1,0.6889185903272171,10,0.16124890011492454,0.875,0.975,0.9230769230769231,0,0.003548018062494551,0.017857142857142794,0.08055555555555549,20,0,1,7
2a789496a2eb9b3902ad,CLAVANE,CLEXANE,holdout,retrospective_holdout,1,CLEXANE,1,0.5634067846631797,8,0.12254745345167858,0.7142857142857143,0.8476190476190477,0.5,3,0.0475647880019934,0.2142857142857143,-0.020238095238095166,20,0,1,7
30825d51ebbe31ce5881,INDOCIN,INDERAL,holdout,retrospective_holdout,0,INDACIN,0,0.4379013322162356,9,0.1452880770031137,0.8571428571428572,0.9333333333333333,0.6,-1,-0.015539027028643959,0.0,-0.00952380952380949,20,0,0,7
a61671c6e92fbc57f8c6,LANHA,LANTUS,holdout,retrospective_holdout,0,LAMA,0,0.166482334877586,6,0.09289609039837551,0.6,0.8266666666666667,0.2857142857142857,1,0.018106056572783566,0.0,0.013333333333333308,20,0,0,5
8d4ca5dd85127c06de63,PROSEPT,PROGEST,holdout,retrospective_holdout,1,PROSTAT,0,0.4429237312707767,6,0.08870260843518951,0.7142857142857143,0.8857142857142858,0.5,-1,-0.01909759418256997,0.0,0.07619047619047614,20,0,0,7
bf9179288bc9816abd71,CLARANCE,CLEXANE,holdout,retrospective_holdout,1,CLARIVEE,0,0.1660540029722555,5,0.07527432975570209,0.625,0.85,0.42857142857142855,-2,-0.03842212714540845,0.0,-0.07500000000000007,20,0,0,8
cae020003fa009e144ed,ALBUFEIN,ALBUTEIN,holdout,retrospective_holdout,1,ALBUTEIN,1,0.9369564315586936,9,0.14754098360655737,0.875,0.95,0.7142857142857143,3,0.05821530358697169,0.25,0.09999999999999998,20,0,0,8
015efff4d5d536bb7e8e,ECOFIXIM,CEFIXIME,holdout,retrospective_holdout,1,CEFIXIME,1,0.6846500443261595,9,0.14597970335675253,0.625,0.8690476190476191,0.5714285714285714,2,0.03683858370600135,0.0,0.11111111111111116,20,0,0,8
616550edc0f17623bcac,VIGOUR,VIGOREX,holdout,retrospective_holdout,0,VIGOGAR,0,0.4562038542836394,8,0.1249487704918033,0.7142857142857143,0.9095238095238095,0.5454545454545454,1,0.014278795305699074,0.1428571428571429,0.0,20,0,0,6
83295be90d82bfa1396c,VIGOXXX,VIGOREX,holdout,retrospective_holdout,1,VIGOREX,1,0.5934527168155679,8,0.12528272010027697,0.7142857142857143,0.8857142857142858,0.5454545454545454,1,0.014511411206928324,0.1428571428571429,0.01904761904761898,20,0,0,7
bac12e27a82c1a7d1d7e,ALBUSSEIN,ALBUTEIN,holdout,retrospective_holdout,1,ALBUTEIN,1,0.7721074667962823,9,0.14675614649173613,0.7777777777777778,0.9305555555555555,0.6666666666666666,-1,-0.009272659079603285,0.11111111111111105,0.047222222222222165,20,0,0,9
da48f647f9346843742c,LANLYS,LANTUS,holdout,retrospective_holdout,1,LANVIS,0,0.9605174874078712,8,0.1221739028866144,0.6666666666666667,0.8444444444444443,0.4,7,0.10604487062854988,0.41666666666666674,0.2055555555555555,20,0,0,6
f926c3ecb52625e35044,INDOVAC,INDERAL,holdout,retrospective_holdout,1,INDOTOPIC,0,0.10356254438692489,3,0.04381881575727918,0.5555555555555556,0.8539682539682539,0.42857142857142855,-3,-0.04705129880925607,-0.06944444444444442,-0.01388888888888895,20,0,0,7
743df02cf9f96ab2c9ae,VIIGAMP,VIGOREX,holdout,retrospective_holdout,0,VIGAM S,0,0.9726785924245761,9,0.14677254098360656,0.7142857142857143,0.8793650793650793,0.7272727272727273,5,0.08374524569824676,0.35064935064935066,0.18961038961038967,20,0,0,7
8326b4974ca4b5ef9d0c,INDEXALS,INDERAL,holdout,retrospective_holdout,1,INDERAL,1,0.8843797664608625,9,0.14459104712708742,0.75,0.9214285714285715,0.6153846153846154,4,0.06593946797147601,0.25,0.0706349206349206,20,0,0,8
