proposed_action,proposed_action_basis,filtered_now,evaluation_version,dataset,case_id,input,input_compact,expected_family_name,expected_family_keys,split,category,error_type,operation_family,edit_distance,normalized_distance,failure_scope,failure_reason,first_relevant_rank,hit_at_1,hit_at_5,hit_at_20,returned_candidates,top_1,top_20,expected_source_count,expected_sources,expected_source_ranks,expected_levenshtein_similarity,expected_jaro_winkler,expected_bigram_dice,expected_passes_top_20_gate,expected_gate_failure,algorithm_5_top_1,algorithm_5_top_20,algorithm_5_first_relevant_rank,algorithm_6_external_slot_used,sample_id,ocr_model,image_id,source_image_reference_available,query_length,expected_distance,nearest_catalog_distance,expected_minus_nearest_distance,nearest_catalog_names,query_is_different_catalog_family,all_measured_union_contains_expected,audit_priority,automated_audit_reasons,human_image_review_status,criterion_exact_different_real_drug,criterion_only_1_or_2_characters,criterion_extreme_normalized_distance,criterion_other_catalog_name_2plus_edits_closer,criterion_expected_absent_all_retriever_top20
REVIEW_BEFORE_SCORING,normalized_distance_above_0.60;another_catalog_name_at_least_2_edits_closer;expected_absent_from_all_retriever_top20_lists,0,algorithm_6_consensus_v1,ocr,0626de6aef3f897f5a21,HOAVACH,HOAVACH,AMIKACIN,AMIKACIN,development,extreme_distance_prediction,multi_edit_ocr_error,multi_edit_ocr_error,6,0.75,expected_family_outside_algorithm_6_top_20,Expected family absent from every selected retriever top-20 list,999,0,0,0,20,HYABAK,HYABAK;HEPACHAIN;CO AVAZIR;HACACI;HAIR ACT;HYSEAC A;HYSEAC K;HYSEAC R;HYALASE;HISTAC;HYSEAC;ROVAC M;DRAVOSACH;OVACAN;LUIVAC;ABEVAC;NOVACID;FATTACHE;HEMACHEF;NOVACTAM,0,,,0.0,0.0,0.0,0,absent_from_all_selected_source_top20_lists,HYABAK,HYABAK;HEPACHAIN;CO AVAZIR;HACACI;HAIR ACT;HYSEAC A;HYSEAC K;HYSEAC R;HYALASE;HISTAC;HYSEAC;ROVAC M;DRAVOSACH;OVACAN;LUIVAC;ABEVAC;NOVACID;FATTACHE;HEMACHEF;NOVACTAM,999,0,easyocr:36,easyocr,,0,7,6,3,3,HACACI; ROVAC M,0,0,P0,another_catalog_family_is_at_least_two_edits_closer;extreme_normalized_distance_above_0_60;expected_absent_from_selected_candidate_union;expected_absent_from_all_measured_top20_lists;source_image_reference_missing,pending,0,0,1,1,1
REVIEW_BEFORE_SCORING,only_1_or_2_visible_characters;normalized_distance_above_0.60;another_catalog_name_at_least_2_edits_closer;expected_absent_from_all_retriever_top20_lists,0,algorithm_6_consensus_v1,ocr,0ada8fc40a6ee5d2016d,H,H,RIVO,RIVO,development,extreme_distance_prediction,multi_edit_ocr_error,multi_edit_ocr_error,4,1.0,expected_family_outside_algorithm_6_top_20,Expected family absent from every selected retriever top-20 list,999,0,0,0,0,,,0,,,0.0,0.0,0.0,0,absent_from_all_selected_source_top20_lists,,,999,0,easyocr:68,easyocr,,0,1,4,1,3,HT; S; X,0,0,P0,another_catalog_family_is_at_least_two_edits_closer;extreme_normalized_distance_above_0_60;expected_absent_from_selected_candidate_union;expected_absent_from_all_measured_top20_lists;one_or_two_visible_characters;source_image_reference_missing,pending,0,1,1,1,1
REVIEW_BEFORE_SCORING,normalized_distance_above_0.60;another_catalog_name_at_least_2_edits_closer;expected_absent_from_all_retriever_top20_lists,0,algorithm_6_consensus_v1,ocr,0c6e4897639d86c24951,KKATU,KKATU,KETOROLAC,KETOROLAC,development,extreme_distance_prediction,multi_edit_ocr_error,multi_edit_ocr_error,8,0.88888889,expected_family_outside_algorithm_6_top_20,Expected family absent from every selected retriever top-20 list,999,0,0,0,20,KATI,KATI;FAKTU;KITI;KATRO;KERATO;KATREX;KROTA;KETAM;KATA CAL;KIDDO;KOKAST;KADEE;KATOLER;KATOMOR;KAST;KELATOP;KOATE DVI;K VITON;KATIVAROX;ACTIVE MAN NATURES AID,0,,,0.0,0.0,0.0,0,absent_from_all_selected_source_top20_lists,KATI,KATI;FAKTU;KITI;KATRO;KERATO;KATREX;KROTA;KETAM;KATA CAL;KIDDO;KOKAST;KADEE;KATOLER;KATOMOR;KAST;KELATOP;KOATE DVI;K VITON;KATIVAROX;ACTIVE MAN NATURES AID,999,0,easyocr:47,easyocr,,0,5,8,2,6,KATI,0,0,P0,another_catalog_family_is_at_least_two_edits_closer;extreme_normalized_distance_above_0_60;expected_absent_from_selected_candidate_union;expected_absent_from_all_measured_top20_lists;source_image_reference_missing,pending,0,0,1,1,1
REVIEW_BEFORE_SCORING,normalized_distance_above_0.60;another_catalog_name_at_least_2_edits_closer;expected_absent_from_all_retriever_top20_lists,0,algorithm_6_consensus_v1,ocr,0e6b7d972493bac7ddf9,INSUG,INSUG,INDERAL,INDERAL,holdout,extreme_distance_prediction,multi_edit_ocr_error,multi_edit_ocr_error,5,0.71428571,expected_family_outside_algorithm_6_top_20,Expected family absent from every selected retriever top-20 list,999,0,0,0,20,INSPAGO,INSPAGO;INOSAGE;GINSENG;ENSURE;INSULINAGYPT;INNO;INSULINAGYPT N;INSULINAGYPT R;INVEGA;INTARG;INZAD;ANASEZIAGO;INSTANOM;INSTOLAB;INCAN;INEGY;INFEX;INSUMAN COMB;INNOGEN;IMDUR,0,,,0.0,0.0,0.0,0,absent_from_all_selected_source_top20_lists,INSPAGO,INSPAGO;INOSAGE;GINSENG;ENSURE;INSULINAGYPT;INNO;INSULINAGYPT N;INSULINAGYPT R;INVEGA;INTARG;INZAD;ANASEZIAGO;INSTANOM;INSTOLAB;INCAN;INEGY;INFEX;INSUMAN COMB;INNOGEN;IMDUR,999,0,easyocr:70,easyocr,,0,5,5,3,2,BIOSUN; DES UP; DRUG; ENSURE; GINSENG,0,0,P0,another_catalog_family_is_at_least_two_edits_closer;extreme_normalized_distance_above_0_60;expected_absent_from_selected_candidate_union;expected_absent_from_all_measured_top20_lists;source_image_reference_missing,pending,0,0,1,1,1
REVIEW_BEFORE_SCORING,normalized_distance_above_0.60;another_catalog_name_at_least_2_edits_closer,0,algorithm_6_consensus_v1,ocr,0eadb489e70f9db3cb38,MYHU,MYHU,MYOLAX,MYOLAX,development,extreme_distance_prediction,multi_edit_ocr_error,multi_edit_ocr_error,4,0.66666667,expected_family_outside_algorithm_6_top_20,Expected family was retrieved externally but failed consensus gate: fewer_than_three_supporting_sources;levenshtein_similarity_below_0_55;jaro_winkler_below_0_85,999,0,0,0,5,MYHEP,MYHEP;MENTU;EGYHUSTEN;MARNYS CREAMY HONEY PROPOLIS;MARNYS CREAMY HONEY ROYAL JELLY,1,dice_char2,dice_char2:19,0.3333333333333333,0.611111111111111,0.25,0,fewer_than_three_supporting_sources;levenshtein_similarity_below_0_55;jaro_winkler_below_0_85,MYHEP,MYHEP;MENTU;EGYHUSTEN;MARNYS CREAMY HONEY PROPOLIS;MARNYS CREAMY HONEY ROYAL JELLY,999,0,easyocr:7,easyocr,,0,4,4,2,2,MYHEP,0,1,P0,another_catalog_family_is_at_least_two_edits_closer;extreme_normalized_distance_above_0_60;source_image_reference_missing,pending,0,0,1,1,0
REVIEW_BEFORE_SCORING,only_1_or_2_visible_characters;normalized_distance_above_0.60;another_catalog_name_at_least_2_edits_closer;expected_absent_from_all_retriever_top20_lists,0,algorithm_6_consensus_v1,ocr,0f29a68c2098e4402eab,PA,PA,PETHIDINE,PETHIDINE,development,extreme_distance_prediction,multi_edit_ocr_error,multi_edit_ocr_error,8,0.88888889,expected_family_outside_algorithm_6_top_20,Expected family absent from every selected retriever top-20 list,999,0,0,0,1,PAR,PAR,0,,,0.0,0.0,0.0,0,absent_from_all_selected_source_top20_lists,,,999,1,easyocr:19,easyocr,,0,2,8,1,7,M P A; PAR; PEA,0,0,P0,another_catalog_family_is_at_least_two_edits_closer;extreme_normalized_distance_above_0_60;expected_absent_from_selected_candidate_union;expected_absent_from_all_measured_top20_lists;one_or_two_visible_characters;source_image_reference_missing,pending,0,1,1,1,1
REVIEW_BEFORE_SCORING,normalized_distance_above_0.60;another_catalog_name_at_least_2_edits_closer;expected_absent_from_all_retriever_top20_lists,0,algorithm_6_consensus_v1,ocr,10db1eefb78613a67a1d,INB C,INBC,ALBUTEIN,ALBUTEIN,holdout,extreme_distance_prediction,multi_edit_ocr_error,multi_edit_ocr_error,7,0.875,expected_family_outside_algorithm_6_top_20,Expected family absent from every selected retriever top-20 list,999,0,0,0,20,INNO,INNO;INVEGA;MINRO;C PLUS 30 TAB;L C PLUS ORAL DROPS 10 ML;ANOVCA;NUBEQA;NOPECIA;UNION B COMPLEX;NEBCIN;PIN BARCK;NEBCOMB;INVOKANA;NANOBACILLUS;NEBICARD;ANOVCA TOOTH;NOVACID OBLONG;NOVACID;NAPI CARE;NOVACTAM,0,,,0.0,0.0,0.0,0,absent_from_all_selected_source_top20_lists,INNO,INNO;INVEGA;MINRO;C PLUS 30 TAB;L C PLUS ORAL DROPS 10 ML;ANOVCA;NUBEQA;NOPECIA;UNION B COMPLEX;NEBCIN;PIN BARCK;NEBCOMB;INVOKANA;NANOBACILLUS;NEBICARD;ANOVCA TOOTH;NOVACID OBLONG;NOVACID;NAPI CARE;NOVACTAM,999,0,easyocr:50,easyocr,,0,4,7,2,5,INNO; SINUC; ZINC,0,0,P0,another_catalog_family_is_at_least_two_edits_closer;extreme_normalized_distance_above_0_60;expected_absent_from_selected_candidate_union;expected_absent_from_all_measured_top20_lists;source_image_reference_missing,pending,0,0,1,1,1
REVIEW_BEFORE_SCORING,normalized_distance_above_0.60;another_catalog_name_at_least_2_edits_closer,0,algorithm_6_consensus_v1,ocr,10f825e8536926135f1e,UUIXM,UUIXM,CEFIXIME,CEFIXIME,holdout,extreme_distance_prediction,multi_edit_ocr_error,multi_edit_ocr_error,5,0.625,expected_family_outside_algorithm_6_top_20,Expected family was retrieved externally but failed consensus gate: fewer_than_three_supporting_sources;levenshtein_similarity_below_0_55;jaro_winkler_below_0_85,999,0,0,0,7,UNILOXAM,UNILOXAM;URO VAXOM;DAPABLIX MET;MIXMAZIL;MELLITOFIX MET;TOPAFLIX MASSAGE;AZOTEC MIX MASSAGE,2,jaro_winkler;match_rating,jaro_winkler:20;match_rating:18,0.375,0.6583333333333333,0.1818181818181818,0,fewer_than_three_supporting_sources;levenshtein_similarity_below_0_55;jaro_winkler_below_0_85,UNILOXAM,UNILOXAM;URO VAXOM;DAPABLIX MET;MIXMAZIL;MELLITOFIX MET;TOPAFLIX MASSAGE;AZOTEC MIX MASSAGE,999,0,easyocr:41,easyocr,,0,5,5,3,2,AIX; CURAM; DUMIX; EBIXA; E MIX,0,1,P0,another_catalog_family_is_at_least_two_edits_closer;extreme_normalized_distance_above_0_60;source_image_reference_missing,pending,0,0,1,1,0
REVIEW_BEFORE_SCORING,normalized_distance_above_0.60;another_catalog_name_at_least_2_edits_closer;expected_absent_from_all_retriever_top20_lists,0,algorithm_6_consensus_v1,ocr,11cc80b4c21a0c81d724,PIVLAL,PIVLAL,RIVOTRIL,RIVOTRIL,development,extreme_distance_prediction,multi_edit_ocr_error,multi_edit_ocr_error,5,0.625,expected_family_outside_algorithm_6_top_20,Expected family absent from every selected retriever top-20 list,999,0,0,0,20,EPIVAL,EPIVAL;LIVIAL;PAULA;BIVALA;EPIVEL;PABAL;VIVOPAL;PENTAL;BIONAL;VEVAL;PYRAL;NEVXAL;PIVASTALO;POFOL;PROLOL;PICOLAX;PREXAL;PROCAL;PIPRACIL;PLETAAL,0,,,0.0,0.0,0.0,0,absent_from_all_selected_source_top20_lists,EPIVAL,EPIVAL;LIVIAL;PAULA;BIVALA;EPIVEL;PABAL;VIVOPAL;PENTAL;BIONAL;VEVAL;PYRAL;NEVXAL;PIVASTALO;POFOL;PROLOL;PICOLAX;PREXAL;PROCAL;PIPRACIL;PLETAAL,999,0,easyocr:22,easyocr,,0,6,5,2,3,EPIVAL; LIVIAL,0,0,P0,another_catalog_family_is_at_least_two_edits_closer;extreme_normalized_distance_above_0_60;expected_absent_from_selected_candidate_union;expected_absent_from_all_measured_top20_lists;source_image_reference_missing,pending,0,0,1,1,1
REVIEW_BEFORE_SCORING,normalized_distance_above_0.60;another_catalog_name_at_least_2_edits_closer;expected_absent_from_all_retriever_top20_lists,0,algorithm_6_consensus_v1,ocr,22c0de540f68c0503399,PSWNV,PSWNV,RIVOTRIL,RIVOTRIL,development,extreme_distance_prediction,multi_edit_ocr_error,multi_edit_ocr_error,8,1.0,expected_family_outside_algorithm_6_top_20,Expected family absent from every selected retriever top-20 list,999,0,0,0,0,,,0,,,0.0,0.0,0.0,0,absent_from_all_selected_source_top20_lists,,,999,0,easyocr:6,easyocr,,0,5,8,3,5,PAN D; PEANO; PERNY; PONO; POWER,0,0,P0,another_catalog_family_is_at_least_two_edits_closer;extreme_normalized_distance_above_0_60;expected_absent_from_selected_candidate_union;expected_absent_from_all_measured_top20_lists;source_image_reference_missing,pending,0,0,1,1,1
REVIEW_BEFORE_SCORING,normalized_distance_above_0.60;another_catalog_name_at_least_2_edits_closer;expected_absent_from_all_retriever_top20_lists,0,algorithm_6_consensus_v1,ocr,24ff733d94ef6de86ebe,KBPK,KBPK,KETOROLAC,KETOROLAC,development,extreme_distance_prediction,multi_edit_ocr_error,multi_edit_ocr_error,8,0.88888889,expected_family_outside_algorithm_6_top_20,Expected family absent from every selected retriever top-20 list,999,0,0,0,20,KAPECT,KAPECT;KEVICE;COBAPACK;KABIKINASE;KEEPQUET;KEEP ACTIVE;QV KIDS;KAPECT COMPOUND;KEEPACO WHITENING;OCCUBACT;CAPECITABINE PHARMACARE;CAPECITAGIT;CAPECITABINE ACCORD;QV KIDS MOISTURISING;CAPECITABINE VIATRIS;CAVICLUDE;QV FACE;KAPIFECTIN;QV FACE PURIFYING MASK;QV FACE DAY,0,,,0.0,0.0,0.0,0,absent_from_all_selected_source_top20_lists,KAPECT,KAPECT;KEVICE;COBAPACK;KABIKINASE;KEEPQUET;KEEP ACTIVE;QV KIDS;KAPECT COMPOUND;KEEPACO WHITENING;OCCUBACT;CAPECITABINE PHARMACARE;CAPECITAGIT;CAPECITABINE ACCORD;QV KIDS MOISTURISING;CAPECITABINE VIATRIS;CAVICLUDE;QV FACE;KAPIFECTIN;QV FACE PURIFYING MASK;QV FACE DAY,999,0,easyocr:39,easyocr,,0,4,8,3,5,ACIK; B12; B B; BBS; BIO,0,0,P0,another_catalog_family_is_at_least_two_edits_closer;extreme_normalized_distance_above_0_60;expected_absent_from_selected_candidate_union;expected_absent_from_all_measured_top20_lists;source_image_reference_missing,pending,0,0,1,1,1
REVIEW_BEFORE_SCORING,normalized_distance_above_0.60;another_catalog_name_at_least_2_edits_closer;expected_absent_from_all_retriever_top20_lists,0,algorithm_6_consensus_v1,ocr,35df631f4bfce9508fc0,LEHUB,LEHUB,PETHIDINE,PETHIDINE,development,extreme_distance_prediction,multi_edit_ocr_error,multi_edit_ocr_error,7,0.77777778,expected_family_outside_algorithm_6_top_20,Expected family absent from every selected retriever top-20 list,999,0,0,0,20,LIT UP,LIT UP;LEIL;LEMOS;LEMOX;LENOR;LEMAH;LECA;LEVA;LENZO;LED;FLOHALE HFA;GOLDEN STYLE HAIR;STRONGVILLE HAIR;STRONGVILLE HAIR OIL;STRONGVILLE HAIR TONIC;STARVILLE HYALURONIC ACID SKIN;NUXE HUILE PRODIGIEUSE DRY OIL;CURAZOLE H;KEMAGEL AMORPHOUS STERILE HEALING;NUXE HUILE PRODIGIEUSE SHIMMERING DRY OIL,0,,,0.0,0.0,0.0,0,absent_from_all_selected_source_top20_lists,LIT UP,LIT UP;LEIL;LEMOS;LEMOX;LENOR;LEMAH;LECA;LEVA;LENZO;LED;FLOHALE HFA;GOLDEN STYLE HAIR;STRONGVILLE HAIR;STRONGVILLE HAIR OIL;STRONGVILLE HAIR TONIC;STARVILLE HYALURONIC ACID SKIN;NUXE HUILE PRODIGIEUSE DRY OIL;CURAZOLE H;KEMAGEL AMORPHOUS STERILE HEALING;NUXE HUILE PRODIGIEUSE SHIMMERING DRY OIL,999,0,easyocr:21,easyocr,,0,5,7,3,4,DES UP; EMUX; FENU H; FLUB; GENO B,0,0,P0,another_catalog_family_is_at_least_two_edits_closer;extreme_normalized_distance_above_0_60;expected_absent_from_selected_candidate_union;expected_absent_from_all_measured_top20_lists;source_image_reference_missing,pending,0,0,1,1,1
REVIEW_BEFORE_SCORING,only_1_or_2_visible_characters;normalized_distance_above_0.60;another_catalog_name_at_least_2_edits_closer;expected_absent_from_all_retriever_top20_lists,0,algorithm_6_consensus_v1,ocr,3a77fea3fe742b471a95,MH,MH,MYOLAX,MYOLAX,development,extreme_distance_prediction,multi_edit_ocr_error,multi_edit_ocr_error,5,0.83333333,expected_family_outside_algorithm_6_top_20,Expected family absent from every selected retriever top-20 list,999,0,0,0,0,,,0,,,0.0,0.0,0.0,0,absent_from_all_selected_source_top20_lists,,,999,0,easyocr:15,easyocr,,0,2,5,2,3,A1; B B; D3; DG; DHA,0,0,P0,another_catalog_family_is_at_least_two_edits_closer;extreme_normalized_distance_above_0_60;expected_absent_from_selected_candidate_union;expected_absent_from_all_measured_top20_lists;one_or_two_visible_characters;source_image_reference_missing,pending,0,1,1,1,1
REVIEW_BEFORE_SCORING,another_catalog_name_at_least_2_edits_closer;expected_absent_from_all_retriever_top20_lists,0,algorithm_6_consensus_v1,ocr,3af4ba9200d1d0ff64e1,RVOMI,RVOMI,RIVOTRIL,RIVOTRIL,development,high_distance_prediction,multi_edit_ocr_error,multi_edit_ocr_error,4,0.5,expected_family_outside_algorithm_6_top_20,Expected family absent from every selected retriever top-20 list,999,0,0,0,20,ROVIME,ROVIME;ROMIX;RIVO MICRO;RIVAMEP;ROBIMIX;R P MORE;RUBIVAMIN;RAPAMUNE;RONY;NERVOMORE;REVLIMID;ROMIX S;REVI;RIFAM;ROVEDIM;RIFAMOX;RIVO;RIBOEPI;AROMIX;REVIVE,0,,,0.0,0.0,0.0,0,absent_from_all_selected_source_top20_lists,ROVIME,ROVIME;ROMIX;RIVO MICRO;RIVAMEP;ROBIMIX;R P MORE;RUBIVAMIN;RAPAMUNE;RONY;NERVOMORE;REVLIMID;ROMIX S;REVI;RIFAM;ROVEDIM;RIFAMOX;RIVO;RIBOEPI;AROMIX;REVIVE,999,0,easyocr:62,easyocr,,0,5,4,2,2,ROMIX,0,0,P0,another_catalog_family_is_at_least_two_edits_closer;expected_absent_from_selected_candidate_union;expected_absent_from_all_measured_top20_lists;source_image_reference_missing,pending,0,0,0,1,1
REVIEW_BEFORE_SCORING,only_1_or_2_visible_characters;normalized_distance_above_0.60;another_catalog_name_at_least_2_edits_closer;expected_absent_from_all_retriever_top20_lists,0,algorithm_6_consensus_v1,ocr,3bb7459e2e85439a9e98,V6,V6,RIVOTRIL,RIVOTRIL,development,extreme_distance_prediction,multi_edit_ocr_error,multi_edit_ocr_error,7,0.875,expected_family_outside_algorithm_6_top_20,Expected family absent from every selected retriever top-20 list,999,0,0,0,0,,,0,,,0.0,0.0,0.0,0,absent_from_all_selected_source_top20_lists,,,999,0,easyocr:4,easyocr,,0,2,7,1,6,V2; V V,0,0,P0,another_catalog_family_is_at_least_two_edits_closer;extreme_normalized_distance_above_0_60;expected_absent_from_selected_candidate_union;expected_absent_from_all_measured_top20_lists;one_or_two_visible_characters;source_image_reference_missing,pending,0,1,1,1,1
REVIEW_BEFORE_SCORING,normalized_distance_above_0.60;another_catalog_name_at_least_2_edits_closer;expected_absent_from_all_retriever_top20_lists,0,algorithm_6_consensus_v1,ocr,41fe00e0c7c1190a4e49,GHK,GHK,GLINTA,GLINTA,holdout,extreme_distance_prediction,multi_edit_ocr_error,multi_edit_ocr_error,5,0.83333333,expected_family_outside_algorithm_6_top_20,Expected family absent from every selected retriever top-20 list,999,0,0,0,1,COUGH KEE,COUGH KEE,0,,,0.0,0.0,0.0,0,absent_from_all_selected_source_top20_lists,COUGH KEE,COUGH KEE,999,0,easyocr:55,easyocr,,0,3,5,2,3,DHA; GIT; GLI; GUA; GUM,0,0,P0,another_catalog_family_is_at_least_two_edits_closer;extreme_normalized_distance_above_0_60;expected_absent_from_selected_candidate_union;expected_absent_from_all_measured_top20_lists;source_image_reference_missing,pending,0,0,1,1,1
REVIEW_BEFORE_SCORING,normalized_distance_above_0.60;another_catalog_name_at_least_2_edits_closer;expected_absent_from_all_retriever_top20_lists,0,algorithm_6_consensus_v1,ocr,47031e41e81a2e9a3119,FVH,FVH,ENTECAVIR,ENTECAVIR,holdout,extreme_distance_prediction,multi_edit_ocr_error,multi_edit_ocr_error,8,0.88888889,expected_family_outside_algorithm_6_top_20,Expected family absent from every selected retriever top-20 list,999,0,0,0,2,FSH,FSH;FABB HAIR OIL,0,,,0.0,0.0,0.0,0,absent_from_all_selected_source_top20_lists,FSH,FSH;FABB HAIR OIL,999,0,easyocr:25,easyocr,,0,3,8,1,7,FSH,0,0,P0,another_catalog_family_is_at_least_two_edits_closer;extreme_normalized_distance_above_0_60;expected_absent_from_selected_candidate_union;expected_absent_from_all_measured_top20_lists;source_image_reference_missing,pending,0,0,1,1,1
REVIEW_BEFORE_SCORING,normalized_distance_above_0.60;another_catalog_name_at_least_2_edits_closer;expected_absent_from_all_retriever_top20_lists,0,algorithm_6_consensus_v1,ocr,4709c8a3b5b5cc55acf6,IYT,IYT,AMIKACIN,AMIKACIN,development,extreme_distance_prediction,multi_edit_ocr_error,multi_edit_ocr_error,7,0.875,expected_family_outside_algorithm_6_top_20,Expected family absent from every selected retriever top-20 list,999,0,0,0,5,DIETY,DIETY;CIOTA;HIVIT;CISAT;ROLYT,0,,,0.0,0.0,0.0,0,absent_from_all_selected_source_top20_lists,DIETY,DIETY;CIOTA;HIVIT;CISAT;ROLYT,999,0,easyocr:33,easyocr,,0,3,7,2,5,FITT; GIT; HT; IQ; IRO,0,0,P0,another_catalog_family_is_at_least_two_edits_closer;extreme_normalized_distance_above_0_60;expected_absent_from_selected_candidate_union;expected_absent_from_all_measured_top20_lists;source_image_reference_missing,pending,0,0,1,1,1
REVIEW_BEFORE_SCORING,normalized_distance_above_0.60;another_catalog_name_at_least_2_edits_closer;expected_absent_from_all_retriever_top20_lists,0,algorithm_6_consensus_v1,ocr,5890acbf5a4dae08f4c5,HAYDR,HAYDR,ABASAGLAR,ABASAGLARCARTRIDGES;ABASAGLARKWIKPENPENS,development,extreme_distance_prediction,multi_edit_ocr_error,multi_edit_ocr_error,7,0.77777778,expected_family_outside_algorithm_6_top_20,Expected family absent from every selected retriever top-20 list,999,0,0,0,20,HAYAR,HAYAR;HAYAR PLEX;HYDRO;HAIR CLINIC ANTI DANDRUFF;HYDRO Z;HYDREA;HAY BIR;HAYA K;HAXIDA;HIDERM;CHYDRO;HYDRAVIVE;HAYARNEX;HYDRETIC;HAEMA;HYDRA BOOST HYDRATING;HYDRAWELL REHYDRATION;HYDROFIX;HYDROLAV;HYDROMIX,0,,,0.0,0.0,0.0,0,absent_from_all_selected_source_top20_lists,HAYAR,HAYAR;HAYAR PLEX;HYDRO;HAIR CLINIC ANTI DANDRUFF;HYDRO Z;HYDREA;HAY BIR;HAYA K;HAXIDA;HIDERM;CHYDRO;HYDRAVIVE;HAYARNEX;HYDRETIC;HAEMA;HYDRA BOOST HYDRATING;HYDRAWELL REHYDRATION;HYDROFIX;HYDROLAV;HYDROMIX,999,0,easyocr:17,easyocr,,0,5,7,1,6,HAYAR,0,0,P0,another_catalog_family_is_at_least_two_edits_closer;extreme_normalized_distance_above_0_60;expected_absent_from_selected_candidate_union;expected_absent_from_all_measured_top20_lists;source_image_reference_missing,pending,0,0,1,1,1
REVIEW_BEFORE_SCORING,normalized_distance_above_0.60;another_catalog_name_at_least_2_edits_closer;expected_absent_from_all_retriever_top20_lists,0,algorithm_6_consensus_v1,ocr,5c44688f2f429e5bbd63,PBAL,PBAL,KETOROLAC,KETOROLAC,development,extreme_distance_prediction,multi_edit_ocr_error,multi_edit_ocr_error,8,0.88888889,expected_family_outside_algorithm_6_top_20,Expected family absent from every selected retriever top-20 list,999,0,0,0,20,PABAL,PABAL;COBAL;POFOL;PYRAL;PAULA;R B CAL;EPIVAL;PEA;PROLI;BALOF;BALKIS;BALMEX;BALMIX;BALSAM;CEREBAL;SYMOBAL;BALOXDOT;BALVERSA;BALANSERC;EMICOBAL,0,,,0.0,0.0,0.0,0,absent_from_all_selected_source_top20_lists,PABAL,PABAL;COBAL;POFOL;PYRAL;PAULA;R B CAL;EPIVAL;PEA;PROLI;BALOF;BALKIS;BALMEX;BALMIX;BALSAM;CEREBAL;SYMOBAL;BALOXDOT;BALVERSA;BALANSERC;EMICOBAL,999,0,easyocr:42,easyocr,,0,4,8,1,7,PABAL,0,0,P0,another_catalog_family_is_at_least_two_edits_closer;extreme_normalized_distance_above_0_60;expected_absent_from_selected_candidate_union;expected_absent_from_all_measured_top20_lists;source_image_reference_missing,pending,0,0,1,1,1
REVIEW_BEFORE_SCORING,normalized_distance_above_0.60;another_catalog_name_at_least_2_edits_closer;expected_absent_from_all_retriever_top20_lists,0,algorithm_6_consensus_v1,ocr,5de69abe5f84b7bf59eb,UOKOTDLOO,UOKOTDLOO,KETOROLAC,KETOROLAC,development,extreme_distance_prediction,multi_edit_ocr_error,multi_edit_ocr_error,7,0.77777778,expected_family_outside_algorithm_6_top_20,Expected family absent from every selected retriever top-20 list,999,0,0,0,20,COKIDOL,COKIDOL;OCADELOR;QUITIADEL;OKTAL;CITALO;CIDOLUT DEPOT;GATILOX;KATOLER;KETOLAC;ARKOTRUE;ONKOTRONE;CETAL;CETAL COLD FLU CAPLETS;CODILAR;OCUTAL TEC;ACETYLEX;CATALIN;GOUTYLESS;MYKOTRAL;CAUDAL ANTI HAIR LOSS,0,,,0.0,0.0,0.0,0,absent_from_all_selected_source_top20_lists,COKIDOL,COKIDOL;OCADELOR;QUITIADEL;OKTAL;CITALO;CIDOLUT DEPOT;GATILOX;KATOLER;KETOLAC;ARKOTRUE;ONKOTRONE;CETAL;CETAL COLD FLU CAPLETS;CODILAR;OCUTAL TEC;ACETYLEX;CATALIN;GOUTYLESS;MYKOTRAL;CAUDAL ANTI HAIR LOSS,999,0,easyocr:45,easyocr,,0,9,7,5,2,COKIDOL; CORTILON; NOVOTON; OKTAL; OSTELOS,0,0,P0,another_catalog_family_is_at_least_two_edits_closer;extreme_normalized_distance_above_0_60;expected_absent_from_selected_candidate_union;expected_absent_from_all_measured_top20_lists;source_image_reference_missing,pending,0,0,1,1,1
REVIEW_BEFORE_SCORING,normalized_distance_above_0.60;another_catalog_name_at_least_2_edits_closer;expected_absent_from_all_retriever_top20_lists,0,algorithm_6_consensus_v1,ocr,605001bc09fa846b7ebb,VIBKHI,VIBKHI,RIVOTRIL,RIVOTRIL,development,extreme_distance_prediction,multi_edit_ocr_error,multi_edit_ocr_error,6,0.75,expected_family_outside_algorithm_6_top_20,Expected family absent from every selected retriever top-20 list,999,0,0,0,20,VIRKON,VIRKON;IVY CHEMI;BIOCHOL;VIAVAG;VI HIDE;VIDANE;VIPROT;VISCAL;VIPIDIA;VINOSIN;VIGAFIL;VITACID;VITAMIN;BABY CHOICE;AVICHEST;VICHY MINERAL EYES;VICHY MINERAL SKIN;VICHY AQUALIA THERMAL RICH;VICHY IDEALIA DARK CIRCLE;VICHY DERCOS ULTRA SOOTHING,0,,,0.0,0.0,0.0,0,absent_from_all_selected_source_top20_lists,VIRKON,VIRKON;IVY CHEMI;BIOCHOL;VIAVAG;VI HIDE;VIDANE;VIPROT;VISCAL;VIPIDIA;VINOSIN;VIGAFIL;VITACID;VITAMIN;BABY CHOICE;AVICHEST;VICHY MINERAL EYES;VICHY MINERAL SKIN;VICHY AQUALIA THERMAL RICH;VICHY IDEALIA DARK CIRCLE;VICHY DERCOS ULTRA SOOTHING,999,0,easyocr:13,easyocr,,0,6,6,3,3,VIRKON,0,0,P0,another_catalog_family_is_at_least_two_edits_closer;extreme_normalized_distance_above_0_60;expected_absent_from_selected_candidate_union;expected_absent_from_all_measured_top20_lists;source_image_reference_missing,pending,0,0,1,1,1
REVIEW_BEFORE_SCORING,normalized_distance_above_0.60;another_catalog_name_at_least_2_edits_closer;expected_absent_from_all_retriever_top20_lists,0,algorithm_6_consensus_v1,ocr,676bd423c86fd94f7d83,FOK,FOK,LACTO,LACTO,development,extreme_distance_prediction,multi_edit_ocr_error,multi_edit_ocr_error,5,1.0,expected_family_outside_algorithm_6_top_20,Expected family absent from every selected retriever top-20 list,999,0,0,0,3,FOSKY,FOSKY;FAKTU;FOGY,0,,,0.0,0.0,0.0,0,absent_from_all_selected_source_top20_lists,FOSKY,FOSKY;FAKTU;FOGY,999,0,easyocr:10,easyocr,,0,3,5,2,3,COQ; COR K; FAM; FEM; FLU,0,0,P0,another_catalog_family_is_at_least_two_edits_closer;extreme_normalized_distance_above_0_60;expected_absent_from_selected_candidate_union;expected_absent_from_all_measured_top20_lists;source_image_reference_missing,pending,0,0,1,1,1
REVIEW_BEFORE_SCORING,normalized_distance_above_0.60;another_catalog_name_at_least_2_edits_closer;expected_absent_from_all_retriever_top20_lists,0,algorithm_6_consensus_v1,ocr,70f3963324636189838b,RVEKK L,RVEKKL,RIVOTRIL,RIVOTRIL,development,extreme_distance_prediction,multi_edit_ocr_error,multi_edit_ocr_error,5,0.625,expected_family_outside_algorithm_6_top_20,Expected family absent from every selected retriever top-20 list,999,0,0,0,20,RIVESKO,RIVESKO;R B CAL;REPACELL;REPCI;RIVACLOX;RIFKY;L C PLUS ORAL DROPS 10 ML;EUROPACK COUGH;EUROPACK COLD;ROVAC M;ROVACLEAN FACIAL CLEANSER;RAPI COOL MASSAGE;REBCOFLEX CR;RABICID;RAPICAINE;REBCOFLEX;RIPICONAZOLE;ARABCOFLOROQUIN;CERVETOLKA;REFOBACIN,0,,,0.0,0.0,0.0,0,absent_from_all_selected_source_top20_lists,RIVESKO,RIVESKO;R B CAL;REPACELL;REPCI;RIVACLOX;RIFKY;L C PLUS ORAL DROPS 10 ML;EUROPACK COUGH;EUROPACK COLD;ROVAC M;ROVACLEAN FACIAL CLEANSER;RAPI COOL MASSAGE;REBCOFLEX CR;RABICID;RAPICAINE;REBCOFLEX;RIPICONAZOLE;ARABCOFLOROQUIN;CERVETOLKA;REFOBACIN,999,0,easyocr:12,easyocr,,0,6,5,3,2,REKAN; RIVESKO; VEVAL; VEXOL,0,0,P0,another_catalog_family_is_at_least_two_edits_closer;extreme_normalized_distance_above_0_60;expected_absent_from_selected_candidate_union;expected_absent_from_all_measured_top20_lists;source_image_reference_missing,pending,0,0,1,1,1
REVIEW_BEFORE_SCORING,normalized_distance_above_0.60;another_catalog_name_at_least_2_edits_closer,0,algorithm_6_consensus_v1,ocr,793f1bb3c8a4959a4834,MYK,MYK,MYOLAX,MYOLAX,development,extreme_distance_prediction,multi_edit_ocr_error,multi_edit_ocr_error,4,0.66666667,expected_family_outside_algorithm_6_top_20,Expected family was retrieved externally but failed consensus gate: fewer_than_three_supporting_sources;levenshtein_similarity_below_0_55;jaro_winkler_below_0_85,999,0,0,0,9,MYKOTRAL H,MYKOTRAL H;MESKY;MICA;MICO;MACA;MUCO;AMRI K;MYKOTRAL;MYKOTRAL TINCTURE,2,dice_char2;jaro_winkler,dice_char2:15;jaro_winkler:20,0.3333333333333333,0.6666666666666666,0.2857142857142857,0,fewer_than_three_supporting_sources;levenshtein_similarity_below_0_55;jaro_winkler_below_0_85,MYKOTRAL H,MYKOTRAL H;MESKY;MICA;MICO;MACA;MUCO;AMRI K;MYKOTRAL;MYKOTRAL TINCTURE,999,0,easyocr:53,easyocr,,0,3,4,2,2,MIX; MOL; M P A; MSM; MST,0,1,P0,another_catalog_family_is_at_least_two_edits_closer;extreme_normalized_distance_above_0_60;source_image_reference_missing,pending,0,0,1,1,0
REVIEW_BEFORE_SCORING,normalized_distance_above_0.60;another_catalog_name_at_least_2_edits_closer;expected_absent_from_all_retriever_top20_lists,0,algorithm_6_consensus_v1,ocr,7e9ca5ca635120af04d9,LWK,LWK,LASIX,LASIX,development,extreme_distance_prediction,multi_edit_ocr_error,multi_edit_ocr_error,4,0.8,expected_family_outside_algorithm_6_top_20,Expected family absent from every selected retriever top-20 list,999,0,0,0,1,SLOW K,SLOW K,0,,,0.0,0.0,0.0,0,absent_from_all_selected_source_top20_lists,SLOW K,SLOW K,999,0,easyocr:31,easyocr,,0,3,4,2,2,LAX; LC; LED; LIKE; LIV,0,0,P0,another_catalog_family_is_at_least_two_edits_closer;extreme_normalized_distance_above_0_60;expected_absent_from_selected_candidate_union;expected_absent_from_all_measured_top20_lists;source_image_reference_missing,pending,0,0,1,1,1
REVIEW_BEFORE_SCORING,normalized_distance_above_0.60;another_catalog_name_at_least_2_edits_closer,0,algorithm_6_consensus_v1,ocr,835834f2b7662cb13b97,OLSK,OLSK,OSSICA,OSSICA,development,extreme_distance_prediction,multi_edit_ocr_error,multi_edit_ocr_error,4,0.66666667,expected_family_outside_algorithm_6_top_20,Expected family was retrieved externally but failed consensus gate: fewer_than_three_supporting_sources;levenshtein_similarity_below_0_55;jaro_winkler_below_0_85,999,0,0,0,20,LOSEC,LOSEC;ALASKA;OLYSIO;ALZAC;ORVIL SKIN;LESCOL XL;LOSCHIZO;LILLISCAR;LOSEC MUPS;LASCAR;LESCOL;MOL SUN KIDS SUNSCREEN;XAMIOL SCALP;CHOLSTOP;COLSEVER;SOLSABI D;HYAFILL SKIN;COOL STRIKE MASSAGE;FETS HAIR NAIL SKIN;FOLASKA,1,nysiis,nysiis:15,0.3333333333333333,0.611111111111111,0.0,0,fewer_than_three_supporting_sources;levenshtein_similarity_below_0_55;jaro_winkler_below_0_85,LOSEC,LOSEC;ALASKA;OLYSIO;ALZAC;ORVIL SKIN;LESCOL XL;LOSCHIZO;LILLISCAR;LOSEC MUPS;LASCAR;LESCOL;MOL SUN KIDS SUNSCREEN;XAMIOL SCALP;CHOLSTOP;COLSEVER;SOLSABI D;HYAFILL SKIN;COOL STRIKE MASSAGE;FETS HAIR NAIL SKIN;VICHY MINERAL SKIN,999,1,easyocr:58,easyocr,,0,4,4,2,2,ORS,0,1,P0,another_catalog_family_is_at_least_two_edits_closer;extreme_normalized_distance_above_0_60;source_image_reference_missing,pending,0,0,1,1,0
REVIEW_BEFORE_SCORING,normalized_distance_above_0.60;another_catalog_name_at_least_2_edits_closer;expected_absent_from_all_retriever_top20_lists,0,algorithm_6_consensus_v1,ocr,84a5fa4ce35b92e7fbda,HYY 05,HYY05,OSTOCAL,OSTOCAL,development,extreme_distance_prediction,multi_edit_ocr_error,multi_edit_ocr_error,7,1.0,expected_family_outside_algorithm_6_top_20,Expected family absent from every selected retriever top-20 list,999,0,0,0,2,HYDRO,HYDRO;HYPOL,0,,,0.0,0.0,0.0,0,absent_from_all_selected_source_top20_lists,HYDRO,HYDRO;HYPOL,999,0,easyocr:73,easyocr,,0,5,7,3,4,HAYA K; HAYAR; HYDRO; HYPOL,0,0,P0,another_catalog_family_is_at_least_two_edits_closer;extreme_normalized_distance_above_0_60;expected_absent_from_selected_candidate_union;expected_absent_from_all_measured_top20_lists;source_image_reference_missing,pending,0,0,1,1,1
REVIEW_BEFORE_SCORING,normalized_distance_above_0.60;another_catalog_name_at_least_2_edits_closer;expected_absent_from_all_retriever_top20_lists,0,algorithm_6_consensus_v1,ocr,8ad6c0525498533693ff,KWFA,KWFA,RIVOTRIL,RIVOTRIL,development,extreme_distance_prediction,multi_edit_ocr_error,multi_edit_ocr_error,8,1.0,expected_family_outside_algorithm_6_top_20,Expected family absent from every selected retriever top-20 list,999,0,0,0,2,KAVA,KAVA;MARSHMALLOW FACIAL,0,,,0.0,0.0,0.0,0,absent_from_all_selected_source_top20_lists,KAVA,KAVA;MARSHMALLOW FACIAL,999,0,easyocr:54,easyocr,,0,4,8,2,6,KAVA; KIRA; RIFA; ROFA; SAFA,0,0,P0,another_catalog_family_is_at_least_two_edits_closer;extreme_normalized_distance_above_0_60;expected_absent_from_selected_candidate_union;expected_absent_from_all_measured_top20_lists;source_image_reference_missing,pending,0,0,1,1,1
REVIEW_BEFORE_SCORING,normalized_distance_above_0.60;another_catalog_name_at_least_2_edits_closer;expected_absent_from_all_retriever_top20_lists,0,algorithm_6_consensus_v1,ocr,96249c90c198fb640376,ABUXGU,ABUXGU,IBUPROFEN,IBUPROFEN,development,extreme_distance_prediction,multi_edit_ocr_error,multi_edit_ocr_error,7,0.77777778,expected_family_outside_algorithm_6_top_20,Expected family absent from every selected retriever top-20 list,999,0,0,0,20,NABUXAN,NABUXAN;APIXAGUARD;APEX;ABERTO;ABEVMY;ABILIA;FABUCOX;TABUNEX;VAXIGRIP TETRA;NABUTONE;ROTAHELEX GUARD;FLOXGUARD;CALMABUBBLE;FABUGLYCINA;DEXAFLABU;PENTABURN;PREDABURE;XANTHIBUX;ROSTEVO SHEA BUTTER;FLABU,0,,,0.0,0.0,0.0,0,absent_from_all_selected_source_top20_lists,NABUXAN,NABUXAN;APIXAGUARD;APEX;ABERTO;ABEVMY;ABILIA;FABUCOX;TABUNEX;VAXIGRIP TETRA;NABUTONE;ROTAHELEX GUARD;FLOXGUARD;CALMABUBBLE;FABUGLYCINA;DEXAFLABU;PENTABURN;PREDABURE;XANTHIBUX;ROSTEVO SHEA BUTTER;FLABU,999,0,easyocr:46,easyocr,,0,6,7,3,4,NABUXAN,0,0,P0,another_catalog_family_is_at_least_two_edits_closer;extreme_normalized_distance_above_0_60;expected_absent_from_selected_candidate_union;expected_absent_from_all_measured_top20_lists;source_image_reference_missing,pending,0,0,1,1,1
REVIEW_BEFORE_SCORING,normalized_distance_above_0.60;another_catalog_name_at_least_2_edits_closer;expected_absent_from_all_retriever_top20_lists,0,algorithm_6_consensus_v1,ocr,a6aa5d868e78770b1ef2,IJ6EK,IJ6EK,VIGOREX,VIGOREX,holdout,extreme_distance_prediction,multi_edit_ocr_error,multi_edit_ocr_error,5,0.71428571,expected_family_outside_algorithm_6_top_20,Expected family absent from every selected retriever top-20 list,999,0,0,0,0,,,0,,,0.0,0.0,0.0,0,absent_from_all_selected_source_top20_lists,,,999,0,easyocr:72,easyocr,,0,5,5,3,2,IKLEN; INFEX; IRFE; IXEL; JEEP,0,0,P0,another_catalog_family_is_at_least_two_edits_closer;extreme_normalized_distance_above_0_60;expected_absent_from_selected_candidate_union;expected_absent_from_all_measured_top20_lists;source_image_reference_missing,pending,0,0,1,1,1
REVIEW_BEFORE_SCORING,only_1_or_2_visible_characters;normalized_distance_above_0.60;another_catalog_name_at_least_2_edits_closer;expected_absent_from_all_retriever_top20_lists,0,algorithm_6_consensus_v1,ocr,a9a7a8cc0ae93bd73172,MD,MD,RIVOTRIL,RIVOTRIL,development,extreme_distance_prediction,multi_edit_ocr_error,multi_edit_ocr_error,8,1.0,expected_family_outside_algorithm_6_top_20,Expected family absent from every selected retriever top-20 list,999,0,0,0,0,,,0,,,0.0,0.0,0.0,0,absent_from_all_selected_source_top20_lists,,,999,0,easyocr:24,easyocr,,0,2,8,2,6,A1; B B; D3; D D B; DG,0,0,P0,another_catalog_family_is_at_least_two_edits_closer;extreme_normalized_distance_above_0_60;expected_absent_from_selected_candidate_union;expected_absent_from_all_measured_top20_lists;one_or_two_visible_characters;source_image_reference_missing,pending,0,1,1,1,1
REVIEW_BEFORE_SCORING,normalized_distance_above_0.60;another_catalog_name_at_least_2_edits_closer;expected_absent_from_all_retriever_top20_lists,0,algorithm_6_consensus_v1,ocr,ad97511334680fcf2692,KHUH,KHUH,KETOROLAC,KETOROLAC,development,extreme_distance_prediction,multi_edit_ocr_error,multi_edit_ocr_error,8,0.88888889,expected_family_outside_algorithm_6_top_20,Expected family absent from every selected retriever top-20 list,999,0,0,0,2,HUSH,HUSH;CHAR,0,,,0.0,0.0,0.0,0,absent_from_all_selected_source_top20_lists,HUSH,HUSH;CHAR,999,0,easyocr:28,easyocr,,0,4,8,2,6,HUSH,0,0,P0,another_catalog_family_is_at_least_two_edits_closer;extreme_normalized_distance_above_0_60;expected_absent_from_selected_candidate_union;expected_absent_from_all_measured_top20_lists;source_image_reference_missing,pending,0,0,1,1,1
REVIEW_BEFORE_SCORING,normalized_distance_above_0.60;another_catalog_name_at_least_2_edits_closer;expected_absent_from_all_retriever_top20_lists,0,algorithm_6_consensus_v1,ocr,af8aa8dfcca746d70f55,KHXELY,KHXELY,KETOROLAC,KETOROLAC,development,extreme_distance_prediction,multi_edit_ocr_error,multi_edit_ocr_error,7,0.77777778,expected_family_outside_algorithm_6_top_20,Expected family absent from every selected retriever top-20 list,999,0,0,0,20,CHILLY,CHILLY;LAXEL;KASELO;KERELLA;IXEL;CARELYTE;NIXELECO;CAELYX;EXELON;PAXELADINE;REFLUXELOC;FURYXEL;GATYXEL;INTAXEL;RIVAXEL;HELY HONE;UNITAXEL;GARLIC PARSELY;OXELADINE;OXELACURE,0,,,0.0,0.0,0.0,0,absent_from_all_selected_source_top20_lists,CHILLY,CHILLY;LAXEL;KASELO;KERELLA;IXEL;CARELYTE;NIXELECO;CAELYX;EXELON;PAXELADINE;REFLUXELOC;FURYXEL;GATYXEL;INTAXEL;RIVAXEL;HELY HONE;UNITAXEL;GARLIC PARSELY;OXELADINE;OXELACURE,999,0,easyocr:48,easyocr,,0,6,7,3,4,CHILLY; HELO; IXEL; KASELO; LAXEL,0,0,P0,another_catalog_family_is_at_least_two_edits_closer;extreme_normalized_distance_above_0_60;expected_absent_from_selected_candidate_union;expected_absent_from_all_measured_top20_lists;source_image_reference_missing,pending,0,0,1,1,1
RETAIN_AS_VALID_HARD_CASE,hard_but_textually_supported_case,0,algorithm_6_consensus_v1,ocr,b495a3dc9ac6b7f7079d,BSLX,BSLX,LASIX,LASIX,development,high_distance_prediction,two_or_three_edit_ocr_error,two_or_three_edit_ocr_error,3,0.6,expected_family_outside_algorithm_6_top_20,Expected family was retrieved externally but failed consensus gate: fewer_than_three_supporting_sources;levenshtein_similarity_below_0_55;jaro_winkler_below_0_85,999,0,0,0,3,PELOX,PELOX;GR SIX;ROSIX,1,symspell_uniform_ed3,symspell_uniform_ed3:8,0.4,0.6333333333333333,0.0,0,fewer_than_three_supporting_sources;levenshtein_similarity_below_0_55;jaro_winkler_below_0_85,PELOX,PELOX;GR SIX;ROSIX,999,0,easyocr:32,easyocr,,0,4,3,2,1,BELO; ISLA,0,1,P1,another_catalog_family_is_one_edit_closer;source_image_reference_missing,pending,0,0,0,0,0
REVIEW_BEFORE_SCORING,normalized_distance_above_0.60;another_catalog_name_at_least_2_edits_closer;expected_absent_from_all_retriever_top20_lists,0,algorithm_6_consensus_v1,ocr,bea72148e973f4d88577,ILYCKY M,ILYCKYM,MYOLAX,MYOLAX,development,extreme_distance_prediction,multi_edit_ocr_error,multi_edit_ocr_error,6,1.0,expected_family_outside_algorithm_6_top_20,Expected family absent from every selected retriever top-20 list,999,0,0,0,20,ELICA M,ELICA M;LYCOMEN;IVY CHEMI;INFLACAM;IVYRICYM;IVYCAN;IVY CYST;IVYCARE;GLYCODAL M;COLOMYCIN M;DOLCYL M;SPIRAMYCIN M;GLUCOLIPTIN M;ROVAMYCIN M;IVF M;SPASMOPYRALGIN M;ALFARON M;COLIXIN M;ROTACOLIBIOTIC M;COLISTIN M,0,,,0.0,0.0,0.0,0,absent_from_all_selected_source_top20_lists,ELICA M,ELICA M;LYCOMEN;IVY CHEMI;INFLACAM;IVYRICYM;IVYCAN;IVY CYST;IVYCARE;GLYCODAL M;COLOMYCIN M;DOLCYL M;SPIRAMYCIN M;GLUCOLIPTIN M;ROVAMYCIN M;IVF M;SPASMOPYRALGIN M;ALFARON M;COLIXIN M;ROTACOLIBIOTIC M;COLISTIN M,999,0,easyocr:14,easyocr,,0,7,6,4,2,CYCRAM; ELICA M; FLUCALM; GLYCINE; GLYCO A,0,0,P0,another_catalog_family_is_at_least_two_edits_closer;extreme_normalized_distance_above_0_60;expected_absent_from_selected_candidate_union;expected_absent_from_all_measured_top20_lists;source_image_reference_missing,pending,0,0,1,1,1
REVIEW_BEFORE_SCORING,another_catalog_name_at_least_2_edits_closer;expected_absent_from_all_retriever_top20_lists,0,algorithm_6_consensus_v1,ocr,d1083a428861726de1ba,KEBRDLT,KEBRDLT,KETOROLAC,KETOROLAC,development,high_distance_prediction,multi_edit_ocr_error,multi_edit_ocr_error,5,0.55555556,expected_family_outside_algorithm_6_top_20,Expected family absent from every selected retriever top-20 list,999,0,0,0,20,DEBRIDAT,DEBRIDAT;KEPRADIL;KARBALTA;KEMPROST;KETOREST;KEFADIM;KERELLA;KYTRIL;KEIRAN;KETRAC;KNEE BRACE;NEBRAGLOB;NEBRAVENT;CEREBRODIL;NEBRAJOINT;NEBRANIGHT;FEBRIMOL;NEBRAZYM;CEREBRINE;CEREBROCETAM,0,,,0.0,0.0,0.0,0,absent_from_all_selected_source_top20_lists,DEBRIDAT,DEBRIDAT;KEPRADIL;KARBALTA;KEMPROST;KETOREST;KEFADIM;KERELLA;KYTRIL;KEIRAN;KETRAC;KNEE BRACE;NEBRAGLOB;NEBRAVENT;CEREBRODIL;NEBRAJOINT;NEBRANIGHT;FEBRIMOL;NEBRAZYM;CEREBRINE;CEREBROCETAM,999,0,easyocr:18,easyocr,,0,7,5,3,2,DEBRIDAT,0,0,P0,another_catalog_family_is_at_least_two_edits_closer;expected_absent_from_selected_candidate_union;expected_absent_from_all_measured_top20_lists;source_image_reference_missing,pending,0,0,0,1,1
REVIEW_BEFORE_SCORING,normalized_distance_above_0.60;another_catalog_name_at_least_2_edits_closer;expected_absent_from_all_retriever_top20_lists,0,algorithm_6_consensus_v1,ocr,d51ab1f6562d7682e884,ABUMKH,ABUMKH,ABASAGLAR,ABASAGLARCARTRIDGES;ABASAGLARKWIKPENPENS,development,extreme_distance_prediction,multi_edit_ocr_error,multi_edit_ocr_error,7,0.77777778,expected_family_outside_algorithm_6_top_20,Expected family absent from every selected retriever top-20 list,999,0,0,0,20,ABIMOL,ABIMOL;ALBUMAC;ABEVMY;ALUMAG;PLASBUMIN;FABUCOX;NABUXAN;TABUNEX;NABUTONE;UMAN ALBUMIN;FLEXBUMIN;HUMAN ALBUMIN;LIVER ALBUMIN;SAFETRIUM KIDS;FABUGLYCINA;TUMKI B6;HUMAN ALBUMIN TAKEDA;CALMABUBBLE;FEBUMAGICTAM;IBUMENTOL TOP,0,,,0.0,0.0,0.0,0,absent_from_all_selected_source_top20_lists,ABIMOL,ABIMOL;ALBUMAC;ABEVMY;ALUMAG;PLASBUMIN;FABUCOX;NABUXAN;TABUNEX;NABUTONE;UMAN ALBUMIN;FLEXBUMIN;HUMAN ALBUMIN;LIVER ALBUMIN;SAFETRIUM KIDS;FABUGLYCINA;TUMKI B6;HUMAN ALBUMIN TAKEDA;CALMABUBBLE;FEBUMAGICTAM;IBUMENTOL TOP,999,0,easyocr:49,easyocr,,0,6,7,3,4,ABIMOL; ALBUMAC; ALUMAG,0,0,P0,another_catalog_family_is_at_least_two_edits_closer;extreme_normalized_distance_above_0_60;expected_absent_from_selected_candidate_union;expected_absent_from_all_measured_top20_lists;source_image_reference_missing,pending,0,0,1,1,1
REVIEW_BEFORE_SCORING,normalized_distance_above_0.60;another_catalog_name_at_least_2_edits_closer;expected_absent_from_all_retriever_top20_lists,0,algorithm_6_consensus_v1,ocr,d6bfe6d8bfc1a00b2686,GHONT,GHONT,CALAMINE,CALAMINE,development,extreme_distance_prediction,multi_edit_ocr_error,multi_edit_ocr_error,7,0.875,expected_family_outside_algorithm_6_top_20,Expected family absent from every selected retriever top-20 list,999,0,0,0,20,GEOCAND,GEOCAND;ECONET;GENTAL;COUNTY;GLINTA;PRONTO;GANATON;GENTEAL;ACCENT;DEFONTA;HONEYTA;IRONTEC;OCUGENT;INCONT A;HELY HONE;IVYPRONT;MEMONTIX;SPONTIAL;TIBONTED;GENTAZONE,0,,,0.0,0.0,0.0,0,absent_from_all_selected_source_top20_lists,GEOCAND,GEOCAND;ECONET;GENTAL;COUNTY;GLINTA;PRONTO;GANATON;GENTEAL;ACCENT;DEFONTA;HONEYTA;IRONTEC;OCUGENT;INCONT A;HELY HONE;IVYPRONT;MEMONTIX;SPONTIAL;TIBONTED;GENTAZONE,999,0,easyocr:1,easyocr,,0,5,7,3,4,2HC T; ADANT; ANONA; A ONE; AZOPT,0,0,P0,another_catalog_family_is_at_least_two_edits_closer;extreme_normalized_distance_above_0_60;expected_absent_from_selected_candidate_union;expected_absent_from_all_measured_top20_lists;source_image_reference_missing,pending,0,0,1,1,1
REVIEW_BEFORE_SCORING,normalized_distance_above_0.60;another_catalog_name_at_least_2_edits_closer;expected_absent_from_all_retriever_top20_lists,0,algorithm_6_consensus_v1,ocr,df93213002b4238bae97,HKASGKD,HKASGKD,ABASAGLAR,ABASAGLARCARTRIDGES;ABASAGLARKWIKPENPENS,development,extreme_distance_prediction,multi_edit_ocr_error,multi_edit_ocr_error,6,0.66666667,expected_family_outside_algorithm_6_top_20,Expected family absent from every selected retriever top-20 list,999,0,0,0,20,KASHKIDS,KASHKIDS;KAST;KASELO;ALKASILON;AMIKASKIV;LIKASTELL;KOKAST;MESHKA MASSAGE;LOCIKASWAB;HIGH SEAS COD LIVER OIL;STATUKAST;AGAROKASH;ASMAKAST PAEDIATRIC;VHC PROPODEZAS GINGER;GLASGOW MASSAGE;ALUKAST;OPIKAST;KASTROLA FACIAL;ASMAKAST;MONOKAST,0,,,0.0,0.0,0.0,0,absent_from_all_selected_source_top20_lists,KASHKIDS,KASHKIDS;KAST;KASELO;ALKASILON;AMIKASKIV;LIKASTELL;KOKAST;MESHKA MASSAGE;LOCIKASWAB;HIGH SEAS COD LIVER OIL;STATUKAST;AGAROKASH;ASMAKAST PAEDIATRIC;VHC PROPODEZAS GINGER;GLASGOW MASSAGE;ALUKAST;OPIKAST;KASTROLA FACIAL;ASMAKAST;MONOKAST,999,0,easyocr:43,easyocr,,0,7,6,4,2,ALASKA; HALOKID; HAYA K; HYABAK; HYALGAN,0,0,P0,another_catalog_family_is_at_least_two_edits_closer;extreme_normalized_distance_above_0_60;expected_absent_from_selected_candidate_union;expected_absent_from_all_measured_top20_lists;source_image_reference_missing,pending,0,0,1,1,1
REVIEW_BEFORE_SCORING,normalized_distance_above_0.60;another_catalog_name_at_least_2_edits_closer;expected_absent_from_all_retriever_top20_lists,0,algorithm_6_consensus_v1,ocr,e124f1423e96970b83ff,KOHAP,KOHAP,KATOMOR,KATOMOR,development,extreme_distance_prediction,multi_edit_ocr_error,multi_edit_ocr_error,5,0.71428571,expected_family_outside_algorithm_6_top_20,Expected family absent from every selected retriever top-20 list,999,0,0,0,20,ICOHOP,ICOHOP;KOKAST;NO HAIR;KOJA SPF;K ONE;ECOSAP;KUPAN;KUVAN;CHIEVE;CHEVITA;ICOHAEM;BIO HAIR;PRO HAIR;ORCHAPRED;MATCHA PERO BABY;DECIDU HAPPY;DAGO HAIR;DAVO HAIR;ESTOHALT;FINSHAPE,0,,,0.0,0.0,0.0,0,absent_from_all_selected_source_top20_lists,ICOHOP,ICOHOP;KOKAST;NO HAIR;KOJA SPF;K ONE;ECOSAP;KUPAN;KUVAN;CHIEVE;CHEVITA;ICOHAEM;BIO HAIR;PRO HAIR;ORCHAPRED;MATCHA PERO BABY;DECIDU HAPPY;DAGO HAIR;DAVO HAIR;ESTOHALT;FINSHAPE,999,0,easyocr:64,easyocr,,0,5,5,3,2,AZHA; CHAR; COBAL; CONAZ; COPAD,0,0,P0,another_catalog_family_is_at_least_two_edits_closer;extreme_normalized_distance_above_0_60;expected_absent_from_selected_candidate_union;expected_absent_from_all_measured_top20_lists;source_image_reference_missing,pending,0,0,1,1,1
REVIEW_BEFORE_SCORING,normalized_distance_above_0.60;another_catalog_name_at_least_2_edits_closer;expected_absent_from_all_retriever_top20_lists,0,algorithm_6_consensus_v1,ocr,e28dc0688c81c47d000d,IWOL,IWOL,NEUROCET,NEUROCET,development,extreme_distance_prediction,multi_edit_ocr_error,multi_edit_ocr_error,7,0.875,expected_family_outside_algorithm_6_top_20,Expected family absent from every selected retriever top-20 list,999,0,0,0,6,WOLITY,WOLITY;AZIWOK;WOLSOW MASSAGE;DASIWORD;MYVI WOMEN;OPTI WOMEN MULTIVITAMIN,0,,,0.0,0.0,0.0,0,absent_from_all_selected_source_top20_lists,WOLITY,WOLITY;AZIWOK;WOLSOW MASSAGE;DASIWORD;MYVI WOMEN;OPTI WOMEN MULTIVITAMIN,999,0,easyocr:34,easyocr,,0,4,7,2,5,ADOL; COOL; DIKOL; IFOS; IRO,0,0,P0,another_catalog_family_is_at_least_two_edits_closer;extreme_normalized_distance_above_0_60;expected_absent_from_selected_candidate_union;expected_absent_from_all_measured_top20_lists;source_image_reference_missing,pending,0,0,1,1,1
RETAIN_AS_VALID_HARD_CASE,hard_but_textually_supported_case,0,algorithm_6_consensus_v1,ocr,e9aeba65acff194fa396,LEPPOOLAA,LEPPOOLAA,KETOROLAC,KETOROLAC,development,high_distance_prediction,multi_edit_ocr_error,multi_edit_ocr_error,5,0.55555556,expected_family_outside_algorithm_6_top_20,Expected family was retrieved externally but failed consensus gate: fewer_than_three_supporting_sources;levenshtein_similarity_below_0_55;jaro_winkler_below_0_85,999,0,0,0,20,LIPOLEX,LIPOLEX;LAEVOLAC;LELIPEL;LEVOFLOX;LAFOLA;LOBELLO;LIVIAL;LIPILESS;LEMPLAS;LEPSYLIEF;LIPICOLE;LEE FLOX;LABILENO;LEVOCOL NASR;LEPONEX;LENATO LASE;LEPTROGINE;LIPICLEAR;LIPIDALON;LEPTOPRENOL,1,rapidfuzz_token_sort,rapidfuzz_token_sort:15,0.4444444444444444,0.7037037037037037,0.25,0,fewer_than_three_supporting_sources;levenshtein_similarity_below_0_55;jaro_winkler_below_0_85,LIPOLEX,LIPOLEX;LAEVOLAC;LELIPEL;LEVOFLOX;LAFOLA;LOBELLO;LIVIAL;LIPILESS;LEMPLAS;LEPSYLIEF;LIPICOLE;LEE FLOX;LABILENO;LEVOCOL NASR;LEPONEX;LENATO LASE;LEPTROGINE;LIPICLEAR;LIPIDALON;LEPTOPRENOL,999,0,easyocr:38,easyocr,,0,9,5,4,1,LEMPLAS; REPOULA; SEPTOLA,0,1,P1,another_catalog_family_is_one_edit_closer;source_image_reference_missing,pending,0,0,0,0,0
REVIEW_BEFORE_SCORING,normalized_distance_above_0.60;another_catalog_name_at_least_2_edits_closer;expected_absent_from_all_retriever_top20_lists,0,algorithm_6_consensus_v1,ocr,edcef5f1dff86fbbbd6a,PNO,PNO,RIVO,RIVO,development,extreme_distance_prediction,two_or_three_edit_ocr_error,two_or_three_edit_ocr_error,3,0.75,expected_family_outside_algorithm_6_top_20,Expected family absent from every selected retriever top-20 list,999,0,0,0,10,PONO,PONO;PEANO;PRO;PRENO;PANDA;PERNY;PRINU;VANO;BENY;BONE,0,,,0.0,0.0,0.0,0,absent_from_all_selected_source_top20_lists,PONO,PONO;PEANO;PRO;PRENO;PANDA;PERNY;PRINU;VANO;BENY;BONE,999,0,easyocr:9,easyocr,,0,3,3,1,2,PONO; PRO,0,0,P0,another_catalog_family_is_at_least_two_edits_closer;extreme_normalized_distance_above_0_60;expected_absent_from_selected_candidate_union;expected_absent_from_all_measured_top20_lists;source_image_reference_missing,pending,0,0,1,1,1
REVIEW_BEFORE_SCORING,only_1_or_2_visible_characters;normalized_distance_above_0.60;another_catalog_name_at_least_2_edits_closer;expected_absent_from_all_retriever_top20_lists,0,algorithm_6_consensus_v1,ocr,f1c2161a92e60469ec45,W,W,KETOROLAC,KETOROLAC,development,extreme_distance_prediction,multi_edit_ocr_error,multi_edit_ocr_error,9,1.0,expected_family_outside_algorithm_6_top_20,Expected family absent from every selected retriever top-20 list,999,0,0,0,0,,,0,,,0.0,0.0,0.0,0,absent_from_all_selected_source_top20_lists,,,999,0,easyocr:23,easyocr,,0,1,9,1,8,S; WE; X,0,0,P0,another_catalog_family_is_at_least_two_edits_closer;extreme_normalized_distance_above_0_60;expected_absent_from_selected_candidate_union;expected_absent_from_all_measured_top20_lists;one_or_two_visible_characters;source_image_reference_missing,pending,0,1,1,1,1
REVIEW_BEFORE_SCORING,normalized_distance_above_0.60;another_catalog_name_at_least_2_edits_closer;expected_absent_from_all_retriever_top20_lists,0,algorithm_6_consensus_v1,ocr,f2d38515ef414477515e,KABKDK,KABKDK,KETOROLAC,KETOROLAC,development,extreme_distance_prediction,multi_edit_ocr_error,multi_edit_ocr_error,8,0.88888889,expected_family_outside_algorithm_6_top_20,Expected family absent from every selected retriever top-20 list,999,0,0,0,20,KAVEDA,KAVEDA;KAPECT;KABIVEN;KAVA;KAPRON;KABIKINASE;KABRITA MILK;AMIKABIOTIC;REMIKABIOTEC;HEALOKAB;KAPECT COMPOUND;GEMCITABINE KABI;CAPECITAGIT;PARACETAMOL KABI;ENERA SHOTS DRINKABLE;ROCURONIUM BROMIDE KABI;COLLAGICA FORTE DRINKABLE;COLLAGEN BEAUTY MADDOX DRINKABLE;SMOFKABIVEN PERIPHERAL;TUNO GEN DRINKABLE,0,,,0.0,0.0,0.0,0,absent_from_all_selected_source_top20_lists,KAVEDA,KAVEDA;KAPECT;KABIVEN;KAVA;KAPRON;KABIKINASE;KABRITA MILK;AMIKABIOTIC;REMIKABIOTEC;HEALOKAB;KAPECT COMPOUND;GEMCITABINE KABI;CAPECITAGIT;PARACETAMOL KABI;ENERA SHOTS DRINKABLE;ROCURONIUM BROMIDE KABI;COLLAGICA FORTE DRINKABLE;COLLAGEN BEAUTY MADDOX DRINKABLE;SMOFKABIVEN PERIPHERAL;TUNO GEN DRINKABLE,999,0,easyocr:16,easyocr,,0,6,8,3,5,KAVEDA,0,0,P0,another_catalog_family_is_at_least_two_edits_closer;extreme_normalized_distance_above_0_60;expected_absent_from_selected_candidate_union;expected_absent_from_all_measured_top20_lists;source_image_reference_missing,pending,0,0,1,1,1
REVIEW_BEFORE_SCORING,normalized_distance_above_0.60;another_catalog_name_at_least_2_edits_closer;expected_absent_from_all_retriever_top20_lists,0,algorithm_6_consensus_v1,ocr,f6d2ef7dd9cb2706ac43,JORF,JORF,VIGOREX,VIGOREX,holdout,extreme_distance_prediction,multi_edit_ocr_error,multi_edit_ocr_error,5,0.71428571,expected_family_outside_algorithm_6_top_20,Expected family absent from every selected retriever top-20 list,999,0,0,0,20,MORF,MORF;MERFO;YAREF;VORFO;JOTY;JOINT;AJIROFIL ANTI DANDRUFF;NORFLEX;FORFLOZIN;JORIS SKIN;MORFBLOCK;GINKOR FORT;JORYVITAMIN D;JORYBACILLUS;AJAR PADOVA;SECTOR FACIAL;NORFLOXACIN TZ;ORFIXITIN;VENTAMOR FACIAL;ROYAL MARJORAM FILTER BAGS,0,,,0.0,0.0,0.0,0,absent_from_all_selected_source_top20_lists,MORF,MORF;MERFO;YAREF;VORFO;JOTY;JOINT;AJIROFIL ANTI DANDRUFF;NORFLEX;FORFLOZIN;JORIS SKIN;MORFBLOCK;GINKOR FORT;JORYVITAMIN D;JORYBACILLUS;AJAR PADOVA;SECTOR FACIAL;NORFLOXACIN TZ;ORFIXITIN;VENTAMOR FACIAL;ROYAL MARJORAM FILTER BAGS,999,0,easyocr:5,easyocr,,0,4,5,1,4,MORF,0,0,P0,another_catalog_family_is_at_least_two_edits_closer;extreme_normalized_distance_above_0_60;expected_absent_from_selected_candidate_union;expected_absent_from_all_measured_top20_lists;source_image_reference_missing,pending,0,0,1,1,1
REVIEW_BEFORE_SCORING,only_1_or_2_visible_characters;normalized_distance_above_0.60;another_catalog_name_at_least_2_edits_closer;expected_absent_from_all_retriever_top20_lists,0,algorithm_6_consensus_v1,ocr,f75acd1038ed6550cafb,LV,LV,LANTUS,LANTUSCARTRIDGES;LANTUSSOLOSTARPENS,holdout,extreme_distance_prediction,multi_edit_ocr_error,multi_edit_ocr_error,5,0.83333333,expected_family_outside_algorithm_6_top_20,Expected family absent from every selected retriever top-20 list,999,0,0,0,0,,,0,,,0.0,0.0,0.0,0,absent_from_all_selected_source_top20_lists,,,999,0,easyocr:27,easyocr,,0,2,5,1,4,LC; LIV; QV; V V,0,0,P0,another_catalog_family_is_at_least_two_edits_closer;extreme_normalized_distance_above_0_60;expected_absent_from_selected_candidate_union;expected_absent_from_all_measured_top20_lists;one_or_two_visible_characters;source_image_reference_missing,pending,0,1,1,1,1
REVIEW_BEFORE_SCORING,normalized_distance_above_0.60;another_catalog_name_at_least_2_edits_closer,0,algorithm_6_consensus_v1,ocr,fdca5456e062823d1d2f,LWH,LWH,LACTO,LACTO,development,extreme_distance_prediction,multi_edit_ocr_error,multi_edit_ocr_error,4,0.8,expected_family_outside_algorithm_6_top_20,Expected family was retrieved externally but failed consensus gate: fewer_than_three_supporting_sources;levenshtein_similarity_below_0_55;jaro_winkler_below_0_85,999,0,0,0,7,GOTAL WHITENING,GOTAL WHITENING;HERCUL WHITENING;SOKINAL WHITENING;WHITBIEL WHITENING;KOJICNAL WHITENING;VICHY IDEAL WHITE DEEP CLEANSING;PARKVILL WHITENING,1,match_rating,match_rating:20,0.1999999999999999,0.5111111111111111,0.0,0,fewer_than_three_supporting_sources;levenshtein_similarity_below_0_55;jaro_winkler_below_0_85,GOTAL WHITENING,GOTAL WHITENING;HERCUL WHITENING;SOKINAL WHITENING;WHITBIEL WHITENING;KOJICNAL WHITENING;VICHY IDEAL WHITE DEEP CLEANSING;PARKVILL WHITENING,999,0,easyocr:11,easyocr,,0,3,4,2,2,FSH; LAX; LC; LED; LIV,0,1,P0,another_catalog_family_is_at_least_two_edits_closer;extreme_normalized_distance_above_0_60;source_image_reference_missing,pending,0,0,1,1,0
REVIEW_BEFORE_SCORING,normalized_distance_above_0.60;another_catalog_name_at_least_2_edits_closer,0,algorithm_6_consensus_v1,ocr,12a62666fb1778cbc031,TANHXIM,TANHXIM,CEFIXIME,CEFIXIME,holdout,extreme_distance_prediction,multi_edit_ocr_error,multi_edit_ocr_error,5,0.625,expected_family_outside_algorithm_6_top_20,Expected family was retrieved externally but failed consensus gate: fewer_than_three_supporting_sources;levenshtein_similarity_below_0_55;jaro_winkler_below_0_85,999,0,0,0,20,TANTUM,TANTUM;TANODERM;TANAKAN;TANATRIL;TANDY;TITAN HAIR;TAVACIN;TAZOCIN;TAVANIC;TARIVID;TALAVI;FATROXIM;ANTIDAN HAIR;KITADAN HAIR;ROTANIC HAIR;TRENTOXIMAL;AIADOXIME;HUGAN HAIR;ITOTAXIME;STANDAZIL,1,bm25_plus_char3,bm25_plus_char3:13,0.375,0.4900793650793651,0.3076923076923077,0,fewer_than_three_supporting_sources;levenshtein_similarity_below_0_55;jaro_winkler_below_0_85,TANTUM,TANTUM;TANODERM;TANAKAN;TANATRIL;TANDY;TITAN HAIR;TAVACIN;TAZOCIN;TAVANIC;TARIVID;TALAVI;FATROXIM;ANTIDAN HAIR;KITADAN HAIR;ROTANIC HAIR;TRENTOXIMAL;AIADOXIME;HUGAN HAIR;ITOTAXIME;STANDAZIL,999,0,got_ocr2:105,got_ocr2,,0,7,5,3,2,LANOXIN; TANTUM; TENOXIL,0,1,P0,another_catalog_family_is_at_least_two_edits_closer;extreme_normalized_distance_above_0_60;source_image_reference_missing,pending,0,0,1,1,0
REVIEW_BEFORE_SCORING,normalized_distance_above_0.60;another_catalog_name_at_least_2_edits_closer;expected_absent_from_all_retriever_top20_lists,0,algorithm_6_consensus_v1,ocr,4884532c995745731bc4,RICOLONI,RICOLONI,RIVOTRIL,RIVOTRIL,development,extreme_distance_prediction,multi_edit_ocr_error,multi_edit_ocr_error,5,0.625,expected_family_outside_algorithm_6_top_20,Expected family absent from every selected retriever top-20 list,999,0,0,0,20,URICOL N,URICOL N;RICFALIN;RICOXITIB;TIBOLONE;UROCOLINE;URICOL;COLONA;CINOLONE S;ORACOOLNEX;MICOSONE;REKTALONG;ARCALION;RITALIN;RIKADOSIN;CITICOLINE;MEDICOLON;RICHI BODY;CARNICOLIN;RESOLOR;RIFOCIN,0,,,0.0,0.0,0.0,0,absent_from_all_selected_source_top20_lists,URICOL N,URICOL N;RICFALIN;RICOXITIB;TIBOLONE;UROCOLINE;URICOL;COLONA;CINOLONE S;ORACOOLNEX;MICOSONE;REKTALONG;ARCALION;RITALIN;RIKADOSIN;CITICOLINE;MEDICOLON;RICHI BODY;CARNICOLIN;RESOLOR;RIFOCIN,999,0,got_ocr2:77,got_ocr2,,0,8,5,3,2,COLONA; MICOSONE; TIBOLONE; URICOL N,0,0,P0,another_catalog_family_is_at_least_two_edits_closer;extreme_normalized_distance_above_0_60;expected_absent_from_selected_candidate_union;expected_absent_from_all_measured_top20_lists;source_image_reference_missing,pending,0,0,1,1,1
REVIEW_BEFORE_SCORING,normalized_distance_above_0.60;another_catalog_name_at_least_2_edits_closer;expected_absent_from_all_retriever_top20_lists,0,algorithm_6_consensus_v1,ocr,5f39d9b805c5403253eb,AYDANC2,AYDANC2,RIVO,RIVO,development,extreme_distance_prediction,multi_edit_ocr_error,multi_edit_ocr_error,7,1.75,expected_family_outside_algorithm_6_top_20,Expected family absent from every selected retriever top-20 list,999,0,0,0,20,ADVANCE,ADVANCE;DANICA;ADANCOR;ADANT;ADVANCRIB;TARDANZA;VIDANE;ADANOID;DANOL;REDAND;BYE DAN HAIR;ANTIDAN HAIR;EDANLACT;JACKODAN FACIAL;DEVODANAD;TADANERFI;VERDANINO;CLINDANOID;ULTRA MEDANINE;CRENDANONE,0,,,0.0,0.0,0.0,0,absent_from_all_selected_source_top20_lists,ADVANCE,ADVANCE;DANICA;ADANCOR;ADANT;ADVANCRIB;TARDANZA;VIDANE;ADANOID;DANOL;REDAND;BYE DAN HAIR;ANTIDAN HAIR;EDANLACT;JACKODAN FACIAL;DEVODANAD;TADANERFI;VERDANINO;CLINDANOID;ULTRA MEDANINE;CRENDANONE,999,0,got_ocr2:125,got_ocr2,,0,7,7,3,4,ADANCOR; ADANT; ADVANCE,0,0,P0,another_catalog_family_is_at_least_two_edits_closer;extreme_normalized_distance_above_0_60;expected_absent_from_selected_candidate_union;expected_absent_from_all_measured_top20_lists;source_image_reference_missing,pending,0,0,1,1,1
REVIEW_BEFORE_SCORING,normalized_distance_above_0.60;another_catalog_name_at_least_2_edits_closer;expected_absent_from_all_retriever_top20_lists,0,algorithm_6_consensus_v1,ocr,72e24a20fb43a5c192da,GLOBOMETER,GLOBOMETER,CELEBREX,CELEBREX,development,extreme_distance_prediction,multi_edit_ocr_error,multi_edit_ocr_error,8,1.0,expected_family_outside_algorithm_6_top_20,Expected family absent from every selected retriever top-20 list,999,0,0,0,20,GLOBEXOR,GLOBEXOR;GLOBAZURE;GLOBINEX;GLOBAL MOTION;GLEPTOMET;GLOBAREST;GLOBA;GLOBVITRON;GLOBISOLONE;GLOBULIN;GLOBI RICH;GLOPATECA;GLOBACIN;GLOBACAND;GLOBAPROP;GLOPAMIL;GLOBRIND;GLOSSY HAIR;GLOWRENTAL;GLOW HAIR,0,,,0.0,0.0,0.0,0,absent_from_all_selected_source_top20_lists,GLOBEXOR,GLOBEXOR;GLOBAZURE;GLOBINEX;GLOBAL MOTION;GLEPTOMET;GLOBAREST;GLOBA;GLOBVITRON;GLOBISOLONE;GLOBULIN;GLOBI RICH;GLOPATECA;GLOBACIN;GLOBACAND;GLOBAPROP;GLOPAMIL;GLOBRIND;GLOSSY HAIR;GLOWRENTAL;GLOW HAIR,999,0,got_ocr2:127,got_ocr2,,0,10,8,4,4,GLOBEXOR,0,0,P0,another_catalog_family_is_at_least_two_edits_closer;extreme_normalized_distance_above_0_60;expected_absent_from_selected_candidate_union;expected_absent_from_all_measured_top20_lists;source_image_reference_missing,pending,0,0,1,1,1
REVIEW_BEFORE_SCORING,normalized_distance_above_0.60;another_catalog_name_at_least_2_edits_closer;expected_absent_from_all_retriever_top20_lists,0,algorithm_6_consensus_v1,ocr,a020c2a17ab5946be64f,GENARA PLUS,GENARAPLUS,MYOLAX,MYOLAX,development,extreme_distance_prediction,multi_edit_ocr_error,multi_edit_ocr_error,9,1.5,expected_family_outside_algorithm_6_top_20,Expected family absent from every selected retriever top-20 list,999,0,0,0,20,GENEEAT LESS,GENEEAT LESS;GENA ROSE;GENICA SLIM;GENAFAST;KENARA;GENECAL;GENTEAL;GENEBABY D;GENOTROPIN;GENOVE LIP;GENOLAZE;GENOWAY;GENURIN;GENICA MOIST;GENEMAN;GENGIGEL;GENEXOL;GENTACURE;GENTAZONE;GENARONIC TRY ME,0,,,0.0,0.0,0.0,0,absent_from_all_selected_source_top20_lists,GENEEAT LESS,GENEEAT LESS;GENA ROSE;GENICA SLIM;GENAFAST;KENARA;GENECAL;GENTEAL;GENEBABY D;GENOTROPIN;GENOVE LIP;GENOLAZE;GENOWAY;GENURIN;GENICA MOIST;GENEMAN;GENGIGEL;GENEXOL;GENTACURE;GENTAZONE;GENARONIC TRY ME,999,0,got_ocr2:121,got_ocr2,,0,10,9,5,4,BETAVAL S; DEVAROL S; ENALAP; GENAFAST; GENALI,0,0,P0,another_catalog_family_is_at_least_two_edits_closer;extreme_normalized_distance_above_0_60;expected_absent_from_selected_candidate_union;expected_absent_from_all_measured_top20_lists;source_image_reference_missing,pending,0,0,1,1,1
REVIEW_BEFORE_SCORING,normalized_distance_above_0.60;expected_absent_from_all_retriever_top20_lists,0,algorithm_6_consensus_v1,ocr,f14118f1dabee75d88cf,1000,1000,TOCO,TOCO,development,extreme_distance_prediction,multi_edit_ocr_error,multi_edit_ocr_error,4,1.0,expected_family_outside_algorithm_6_top_20,Expected family absent from every selected retriever top-20 list,999,0,0,0,19,EPIAO 10000I,EPIAO 10000I;XIR D310000IU;HYPOTEARS 1000I;DIPHTHERIA ANTITOXIN 10000I;MEDIPHA B12 1000MIG ODF;EPIAO 4000I;TRUE CARE100ML;INSULIN H BIO R 100I;INSULATARD HM 100I;APIDRA SOLOSTAR 100I;INSULIN H BIO NPH 100I;COLIMEX 50000I;NOCANDIDA 000I;ACTI MASS SPRAY100ML;FUNGISTATIN 000I;HOFFLASE 3000ALU;APIDRA 100I CARTIRIDGES;POWER FREEZE SPRAY100ML;HUMALOG 100I CARTRIDGES,0,,,0.0,0.0,0.0,0,absent_from_all_selected_source_top20_lists,EPIAO 10000I,EPIAO 10000I;XIR D310000IU;HYPOTEARS 1000I;DIPHTHERIA ANTITOXIN 10000I;MEDIPHA B12 1000MIG ODF;EPIAO 4000I;TRUE CARE100ML;INSULIN H BIO R 100I;INSULATARD HM 100I;APIDRA SOLOSTAR 100I;INSULIN H BIO NPH 100I;COLIMEX 50000I;NOCANDIDA 000I;ACTI MASS SPRAY100ML;FUNGISTATIN 000I;HOFFLASE 3000ALU;APIDRA 100I CARTIRIDGES;POWER FREEZE SPRAY100ML;HUMALOG 100I CARTRIDGES,999,0,got_ocr2:116,got_ocr2,,0,4,4,4,0,2HC T; A1; ACC; ACIK; ACRO,0,0,P0,extreme_normalized_distance_above_0_60;expected_absent_from_selected_candidate_union;expected_absent_from_all_measured_top20_lists;source_image_reference_missing,pending,0,0,1,0,1
REVIEW_BEFORE_SCORING,normalized_distance_above_0.60;another_catalog_name_at_least_2_edits_closer;expected_absent_from_all_retriever_top20_lists,0,algorithm_6_consensus_v1,ocr,f29619628fd2c10d3224,FEWCLINU,FEWCLINU,PETHIDINE,PETHIDINE,development,extreme_distance_prediction,multi_edit_ocr_error,multi_edit_ocr_error,6,0.66666667,expected_family_outside_algorithm_6_top_20,Expected family absent from every selected retriever top-20 list,999,0,0,0,20,FEWMIG S,FEWMIG S;NEW CLAV;UTOCLIND;FEXODINE;FEMIGIN B;FENOLIP;FERITIN;FERPINO;FERRINO;FARCOLIN;FRACTIN;FEMINA;FEVINA;MEPACLIND;NEW CLEANSE;HEMOCLIN;VAGICLIND;CLINSO;TETRACYCLINE;XYCLINDO,0,,,0.0,0.0,0.0,0,absent_from_all_selected_source_top20_lists,FEWMIG S,FEWMIG S;NEW CLAV;UTOCLIND;FEXODINE;FEMIGIN B;FENOLIP;FERITIN;FERPINO;FERRINO;FARCOLIN;FRACTIN;FEMINA;FEVINA;MEPACLIND;NEW CLEANSE;HEMOCLIN;VAGICLIND;CLINSO;TETRACYCLINE;XYCLINDO,999,0,got_ocr2:91,got_ocr2,,0,8,6,4,2,AEROLIN; BEESLINE; FARCOLIN; FEMIGIN B; FEMINA,0,0,P0,another_catalog_family_is_at_least_two_edits_closer;extreme_normalized_distance_above_0_60;expected_absent_from_selected_candidate_union;expected_absent_from_all_measured_top20_lists;source_image_reference_missing,pending,0,0,1,1,1
REVIEW_BEFORE_SCORING,normalized_distance_above_0.60;another_catalog_name_at_least_2_edits_closer;expected_absent_from_all_retriever_top20_lists,0,algorithm_6_consensus_v1,ocr,0d0db3550c8b594d1e2a,CINNARIZIN,CINNARIZIN,MYOLAX,MYOLAX,development,extreme_distance_prediction,multi_edit_ocr_error,multi_edit_ocr_error,9,1.5,expected_family_outside_algorithm_6_top_20,Expected family absent from every selected retriever top-20 list,999,0,0,0,20,CINNARIZINE,CINNARIZINE;CINNAZIN;CINNARIDONE;CINARETAM;INNOVIFEN;NAROPIN;CHENAROMITA;SKINNTASIN ACNE;PIVO NARKLEEN;SKINNATRA CLEANSING;CYANARO;INNOGEN;INNOGEN CARTIGEN;SKINNTASIN MOIST;DINAR;INNO ACTION;RONARON;ACTIVE MAN NATURES AID;SKINNTASIN CLEANSING;GENA ROSE,0,,,0.0,0.0,0.0,0,absent_from_all_selected_source_top20_lists,CINNARIZINE,CINNARIZINE;CINNAZIN;CINNARIDONE;CINARETAM;INNOVIFEN;NAROPIN;CHENAROMITA;SKINNTASIN ACNE;PIVO NARKLEEN;SKINNATRA CLEANSING;CYANARO;INNOGEN;INNOGEN CARTIGEN;SKINNTASIN MOIST;DINAR;INNO ACTION;RONARON;ACTIVE MAN NATURES AID;SKINNTASIN CLEANSING;GENA ROSE,999,0,internvl3_14b_hf:152,internvl3_14b_hf,,0,10,9,1,8,CINNARIZINE,0,0,P0,another_catalog_family_is_at_least_two_edits_closer;extreme_normalized_distance_above_0_60;expected_absent_from_selected_candidate_union;expected_absent_from_all_measured_top20_lists;source_image_reference_missing,pending,0,0,1,1,1
REVIEW_BEFORE_SCORING,normalized_distance_above_0.60;another_catalog_name_at_least_2_edits_closer;expected_absent_from_all_retriever_top20_lists,0,algorithm_6_consensus_v1,ocr,0d55e5989b8cb6e5f5fe,AVDANCE,AVDANCE,RIVO,RIVO,development,extreme_distance_prediction,multi_edit_ocr_error,multi_edit_ocr_error,7,1.75,expected_family_outside_algorithm_6_top_20,Expected family absent from every selected retriever top-20 list,999,0,0,0,20,ADVANCE,ADVANCE;ADVANCED FLORTARIKO HARD GELATIN;ALLIANCE;VIDANE;VANCE;IBRANCE;AZI ONCE;ADANCOR;RADIANCE;JARDIANCE;DIAVANCE;ADVANCRIB;AVIATAN;AVENE;ADANT;A VITON;DECANERVE ADVANCE;GAVISCON ADVANCE;PANADOL ADVANCE;FERBLOD ADVANCE,0,,,0.0,0.0,0.0,0,absent_from_all_selected_source_top20_lists,ADVANCE,ADVANCE;ADVANCED FLORTARIKO HARD GELATIN;ALLIANCE;VIDANE;VANCE;IBRANCE;AZI ONCE;ADANCOR;RADIANCE;JARDIANCE;DIAVANCE;ADVANCRIB;AVIATAN;AVENE;ADANT;A VITON;DECANERVE ADVANCE;GAVISCON ADVANCE;PANADOL ADVANCE;FERBLOD ADVANCE,999,0,internvl3_14b_hf:155,internvl3_14b_hf,,0,7,7,2,5,ADVANCE; VANCE,0,0,P0,another_catalog_family_is_at_least_two_edits_closer;extreme_normalized_distance_above_0_60;expected_absent_from_selected_candidate_union;expected_absent_from_all_measured_top20_lists;source_image_reference_missing,pending,0,0,1,1,1
REVIEW_BEFORE_SCORING,normalized_distance_above_0.60;another_catalog_name_at_least_2_edits_closer,0,algorithm_6_consensus_v1,ocr,19d5a99031ae7a06adff,RIVAFLOXIN,RIVAFLOXIN,RIVOTRIL,RIVOTRIL,development,extreme_distance_prediction,multi_edit_ocr_error,multi_edit_ocr_error,6,0.75,expected_family_outside_algorithm_6_top_20,Expected family was retrieved externally but failed consensus gate: fewer_than_three_supporting_sources;levenshtein_similarity_below_0_55;jaro_winkler_below_0_85,999,0,0,0,20,RIVAFLOWVA,RIVAFLOWVA;RIVACLOX;MEPAFLOXIN;ROYAFLOXACIN;RIVALO;PRIMAFOXIN;ROMAGLOBIN;NEOFLOXIN;TARGOFLOXIN;OFLOXIN;RICFALIN;RIKADOSIN;RIFAMPICIN;TINIFLOXACIN;NITAZOXIN;COMBIFLOXIN;RIBAVARIN;RIBAVIRIN;MIFOXIN;ROTAFLORA H,1,jaro_winkler,jaro_winkler:17,0.4,0.8094444444444445,0.2666666666666666,0,fewer_than_three_supporting_sources;levenshtein_similarity_below_0_55;jaro_winkler_below_0_85,RIVAFLOWVA,RIVAFLOWVA;RIVACLOX;MEPAFLOXIN;ROYAFLOXACIN;RIVALO;PRIMAFOXIN;ROMAGLOBIN;NEOFLOXIN;TARGOFLOXIN;OFLOXIN;RICFALIN;RIKADOSIN;RIFAMPICIN;TINIFLOXACIN;NITAZOXIN;COMBIFLOXIN;RIBAVARIN;RIBAVIRIN;MIFOXIN;ROTAFLORA H,999,0,internvl3_14b_hf:150,internvl3_14b_hf,,0,10,6,3,3,MEPAFLOXIN; PRIMAFOXIN; RIVACLOX; RIVAFLOWVA,0,1,P0,another_catalog_family_is_at_least_two_edits_closer;extreme_normalized_distance_above_0_60;source_image_reference_missing,pending,0,0,1,1,0
REVIEW_BEFORE_SCORING,normalized_distance_above_0.60;another_catalog_name_at_least_2_edits_closer;expected_absent_from_all_retriever_top20_lists,0,algorithm_6_consensus_v1,ocr,7e5f23493f7a72961b81,LABISOL,LABISOL,LASIX,LASIX,development,extreme_distance_prediction,multi_edit_ocr_error,multi_edit_ocr_error,4,0.8,expected_family_outside_algorithm_6_top_20,Expected family absent from every selected retriever top-20 list,999,0,0,0,20,CAPISOL,CAPISOL;LAMISIL;LAMISIL ONCE;LEVASYL;LEVAMISOLE;UNIBISOL;LABIRDO;ABIMOL;LACIPIL;LUBISTONE;MAGNISOL;ABITAL;LABILENO;SWABILOL;GLOBISOLONE;LEPSYLIEF;LABARIDIC;LABIPRESS;LAVINO;PANSOL,0,,,0.0,0.0,0.0,0,absent_from_all_selected_source_top20_lists,CAPISOL,CAPISOL;LAMISIL;LAMISIL ONCE;LEVASYL;LEVAMISOLE;UNIBISOL;LABIRDO;ABIMOL;LACIPIL;LUBISTONE;MAGNISOL;ABITAL;LABILENO;SWABILOL;GLOBISOLONE;LEPSYLIEF;LABARIDIC;LABIPRESS;LAVINO;PANSOL,999,0,internvl3_14b_hf:140,internvl3_14b_hf,,0,7,4,2,2,ABIMOL; CAPISOL; LAMISIL,0,0,P0,another_catalog_family_is_at_least_two_edits_closer;extreme_normalized_distance_above_0_60;expected_absent_from_selected_candidate_union;expected_absent_from_all_measured_top20_lists;source_image_reference_missing,pending,0,0,1,1,1
REVIEW_BEFORE_SCORING,normalized_distance_above_0.60;another_catalog_name_at_least_2_edits_closer;expected_absent_from_all_retriever_top20_lists,0,algorithm_6_consensus_v1,ocr,a6c4d7e90345d377e71b,PROFIL,PROFIL,RIVOTRIL,RIVOTRIL,development,extreme_distance_prediction,multi_edit_ocr_error,multi_edit_ocr_error,5,0.625,expected_family_outside_algorithm_6_top_20,Expected family absent from every selected retriever top-20 list,999,0,0,0,20,PROFINAL,PROFINAL;PROFER;PROFINAL PAEDIATRIC;PROFUSOL;PROPOFOL;PRO VIT;PROLOL;PROCAL;PRO EFU;PROLI;PROLIA;PROFENID;PROFERO;PROPOLIS;PROVISC;PROTOFIX;PRIMOFOL;PROVAN;PROGOAL;APROVEL,0,,,0.0,0.0,0.0,0,absent_from_all_selected_source_top20_lists,PROFINAL,PROFINAL;PROFER;PROFINAL PAEDIATRIC;PROFUSOL;PROPOFOL;PRO VIT;PROLOL;PROCAL;PRO EFU;PROLI;PROLIA;PROFENID;PROFERO;PROPOLIS;PROVISC;PROTOFIX;PRIMOFOL;PROVAN;PROGOAL;APROVEL,999,0,internvl3_14b_hf:130,internvl3_14b_hf,,0,6,5,2,3,IROFOL; POFOL; PROCAL; PROFER; PROFINAL,0,0,P0,another_catalog_family_is_at_least_two_edits_closer;extreme_normalized_distance_above_0_60;expected_absent_from_selected_candidate_union;expected_absent_from_all_measured_top20_lists;source_image_reference_missing,pending,0,0,1,1,1
REVIEW_BEFORE_SCORING,normalized_distance_above_0.60;another_catalog_name_at_least_2_edits_closer;expected_absent_from_all_retriever_top20_lists,0,algorithm_6_consensus_v1,ocr,06ed2a5654d90897c234,TETRASULF,TETRASULF,TELFAST,TELFAST,development,extreme_distance_prediction,multi_edit_ocr_error,multi_edit_ocr_error,5,0.71428571,expected_family_outside_algorithm_6_top_20,Expected family absent from every selected retriever top-20 list,999,0,0,0,20,TETRASPAN,TETRASPAN;TETRACORT;TETRACID;ULTRASOLV;EXTRASOLV;TENDASEEF;TETRAMEXIN;TETRACT HIB;TETRACYCLINE;TERASAG;TETYANA;TETAGAM P;TETRA;LETROZOLE;METROZOLE;TETRACONGYRA;LETROZOL;TETRA TRYPSIN;TETRA CARE HAIR;TETRAVITON DOUBLE,0,,,0.0,0.0,0.0,0,absent_from_all_selected_source_top20_lists,TETRASPAN,TETRASPAN;TETRACORT;TETRACID;ULTRASOLV;EXTRASOLV;TENDASEEF;TETRAMEXIN;TETRACT HIB;TETRACYCLINE;TERASAG;TETYANA;TETAGAM P;TETRA;LETROZOLE;METROZOLE;TETRACONGYRA;LETROZOL;TETRA TRYPSIN;TETRA CARE HAIR;TETRAVITON DOUBLE,999,0,internvl3_1b_hf:165,internvl3_1b_hf,,0,9,5,3,2,TETRASPAN,0,0,P0,another_catalog_family_is_at_least_two_edits_closer;extreme_normalized_distance_above_0_60;expected_absent_from_selected_candidate_union;expected_absent_from_all_measured_top20_lists;source_image_reference_missing,pending,0,0,1,1,1
REVIEW_BEFORE_SCORING,normalized_distance_above_0.60;another_catalog_name_at_least_2_edits_closer;expected_absent_from_all_retriever_top20_lists,0,algorithm_6_consensus_v1,ocr,2f2614322ed93bdf4fae,CALBOMET,CALBOMET,CELEBREX,CELEBREX,development,extreme_distance_prediction,multi_edit_ocr_error,multi_edit_ocr_error,5,0.625,expected_family_outside_algorithm_6_top_20,Expected family absent from every selected retriever top-20 list,999,0,0,0,20,ALDOMET,ALDOMET;KELVAMET;CALMOMIL;CALTONEX;SALBOVENT;KADOMET;CALY IBM;CALMOHIST;CALMI MIX;CALCINEX;CALMYTECT;CALAMYL;CALCISOME D H;CALPEND;GALVUS MET;CALCIMAX;CALCYMAP;CALCISOME;CALCI OST;CALOSTEO,0,,,0.0,0.0,0.0,0,absent_from_all_selected_source_top20_lists,ALDOMET,ALDOMET;KELVAMET;CALMOMIL;CALTONEX;SALBOVENT;KADOMET;CALY IBM;CALMOHIST;CALMI MIX;CALCINEX;CALMYTECT;CALAMYL;CALCISOME D H;CALPEND;GALVUS MET;CALCIMAX;CALCYMAP;CALCISOME;CALCI OST;CALOSTEO,999,0,internvl3_1b_hf:194,internvl3_1b_hf,,0,8,5,2,3,ALDOMET,0,0,P0,another_catalog_family_is_at_least_two_edits_closer;extreme_normalized_distance_above_0_60;expected_absent_from_selected_candidate_union;expected_absent_from_all_measured_top20_lists;source_image_reference_missing,pending,0,0,1,1,1
REVIEW_BEFORE_SCORING,normalized_distance_above_0.60;another_catalog_name_at_least_2_edits_closer;expected_absent_from_all_retriever_top20_lists,0,algorithm_6_consensus_v1,ocr,52c7ba94358643c07ae0,ARDANCE,ARDANCE,RIVO,RIVO,development,extreme_distance_prediction,multi_edit_ocr_error,multi_edit_ocr_error,6,1.5,expected_family_outside_algorithm_6_top_20,Expected family absent from every selected retriever top-20 list,999,0,0,0,20,RADIANCE,RADIANCE;JARDIANCE;ADVANCE;ALLIANCE;IBRANCE;AZI ONCE;ADANCOR;TARDANZA;BRANCA;ARTAMINE;IRONVANCE;VARDINACARE;ADANT;DISARTAN CO;VIDANE;TADAMANCE;VANCE;ARGININE;ARCA ZINC;ARGENTO,0,,,0.0,0.0,0.0,0,absent_from_all_selected_source_top20_lists,RADIANCE,RADIANCE;JARDIANCE;ADVANCE;ALLIANCE;IBRANCE;AZI ONCE;ADANCOR;TARDANZA;BRANCA;ARTAMINE;IRONVANCE;VARDINACARE;ADANT;DISARTAN CO;VIDANE;TADAMANCE;VANCE;ARGININE;ARCA ZINC;ARGENTO,999,0,internvl3_1b_hf:191,internvl3_1b_hf,,0,7,6,2,4,ADVANCE; JARDIANCE,0,0,P0,another_catalog_family_is_at_least_two_edits_closer;extreme_normalized_distance_above_0_60;expected_absent_from_selected_candidate_union;expected_absent_from_all_measured_top20_lists;source_image_reference_missing,pending,0,0,1,1,1
REVIEW_BEFORE_SCORING,normalized_distance_above_0.60;another_catalog_name_at_least_2_edits_closer;expected_absent_from_all_retriever_top20_lists,0,algorithm_6_consensus_v1,ocr,683aea02fc54724e79e5,CINAMAIN,CINAMAIN,MYOLAX,MYOLAX,development,extreme_distance_prediction,multi_edit_ocr_error,multi_edit_ocr_error,7,1.16666667,expected_family_outside_algorithm_6_top_20,Expected family absent from every selected retriever top-20 list,999,0,0,0,20,CITAMIN,CITAMIN;CINNAZIN;CONAMEDIZEN;CIDOMYCIN;PAN AMIN;GENEMAN;CIPRAMALINE;FIRAMAZIN;LIVAMARIN;COUMADIN;QUINOMOXIN;CINARETAM;CINACALCET;LINAHAYZIN;AMIKACIN AMOUN;HEPAMARIN;CIPROCIN;CITROLIN;CISPLATIN;CIDAMEX,0,,,0.0,0.0,0.0,0,absent_from_all_selected_source_top20_lists,CITAMIN,CITAMIN;CINNAZIN;CONAMEDIZEN;CIDOMYCIN;PAN AMIN;GENEMAN;CIPRAMALINE;FIRAMAZIN;LIVAMARIN;COUMADIN;QUINOMOXIN;CINARETAM;CINACALCET;LINAHAYZIN;AMIKACIN AMOUN;HEPAMARIN;CIPROCIN;CITROLIN;CISPLATIN;CIDAMEX,999,0,internvl3_1b_hf:190,internvl3_1b_hf,,0,8,7,2,5,CITAMIN,0,0,P0,another_catalog_family_is_at_least_two_edits_closer;extreme_normalized_distance_above_0_60;expected_absent_from_selected_candidate_union;expected_absent_from_all_measured_top20_lists;source_image_reference_missing,pending,0,0,1,1,1
REVIEW_BEFORE_SCORING,normalized_distance_above_0.60;another_catalog_name_at_least_2_edits_closer;expected_absent_from_all_retriever_top20_lists,0,algorithm_6_consensus_v1,ocr,9220b1486480c132e3a6,RNOVIAL,RNOVIAL,RIVOTRIL,RIVOTRIL,development,extreme_distance_prediction,multi_edit_ocr_error,multi_edit_ocr_error,5,0.625,expected_family_outside_algorithm_6_top_20,Expected family absent from every selected retriever top-20 list,999,0,0,0,20,ROVAL,ROVAL;RENOVISOL;RONAVILAB;IRNOVA;REVIA;RIBOVINAL;NOVORAL;LIVIAL;ROYAL;LORANOVIL;RENOFOLIUM;ANOVCA;UNOVIT;ROVIME;ROVITAN;RENOVADA;RENAVELAMER;ROOVAX;NOVITA;ROTAL,0,,,0.0,0.0,0.0,0,absent_from_all_selected_source_top20_lists,ROVAL,ROVAL;RENOVISOL;RONAVILAB;IRNOVA;REVIA;RIBOVINAL;NOVORAL;LIVIAL;ROYAL;LORANOVIL;RENOFOLIUM;ANOVCA;UNOVIT;ROVIME;ROVITAN;RENOVADA;RENAVELAMER;ROOVAX;NOVITA;ROTAL,999,0,internvl3_1b_hf:189,internvl3_1b_hf,,0,7,5,2,3,ROVAL,0,0,P0,another_catalog_family_is_at_least_two_edits_closer;extreme_normalized_distance_above_0_60;expected_absent_from_selected_candidate_union;expected_absent_from_all_measured_top20_lists;source_image_reference_missing,pending,0,0,1,1,1
REVIEW_BEFORE_SCORING,normalized_distance_above_0.60;another_catalog_name_at_least_2_edits_closer;expected_absent_from_all_retriever_top20_lists,0,algorithm_6_consensus_v1,ocr,dd2f5dc52a6d1d300270,CLOROX,CLOROX,CLEXANE,CLEXANE,holdout,extreme_distance_prediction,multi_edit_ocr_error,multi_edit_ocr_error,5,0.71428571,expected_family_outside_algorithm_6_top_20,Expected family absent from every selected retriever top-20 list,999,0,0,0,20,CLOSOL,CLOSOL;CLOROCEF;CLARA;CLOPRAM;FLORAX;LORNOX;VOROX;CLATEX;CECLOR;CLEAR;CEFOPROX;CYTODROX;COLORELAX;CEPOREX;CLOMID;CLOPAM;CLOVIRALEX;QUINOLOROX;CLEAR AIR;KLAVOX,0,,,0.0,0.0,0.0,0,absent_from_all_selected_source_top20_lists,CLOSOL,CLOSOL;CLOROCEF;CLARA;CLOPRAM;FLORAX;LORNOX;VOROX;CLATEX;CECLOR;CLEAR;CEFOPROX;CYTODROX;COLORELAX;CEPOREX;CLOMID;CLOPAM;CLOVIRALEX;QUINOLOROX;CLEAR AIR;KLAVOX,999,0,internvl3_1b_hf:184,internvl3_1b_hf,,0,6,5,2,3,CLOSOL; FLORAX; LORNOX; VOROX,0,0,P0,another_catalog_family_is_at_least_two_edits_closer;extreme_normalized_distance_above_0_60;expected_absent_from_selected_candidate_union;expected_absent_from_all_measured_top20_lists;source_image_reference_missing,pending,0,0,1,1,1
RETAIN_AS_VALID_HARD_CASE,hard_but_textually_supported_case,0,algorithm_6_consensus_v1,ocr,df0879ce4d9d1786c02e,LANPY,LANPY,LANTUS,LANTUSCARTRIDGES;LANTUSSOLOSTARPENS,holdout,high_distance_prediction,two_or_three_edit_ocr_error,two_or_three_edit_ocr_error,3,0.5,expected_family_outside_algorithm_6_top_20,Expected family absent from every selected retriever top-20 list,999,0,0,0,20,LANDO,LANDO;LANOPIL;LANVIS;LAVY;LONAPEX;LANTOPEP;TABBY;LANSOPRO;LANDYMO;LANZYPLEX;LANZAPINE;LENVIMA;LINOVEX;LANO CO;OLANVEXA;LANODO;LANORO;LANZOR;LINOVAL;LANDOFE,0,,,0.0,0.0,0.0,0,absent_from_all_selected_source_top20_lists,LANDO,LANDO;LANOPIL;LANVIS;LAVY;LONAPEX;LANTOPEP;TABBY;LANSOPRO;LANDYMO;LANZYPLEX;LANZAPINE;LENVIMA;LINOVEX;LANO CO;OLANVEXA;LANODO;LANORO;LANZOR;LINOVAL;LANDOFE,999,0,internvl3_1b_hf:176,internvl3_1b_hf,,0,5,3,2,1,ANDY; CANDY; CAPPY; LANDO; LAVY,0,1,P1,another_catalog_family_is_one_edit_closer;expected_absent_from_selected_candidate_union;source_image_reference_missing,pending,0,0,0,0,0
REVIEW_BEFORE_SCORING,another_catalog_name_at_least_2_edits_closer;expected_absent_from_all_retriever_top20_lists,0,algorithm_6_consensus_v1,ocr,4f30b8a12c23063fedc0,PIROBIL,PIROBIL,RIVOTRIL,RIVOTRIL,development,high_distance_prediction,multi_edit_ocr_error,multi_edit_ocr_error,4,0.5,expected_family_outside_algorithm_6_top_20,Expected family absent from every selected retriever top-20 list,999,0,0,0,20,PIROVIT,PIROVIT;PIROVE;APROVEL;P IRON;PIPRACIL;PROBAR;PROPOLIS;PIRAFAVI;PROPOFOL;PIROXIDEN;PIROXIFAR;AIRONYL;PROBIONTAL;PIMOROYAL;HIROYAL;BIOPROPOLIS;TROBEL;IROFOL;PIRLOME H;PIROLOGLOB,0,,,0.0,0.0,0.0,0,absent_from_all_selected_source_top20_lists,PIROVIT,PIROVIT;PIROVE;APROVEL;P IRON;PIPRACIL;PROBAR;PROPOLIS;PIRAFAVI;PROPOFOL;PIROXIDEN;PIROXIFAR;AIRONYL;PROBIONTAL;PIMOROYAL;HIROYAL;BIOPROPOLIS;TROBEL;IROFOL;PIRLOME H;PIROLOGLOB,999,0,internvl3_8b_hf:197,internvl3_8b_hf,,0,7,4,2,2,PIROVIT,0,0,P0,another_catalog_family_is_at_least_two_edits_closer;expected_absent_from_selected_candidate_union;expected_absent_from_all_measured_top20_lists;source_image_reference_missing,pending,0,0,0,1,1
REVIEW_BEFORE_SCORING,normalized_distance_above_0.60;another_catalog_name_at_least_2_edits_closer;expected_absent_from_all_retriever_top20_lists,0,algorithm_6_consensus_v1,ocr,9ae5c7c34ecbeb3adc7c,CEPAMPLUS,CEPAMPLUS,MYOLAX,MYOLAX,development,extreme_distance_prediction,multi_edit_ocr_error,multi_edit_ocr_error,8,1.33333333,expected_family_outside_algorithm_6_top_20,Expected family absent from every selected retriever top-20 list,999,0,0,0,20,HEPAMOL,HEPAMOL;CETAMOL;CEVAMOL;CEPHLEX;VISCOPLUS;CEPO;CEPHALEXIN;CEPHADROL;COPADELAY;HEPA MERZ;HEPAMARIN;CEPTOLATE;CEVAROL;WEBACILLUS;CALUSA;VERPAMIL;ECP AMYLASE CEIP;AMAGLUST;HIPAMAX;OSPAMOX,0,,,0.0,0.0,0.0,0,absent_from_all_selected_source_top20_lists,HEPAMOL,HEPAMOL;CETAMOL;CEVAMOL;CEPHLEX;VISCOPLUS;CEPO;CEPHALEXIN;CEPHADROL;COPADELAY;HEPA MERZ;HEPAMARIN;CEPTOLATE;CEVAROL;WEBACILLUS;CALUSA;VERPAMIL;ECP AMYLASE CEIP;AMAGLUST;HIPAMAX;OSPAMOX,999,0,internvl3_8b_hf:219,internvl3_8b_hf,,0,9,8,4,4,CETAMOL; CEVAMOL; DEPADOLLS; HEPAMOL; LEMPLAS,0,0,P0,another_catalog_family_is_at_least_two_edits_closer;extreme_normalized_distance_above_0_60;expected_absent_from_selected_candidate_union;expected_absent_from_all_measured_top20_lists;source_image_reference_missing,pending,0,0,1,1,1
REVIEW_BEFORE_SCORING,normalized_distance_above_0.60;another_catalog_name_at_least_2_edits_closer;expected_absent_from_all_retriever_top20_lists,0,algorithm_6_consensus_v1,ocr,18533cbdba8dc7f0fb8b,ARDAN,ARDAN,RIVO,RIVO,development,extreme_distance_prediction,multi_edit_ocr_error,multi_edit_ocr_error,4,1.0,expected_family_outside_algorithm_6_top_20,Expected family absent from every selected retriever top-20 list,999,0,0,0,20,ADANT,ADANT;TARDANZA;ARENA;REDAND;VARDENA;URAID N;RODIN;AUDAX;AREDIA;ARDIOLAZIN;IRBAN;AMAN;ORASAN;RADIANCE;KRADEN;ARID;ORA DENT;IRTON;VARDATRIN;JARDIANCE,0,,,0.0,0.0,0.0,0,absent_from_all_selected_source_top20_lists,ADANT,ADANT;TARDANZA;ARENA;REDAND;VARDENA;URAID N;RODIN;AUDAX;AREDIA;ARDIOLAZIN;IRBAN;AMAN;ORASAN;RADIANCE;KRADEN;ARID;ORA DENT;IRTON;VARDATRIN;NERTAN,999,1,llava_onevision_qwen2_05b_ov:259,llava_onevision_qwen2_05b_ov,,0,5,4,2,2,ADANT; AMAN; AUDAX; BRAN; IRBAN,0,0,P0,another_catalog_family_is_at_least_two_edits_closer;extreme_normalized_distance_above_0_60;expected_absent_from_selected_candidate_union;expected_absent_from_all_measured_top20_lists;source_image_reference_missing,pending,0,0,1,1,1
REVIEW_BEFORE_SCORING,normalized_distance_above_0.60;another_catalog_name_at_least_2_edits_closer;expected_absent_from_all_retriever_top20_lists,0,algorithm_6_consensus_v1,ocr,34914e47174d65116298,CELLULOSE,CELLULOSE,CELEBREX,CELEBREX,development,extreme_distance_prediction,multi_edit_ocr_error,multi_edit_ocr_error,6,0.75,expected_family_outside_algorithm_6_top_20,Expected family absent from every selected retriever top-20 list,999,0,0,0,20,CELLUCARE,CELLUCARE;CYCLOSED;CHOLEROSE;CELSIA;CLOSEAS S;COAGULESS;CALUSA;QUELLA LASER;CLIOSONE;CIALIS;CALZILA;CLOSOL;CALOSTEO;CALAZOL;CILEST;COUGH LESS;CARBOLASE;COLDINASE;CELLCEPT;CALCISOME,0,,,0.0,0.0,0.0,0,absent_from_all_selected_source_top20_lists,CELLUCARE,CELLUCARE;CYCLOSED;CHOLEROSE;CELSIA;CLOSEAS S;COAGULESS;CALUSA;QUELLA LASER;CLIOSONE;CIALIS;CALZILA;CLOSOL;CALOSTEO;CALAZOL;CILEST;COUGH LESS;CARBOLASE;COLDINASE;CELLCEPT;CALCISOME,999,0,llava_onevision_qwen2_05b_ov:262,llava_onevision_qwen2_05b_ov,,0,9,6,3,3,CELLUCARE,0,0,P0,another_catalog_family_is_at_least_two_edits_closer;extreme_normalized_distance_above_0_60;expected_absent_from_selected_candidate_union;expected_absent_from_all_measured_top20_lists;source_image_reference_missing,pending,0,0,1,1,1
REVIEW_BEFORE_SCORING,normalized_distance_above_0.60;another_catalog_name_at_least_2_edits_closer;expected_absent_from_all_retriever_top20_lists,0,algorithm_6_consensus_v1,ocr,3dab7e101c81acd4fcd4,REFORD,REFORD,KETOROLAC,KETOROLAC,development,extreme_distance_prediction,multi_edit_ocr_error,multi_edit_ocr_error,6,0.66666667,expected_family_outside_algorithm_6_top_20,Expected family absent from every selected retriever top-20 list,999,0,0,0,20,RECART,RECART;REVOZA;PREFORTEX;BEFORE S;RE IRO;REDFERX;REDAND;CEFORAN;RECARE;HI FORTE;REFOBACIN;REBO;REPO;ORAP FORTE;ROZONE FORTE;RENAD;PRED FORTE;REFRESH;REXOUND;REVIVE,0,,,0.0,0.0,0.0,0,absent_from_all_selected_source_top20_lists,RECART,RECART;REVOZA;PREFORTEX;BEFORE S;RE IRO;REDFERX;REDAND;CEFORAN;RECARE;HI FORTE;REFOBACIN;REBO;REPO;ORAP FORTE;ROZONE FORTE;RENAD;PRED FORTE;REFRESH;REXOUND;REVIVE,999,0,llava_onevision_qwen2_05b_ov:244,llava_onevision_qwen2_05b_ov,,0,6,6,3,3,BEFORE S; CEFOBID; CEFORAN; KEVORK; LENOR,0,0,P0,another_catalog_family_is_at_least_two_edits_closer;extreme_normalized_distance_above_0_60;expected_absent_from_selected_candidate_union;expected_absent_from_all_measured_top20_lists;source_image_reference_missing,pending,0,0,1,1,1
REVIEW_BEFORE_SCORING,normalized_distance_above_0.60;expected_absent_from_all_retriever_top20_lists,0,algorithm_6_consensus_v1,ocr,6f86e4e311badc7a2b18,MIYOKO,MIYOKO,MYOLAX,MYOLAX,development,extreme_distance_prediction,multi_edit_ocr_error,multi_edit_ocr_error,4,0.66666667,expected_family_outside_algorithm_6_top_20,Expected family absent from every selected retriever top-20 list,999,0,0,0,20,MICO,MICO;MEKAKO;MICA;MUCO;MICORT;MICONOL;MILANO;MINOKITA;MICOSONE;MEGACE;MACA;MYOCOOL;MI KIDS;MICOBAN;MICONAZ;MICLOX;MUCOSOL;MAGIC;MISOTAC;MIXONIC,0,,,0.0,0.0,0.0,0,absent_from_all_selected_source_top20_lists,MICO,MICO;MEKAKO;MICA;MUCO;MICORT;MICONOL;MILANO;MINOKITA;MICOSONE;MEGACE;MACA;MYOCOOL;MI KIDS;MICOBAN;MICONAZ;MICLOX;MUCOSOL;MAGIC;MISOTAC;MIXONIC,999,0,llava_onevision_qwen2_05b_ov:251,llava_onevision_qwen2_05b_ov,,0,6,4,3,1,EZOKO; GINKO; MEKAKO; MICO; MICONOL,0,0,P0,another_catalog_family_is_one_edit_closer;extreme_normalized_distance_above_0_60;expected_absent_from_selected_candidate_union;expected_absent_from_all_measured_top20_lists;source_image_reference_missing,pending,0,0,1,0,1
REVIEW_BEFORE_SCORING,normalized_distance_above_0.60;another_catalog_name_at_least_2_edits_closer;expected_absent_from_all_retriever_top20_lists,0,algorithm_6_consensus_v1,ocr,728d12f7a1eb28af0fd7,PFIZER,PFIZER,PETHIDINE,PETHIDINE,development,extreme_distance_prediction,multi_edit_ocr_error,multi_edit_ocr_error,7,0.77777778,expected_family_outside_algorithm_6_top_20,Expected family absent from every selected retriever top-20 list,999,0,0,0,20,AVAZIR,AVAZIR;PEPFIZ;APPETIZER;EUPIZAR;PROFER;BUDELIZER;PANKER;PARZEX;PALIPER;POWER;PROFERO;PROVERA;BE SURE;COUGH ZERO;PSORITREATA;PARFAITE MOISTURIZERING;PSORITOP;IVYSIROP;BIOSERTAZOL;PSORIN,0,,,0.0,0.0,0.0,0,absent_from_all_selected_source_top20_lists,AVAZIR,AVAZIR;PEPFIZ;APPETIZER;EUPIZAR;PROFER;BUDELIZER;PANKER;PARZEX;PALIPER;POWER;PROFERO;PROVERA;BE SURE;COUGH ZERO;PSORITREATA;PARFAITE MOISTURIZERING;PSORITOP;IVYSIROP;BIOSERTAZOL;PSORIN,999,0,llava_onevision_qwen2_05b_ov:233,llava_onevision_qwen2_05b_ov,,0,6,7,3,4,PALIPER; PANKER; PARZEX; PIXE; POWER,0,0,P0,another_catalog_family_is_at_least_two_edits_closer;extreme_normalized_distance_above_0_60;expected_absent_from_selected_candidate_union;expected_absent_from_all_measured_top20_lists;source_image_reference_missing,pending,0,0,1,1,1
REVIEW_BEFORE_SCORING,normalized_distance_above_0.60;another_catalog_name_at_least_2_edits_closer;expected_absent_from_all_retriever_top20_lists,0,algorithm_6_consensus_v1,ocr,998ea05bf12d489823be,LACTOSE,LACTOSE,LASIX,LASIX,development,extreme_distance_prediction,multi_edit_ocr_error,multi_edit_ocr_error,5,1.0,expected_family_outside_algorithm_6_top_20,Expected family absent from every selected retriever top-20 list,999,0,0,0,20,LACTASE,LACTASE;LACTODEL;LACTOFER;LACTO MASH;LACTO;LACTOTRI;LACTOTON;LACTOCAL;LACTOMAX;LACTOHERB;LACTOLINE;LACTO APEX;LACTOBAY;LACTOEGY;LACTOPRESS;LACTOFLY;LACTULOSE HEK;LACTIMISK;LACTO MILK;ACTOS,0,,,0.0,0.0,0.0,0,absent_from_all_selected_source_top20_lists,LACTASE,LACTASE;LACTODEL;LACTOFER;LACTO MASH;LACTO;LACTOTRI;LACTOTON;LACTOCAL;LACTOMAX;LACTOHERB;LACTOLINE;LACTO APEX;LACTOBAY;LACTOEGY;LACTOPRESS;LACTOFLY;LACTULOSE HEK;LACTIMISK;LACTO MILK;LACTACYD,999,1,llava_onevision_qwen2_05b_ov:237,llava_onevision_qwen2_05b_ov,,0,7,5,1,4,LACTASE,0,0,P0,another_catalog_family_is_at_least_two_edits_closer;extreme_normalized_distance_above_0_60;expected_absent_from_selected_candidate_union;expected_absent_from_all_measured_top20_lists;source_image_reference_missing,pending,0,0,1,1,1
REVIEW_BEFORE_SCORING,another_catalog_name_at_least_2_edits_closer,0,algorithm_6_consensus_v1,ocr,bbc610e8816fc21c66c9,RIVIO,RIVIO,RIVOTRIL,RIVOTRIL,development,high_distance_prediction,multi_edit_ocr_error,multi_edit_ocr_error,4,0.5,expected_family_outside_algorithm_6_top_20,Expected family was retrieved externally but failed consensus gate: fewer_than_three_supporting_sources;levenshtein_similarity_below_0_55,999,0,0,0,20,RIVO,RIVO;RIVO MICRO;REVIA;RENO;RIVALO;REVI;RIVERA;RIVESKO;URIVIN;REVIVE;RIBA;RINTO;IRNO;ROVIME;RIFA;REBIF;REBO;REPO;ROAIVY;RIGIDO,2,jaro_winkler;rapidfuzz_wratio,jaro_winkler:3;rapidfuzz_wratio:4,0.5,0.8658333333333332,0.4,0,fewer_than_three_supporting_sources;levenshtein_similarity_below_0_55,RIVO,RIVO;RIVO MICRO;REVIA;RENO;RIVALO;REVI;RIVERA;RIVESKO;URIVIN;REVIVE;RIBA;RINTO;IRNO;ROVIME;RIFA;REBIF;REBO;REPO;ROAIVY;RIVAMEP,999,1,llava_onevision_qwen2_05b_ov:224,llava_onevision_qwen2_05b_ov,,0,5,4,1,3,RIVO,0,1,P0,another_catalog_family_is_at_least_two_edits_closer;source_image_reference_missing,pending,0,0,0,1,0
REVIEW_BEFORE_SCORING,normalized_distance_above_0.60;another_catalog_name_at_least_2_edits_closer;expected_absent_from_all_retriever_top20_lists,0,algorithm_6_consensus_v1,ocr,bbfe6df02fcecdcf3513,ABUNDANT,ABUNDANT,IBUPROFEN,IBUPROFEN,development,extreme_distance_prediction,multi_edit_ocr_error,multi_edit_ocr_error,7,0.77777778,expected_family_outside_algorithm_6_top_20,Expected family absent from every selected retriever top-20 list,999,0,0,0,20,ADANT,ADANT;AQUA DENT;AVENE TINTED;OLUMIANT;SOBOXIDANT;ABRAXANE;AZINDAMON;NABUXAN;WOUND PLAST;TRAMUNDIN;NABUTONE;PHENYTOIN AIT;LIPOFUNDIN MCT LCT;ALBUNORM;JAUNDY;SUN DRY;FABUGLYCINA;SOUND SKIN;SOUND SKIN CALM;AVENE TINTED EMULSION,0,,,0.0,0.0,0.0,0,absent_from_all_selected_source_top20_lists,ADANT,ADANT;AQUA DENT;AVENE TINTED;OLUMIANT;SOBOXIDANT;ABRAXANE;AZINDAMON;NABUXAN;WOUND PLAST;TRAMUNDIN;NABUTONE;PHENYTOIN AIT;LIPOFUNDIN MCT LCT;ALBUNORM;JAUNDY;SUN DRY;FABUGLYCINA;SOUND SKIN;SOUND SKIN CALM;AVENE TINTED EMULSION,999,0,llava_onevision_qwen2_05b_ov:243,llava_onevision_qwen2_05b_ov,,0,8,7,3,4,ADANT; AQUA DENT,0,0,P0,another_catalog_family_is_at_least_two_edits_closer;extreme_normalized_distance_above_0_60;expected_absent_from_selected_candidate_union;expected_absent_from_all_measured_top20_lists;source_image_reference_missing,pending,0,0,1,1,1
REVIEW_BEFORE_SCORING,normalized_distance_above_0.60;another_catalog_name_at_least_2_edits_closer;expected_absent_from_all_retriever_top20_lists,0,algorithm_6_consensus_v1,ocr,c27313ee7d710ef5c5fb,GRAPE PLUS,GRAPEPLUS,MYOLAX,MYOLAX,development,extreme_distance_prediction,multi_edit_ocr_error,multi_edit_ocr_error,8,1.33333333,expected_family_outside_algorithm_6_top_20,Expected family absent from every selected retriever top-20 list,999,0,0,0,20,GRAPEXON,GRAPEXON;GRAMOFLUX;GRAPEXON CUT;URSOPLUS;GRIPPO;GRAFALON;GRAVENO;VISCOPLUS;GRATEZIANO;GRANITRYL;GRAND GLOSSY;GRAMIDIN;GRAMITIN;GRANTODOM;GRALIPENTIN;GRAMOCEF;GRAMOGAR;GRAMBER;GRAVITY;GRAND THIO,0,,,0.0,0.0,0.0,0,absent_from_all_selected_source_top20_lists,GRAPEXON,GRAPEXON;GRAMOFLUX;GRAPEXON CUT;URSOPLUS;GRIPPO;GRAFALON;GRAVENO;VISCOPLUS;GRATEZIANO;GRANITRYL;GRAND GLOSSY;GRAMIDIN;GRAMITIN;GRANTODOM;GRALIPENTIN;GRAMOCEF;GRAMOGAR;GRAMBER;GRAVITY;GRAND THIO,999,0,llava_onevision_qwen2_05b_ov:256,llava_onevision_qwen2_05b_ov,,0,9,8,4,4,GRAMOFLUX; GRAPEXON; RAPIDUS; URSOPLUS,0,0,P0,another_catalog_family_is_at_least_two_edits_closer;extreme_normalized_distance_above_0_60;expected_absent_from_selected_candidate_union;expected_absent_from_all_measured_top20_lists;source_image_reference_missing,pending,0,0,1,1,1
REVIEW_BEFORE_SCORING,another_catalog_name_at_least_2_edits_closer,0,algorithm_6_consensus_v1,ocr,d170a61b3873ab8dc9a9,KETONES,KETONES,KETOROLAC,KETOROLAC,development,high_distance_prediction,multi_edit_ocr_error,multi_edit_ocr_error,5,0.55555556,expected_family_outside_algorithm_6_top_20,Expected family was retrieved externally but failed consensus gate: fewer_than_three_supporting_sources;levenshtein_similarity_below_0_55;jaro_winkler_below_0_85,999,0,0,0,20,KETOKED,KETOKED;KETOREST;KETOGESIC;KETODERM;KETOFAN;KETOLAC;KETORAL;KETOPREK;KETAMAR;MYTONEX;VITONEX;LUTONE;ACICONE S;FEMTONEX;KETOLGIN;KETOPROF;KETOZOLE;CALTONEX;CYSTONE;EGATONE,1,bm25_plus_char3,bm25_plus_char3:17,0.4444444444444444,0.671957671957672,0.4285714285714285,0,fewer_than_three_supporting_sources;levenshtein_similarity_below_0_55;jaro_winkler_below_0_85,KETOKED,KETOKED;KETOREST;KETOGESIC;KETODERM;KETOFAN;KETOLAC;KETORAL;KETOPREK;KETAMAR;MYTONEX;VITONEX;LUTONE;ACICONE S;FEMTONEX;KETOLGIN;KETOPROF;KETOZOLE;CALTONEX;CYSTONE;EGATONE,999,0,llava_onevision_qwen2_05b_ov:241,llava_onevision_qwen2_05b_ov,,0,7,5,2,3,KETOKED; KETOREST,0,1,P0,another_catalog_family_is_at_least_two_edits_closer;source_image_reference_missing,pending,0,0,0,1,0
REVIEW_BEFORE_SCORING,normalized_distance_above_0.60;another_catalog_name_at_least_2_edits_closer,0,algorithm_6_consensus_v1,ocr,dcff017efad865a6fe03,RIV,RIV,RIVOTRIL,RIVOTRIL,development,extreme_distance_prediction,visible_prefix_or_suffix_fragment,visible_prefix_or_suffix_fragment,5,0.625,expected_family_outside_algorithm_6_top_20,Expected family was retrieved externally but failed consensus gate: fewer_than_three_supporting_sources;levenshtein_similarity_below_0_55,999,0,0,0,20,RIVO,RIVO;RIBA;RIXVY;REVI;REGI V;REVAN;ROVAL;REVIA;R B;BREVY;DRAVO;RTHOV;RIFA;RIVERA;RIVALO;RIVO MICRO;RIVAMEP;RIVAXEL;RIVESKO;RIXVY CONDITIONER LEAVE IN,2,dice_char2;jaro_winkler,dice_char2:16;jaro_winkler:12,0.375,0.8541666666666666,0.5,0,fewer_than_three_supporting_sources;levenshtein_similarity_below_0_55,RIVO,RIVO;RIBA;RIXVY;REVI;REGI V;REVAN;ROVAL;REVIA;R B;BREVY;DRAVO;RTHOV;RIFA;RIVERA;RIVALO;RIVO MICRO;RIVAMEP;RIVAXEL;RIVESKO;RIXVY CONDITIONER LEAVE IN,999,0,llava_onevision_qwen2_05b_ov:229,llava_onevision_qwen2_05b_ov,,0,3,5,1,4,LIV; RIVO,0,1,P0,another_catalog_family_is_at_least_two_edits_closer;extreme_normalized_distance_above_0_60;source_image_reference_missing,pending,0,0,1,1,0
REVIEW_BEFORE_SCORING,normalized_distance_above_0.60;another_catalog_name_at_least_2_edits_closer,0,algorithm_6_consensus_v1,ocr,e5939ad546802bfde059,NEUROTROPHIC,NEUROTROPHIC,NEUROCET,NEUROCET,development,extreme_distance_prediction,multi_edit_ocr_error,multi_edit_ocr_error,7,0.875,expected_family_outside_algorithm_6_top_20,Expected family was retrieved externally but failed consensus gate: levenshtein_similarity_below_0_55,999,0,0,0,20,NEUROTOP,NEUROTOP;NEUROTON;NEURO STRONG;NEURORUBINE;NEUROGLOPENTIN;NEUTRA TRYPSIN;NEUROPRIDE;NEUROVORINA;NEUROTON COATED;NEUROBION;NEURONTIN;NEUROVIT;NEUROFENAC;NEUROSMITH;NEUROVIT POWER;NEUROENERGIZE;NEUROTO NASH TAPS;NEUROPATEX;NEURORIMOUNT;NEUROFUTAL,4,bm25_plus_char3;dice_char2;jaro_winkler;rapidfuzz_wratio,bm25_plus_char3:8;dice_char2:12;jaro_winkler:12;rapidfuzz_wratio:4,0.4166666666666666,0.85,0.4705882352941176,0,levenshtein_similarity_below_0_55,NEUROTOP,NEUROTOP;NEUROTON;NEURO STRONG;NEURORUBINE;NEUROGLOPENTIN;NEUTRA TRYPSIN;NEUROPRIDE;NEUROVORINA;NEUROTON COATED;NEUROBION;NEURONTIN;NEUROVIT;NEUROFENAC;NEUROSMITH;NEUROVIT POWER;NEUROENERGIZE;NEUROTO NASH TAPS;NEUROPATEX;NEURORIMOUNT;NEUROFUTAL,999,0,llava_onevision_qwen2_05b_ov:239,llava_onevision_qwen2_05b_ov,,0,12,7,4,3,NEUROTOP,0,1,P0,another_catalog_family_is_at_least_two_edits_closer;extreme_normalized_distance_above_0_60;source_image_reference_missing,pending,0,0,1,1,0
RETAIN_AS_VALID_HARD_CASE,hard_but_textually_supported_case,0,algorithm_6_consensus_v1,ocr,432f97323afdbbcf3d8f,OSCAR,OSCAR,OSTOCAL,OSTOCAL,development,high_distance_prediction,two_or_three_edit_ocr_error,two_or_three_edit_ocr_error,3,0.42857143,expected_family_outside_algorithm_6_top_20,Expected family was retrieved externally but failed consensus gate: fewer_than_three_supporting_sources;jaro_winkler_below_0_85,999,0,0,0,20,ASCOR,ASCOR;EMO SCAR;PROSCAR;DESCAR;LASCAR;MEBO SCAR;MELOSCAR;RENOSCAR;SCARO;DOLASCAR;OSEAS;JOLISCAR;NOVESCAR;GELSCAR;SUCAIR;SOO CARTY;ZOCOR;OSSICA;EZACARD;LOSAR,2,jaro_winkler;symspell_uniform_ed3,jaro_winkler:14;symspell_uniform_ed3:19,0.5714285714285714,0.8323809523809523,0.4,0,fewer_than_three_supporting_sources;jaro_winkler_below_0_85,ASCOR,ASCOR;EMO SCAR;PROSCAR;DESCAR;LASCAR;MEBO SCAR;MELOSCAR;RENOSCAR;SCARO;DOLASCAR;OSEAS;JOLISCAR;NOVESCAR;GELSCAR;SUCAIR;SOO CARTY;ZOCOR;OSSICA;EZACARD;OSTEOCARE,999,1,llava_onevision_qwen2_7b_ov_hf:305,llava_onevision_qwen2_7b_ov_hf,,0,5,3,2,1,ASCOR; DESCAR; EMO SCAR; LASCAR; LOSAR,0,1,P1,another_catalog_family_is_one_edit_closer;source_image_reference_missing,pending,0,0,0,0,0
REVIEW_BEFORE_SCORING,normalized_distance_above_0.60;another_catalog_name_at_least_2_edits_closer;expected_absent_from_all_retriever_top20_lists,0,algorithm_6_consensus_v1,ocr,4adebb5e72dcae6fb1aa,GLUTAMATERGIC,GLUTAMATERGIC,GLINTA,GLINTA,holdout,extreme_distance_prediction,multi_edit_ocr_error,multi_edit_ocr_error,10,1.66666667,expected_family_outside_algorithm_6_top_20,Expected family absent from every selected retriever top-20 list,999,0,0,0,20,GLUTAMIC,GLUTAMIC;STATERGIC;GLUTOMARINE;PATANERGIC;GLUTANA;GAMATERN;MILNAMAGIC;LACOSAMAGIC;SULPHARGIN;BLUTIFER;LUTEIN;LUTIPRIM;MAGIC;PENTOLEGIC;LUTCHI HAIR;LUTEYE CARE;PERIDOMAGIC;FLUTIN;LUTONE;PLEGICA,0,,,0.0,0.0,0.0,0,absent_from_all_selected_source_top20_lists,GLUTAMIC,GLUTAMIC;STATERGIC;GLUTOMARINE;PATANERGIC;GLUTANA;GAMATERN;MILNAMAGIC;LACOSAMAGIC;SULPHARGIN;BLUTIFER;LUTEIN;LUTIPRIM;MAGIC;PENTOLEGIC;LUTCHI HAIR;LUTEYE CARE;PERIDOMAGIC;FLUTIN;LUTONE;PLEGICA,999,0,llava_onevision_qwen2_7b_ov_hf:294,llava_onevision_qwen2_7b_ov_hf,,0,13,10,5,5,GLUTAMIC; STATERGIC,0,0,P0,another_catalog_family_is_at_least_two_edits_closer;extreme_normalized_distance_above_0_60;expected_absent_from_selected_candidate_union;expected_absent_from_all_measured_top20_lists;source_image_reference_missing,pending,0,0,1,1,1
REVIEW_BEFORE_SCORING,another_catalog_name_at_least_2_edits_closer,0,algorithm_6_consensus_v1,ocr,562c8c6309655f0b7fa9,ABANA,ABANA,ABASAGLAR,ABASAGLARCARTRIDGES;ABASAGLARKWIKPENPENS,development,high_distance_prediction,multi_edit_ocr_error,multi_edit_ocr_error,5,0.55555556,expected_family_outside_algorithm_6_top_20,Expected family was retrieved externally but failed consensus gate: fewer_than_three_supporting_sources;levenshtein_similarity_below_0_55;jaro_winkler_below_0_85,999,0,0,0,20,IBAN,IBAN;LOBANA;ANONA CARE HAIR OIL;HERBANA;EMANA;BEBANO;GABANEU;ANONA;ARENA;SAYANA;BONNA;UNIANA;REBONA;ABEVAC;ABITAL;ANAHAL;BEVENA;ABILIA;ABIONEM;FORANA,1,rapidfuzz_wratio,rapidfuzz_wratio:13,0.2105263157894736,0.6701754385964912,0.1904761904761904,0,fewer_than_three_supporting_sources;levenshtein_similarity_below_0_55;jaro_winkler_below_0_85,IBAN,IBAN;LOBANA;ANONA CARE HAIR OIL;HERBANA;EMANA;BEBANO;GABANEU;ANONA;ARENA;SAYANA;BONNA;UNIANA;REBONA;ABEVAC;ABITAL;ANAHAL;BEVENA;ABILIA;ABIONEM;FORANA,999,0,llava_onevision_qwen2_7b_ov_hf:289,llava_onevision_qwen2_7b_ov_hf,,0,5,5,2,3,ADANT; AMAN; ANONA; ARENA; AVARA,0,1,P0,another_catalog_family_is_at_least_two_edits_closer;source_image_reference_missing,pending,0,0,0,1,0
REVIEW_BEFORE_SCORING,normalized_distance_above_0.60;another_catalog_name_at_least_2_edits_closer,0,algorithm_6_consensus_v1,ocr,56da178b07333fc7a2f5,RIVAROXABAN,RIVAROXABAN,RIVO,RIVO,development,extreme_distance_prediction,multi_edit_ocr_error,multi_edit_ocr_error,7,1.75,expected_family_outside_algorithm_6_top_20,Expected family was retrieved externally but failed consensus gate: fewer_than_three_supporting_sources;levenshtein_similarity_below_0_55,999,0,0,0,20,REPATOXABAN,REPATOXABAN;VAROXABAN;ORGOROXABAN;ELIPROXABAN;RIVAROSPIRE;RIVADON HAIR;RIVABEDAX;RIVAXARELT;RIVAFLOWVA;RIVACLOX;RIVAXEL;RIVERA;RIVALO;ANDORIVABAN;RIVAMASH;RIZATRIPTAN;RIVAMEP;RIVASTIG;GIVAROROCK;XANOXIBAN,2,jaro_winkler;rapidfuzz_wratio,jaro_winkler:5;rapidfuzz_wratio:7,0.3636363636363636,0.8515151515151516,0.3076923076923077,0,fewer_than_three_supporting_sources;levenshtein_similarity_below_0_55,REPATOXABAN,REPATOXABAN;VAROXABAN;ORGOROXABAN;ELIPROXABAN;RIVAROSPIRE;RIVADON HAIR;RIVABEDAX;RIVAXARELT;RIVAFLOWVA;RIVACLOX;RIVAXEL;RIVERA;RIVALO;ANDORIVABAN;RIVAMASH;RIZATRIPTAN;RIVAMEP;RIVASTIG;GIVAROROCK;XANOXIBAN,999,0,llava_onevision_qwen2_7b_ov_hf:269,llava_onevision_qwen2_7b_ov_hf,,0,11,7,2,5,VAROXABAN,0,1,P0,another_catalog_family_is_at_least_two_edits_closer;extreme_normalized_distance_above_0_60;source_image_reference_missing,pending,0,0,1,1,0
REVIEW_BEFORE_SCORING,normalized_distance_above_0.60;another_catalog_name_at_least_2_edits_closer,0,algorithm_6_consensus_v1,ocr,97e0c5d516acede3112f,LANSOPRAZOLE,LANSOPRAZOLE,LANTUS,LANTUSCARTRIDGES;LANTUSSOLOSTARPENS,holdout,extreme_distance_prediction,multi_edit_ocr_error,multi_edit_ocr_error,9,1.5,expected_family_outside_algorithm_6_top_20,Expected family was retrieved externally but failed consensus gate: fewer_than_three_supporting_sources;levenshtein_similarity_below_0_55;jaro_winkler_below_0_85,999,0,0,0,20,PANTOPRAZOLE,PANTOPRAZOLE;LANSOPRO;ZARROPRAZOLE;SERIOPRAZOLE;CANDEURAZOLE;ARIPIPRAZOLE;RABEPRAZOLE;ADWIPRAZOLE;ATMIPRAZOLE;PANTOTRAZOLIN;DOWNOPRAZOL;NIXPRAZOLE;GASTRAZOLE;MEGAPRAZOLE;AIG ESOMEPRAZOLE;SPIRAZOLE;GYNO PREMAZOLE;CANEMAZOLE;LANSOFAST;CIPRODIAZOLE,1,jaro_winkler,jaro_winkler:14,0.3333333333333333,0.8107407407407409,0.3571428571428571,0,fewer_than_three_supporting_sources;levenshtein_similarity_below_0_55;jaro_winkler_below_0_85,PANTOPRAZOLE,PANTOPRAZOLE;LANSOPRO;ZARROPRAZOLE;SERIOPRAZOLE;CANDEURAZOLE;ARIPIPRAZOLE;RABEPRAZOLE;ADWIPRAZOLE;ATMIPRAZOLE;PANTOTRAZOLIN;DOWNOPRAZOL;NIXPRAZOLE;GASTRAZOLE;MEGAPRAZOLE;AIG ESOMEPRAZOLE;SPIRAZOLE;GYNO PREMAZOLE;CANEMAZOLE;LANSOFAST;CIPRODIAZOLE,999,0,llava_onevision_qwen2_7b_ov_hf:278,llava_onevision_qwen2_7b_ov_hf,,0,12,9,2,7,PANTOPRAZOLE,0,1,P0,another_catalog_family_is_at_least_two_edits_closer;extreme_normalized_distance_above_0_60;source_image_reference_missing,pending,0,0,1,1,0
REVIEW_BEFORE_SCORING,normalized_distance_above_0.60;another_catalog_name_at_least_2_edits_closer;expected_absent_from_all_retriever_top20_lists,0,algorithm_6_consensus_v1,ocr,9d2f13252bb9a63b29f2,ARYADE,ARYADE,RIVO,RIVO,development,extreme_distance_prediction,multi_edit_ocr_error,multi_edit_ocr_error,5,1.25,expected_family_outside_algorithm_6_top_20,Expected family absent from every selected retriever top-20 list,999,0,0,0,20,ARID,ARID;AREDIA;ARBATEG;AR EZE;ARIMIDEX;BRIDE;ARYTHREX;ALFADEP;KRADEN;RETADEL;EXJADE;USKADE;ARKADOLOW;ARGIDERM P;ARGITEX;ARGOTEX;ARTAMINE;AFROMED;ARTEC;AXIRED,0,,,0.0,0.0,0.0,0,absent_from_all_selected_source_top20_lists,ARID,ARID;AREDIA;ARBATEG;AR EZE;ARIMIDEX;BRIDE;ARYTHREX;ALFADEP;KRADEN;RETADEL;EXJADE;USKADE;ARKADOLOW;ARGIDERM P;ARGITEX;ARGOTEX;ARTAMINE;AFROMED;ARTEC;AXIRED,999,0,llava_onevision_qwen2_7b_ov_hf:301,llava_onevision_qwen2_7b_ov_hf,,0,6,5,3,2,AERRANE; ALFADEP; ARBATEG; AR EZE; ARID,0,0,P0,another_catalog_family_is_at_least_two_edits_closer;extreme_normalized_distance_above_0_60;expected_absent_from_selected_candidate_union;expected_absent_from_all_measured_top20_lists;source_image_reference_missing,pending,0,0,1,1,1
REVIEW_BEFORE_SCORING,normalized_distance_above_0.60;another_catalog_name_at_least_2_edits_closer;expected_absent_from_all_retriever_top20_lists,0,algorithm_6_consensus_v1,ocr,a44e0004bc2485efeae4,KEFON,KEFON,KETOROLAC,KETOROLAC,development,extreme_distance_prediction,multi_edit_ocr_error,multi_edit_ocr_error,6,0.66666667,expected_family_outside_algorithm_6_top_20,Expected family absent from every selected retriever top-20 list,999,0,0,0,20,KIFPAN,KIFPAN;TEVON;CEFOZON;CEFORAN;KETOFAN;KUVAN;XEFO;KAFINOL;K DION;KUPAN;KEVORK;CEBION;KEFLEX;K VITON;KEFENTECH;DERON;FEXON;MERON;PEPON;KAPRON,0,,,0.0,0.0,0.0,0,absent_from_all_selected_source_top20_lists,KIFPAN,KIFPAN;TEVON;CEFOZON;CEFORAN;KETOFAN;KUVAN;XEFO;KAFINOL;K DION;KUPAN;KEVORK;CEBION;KEFLEX;K VITON;KEFENTECH;DERON;FEXON;MERON;PEPON;KAPRON,999,0,llava_onevision_qwen2_7b_ov_hf:288,llava_onevision_qwen2_7b_ov_hf,,0,5,6,2,4,DERON; FEXON; K DION; MERON; PEPON,0,0,P0,another_catalog_family_is_at_least_two_edits_closer;extreme_normalized_distance_above_0_60;expected_absent_from_selected_candidate_union;expected_absent_from_all_measured_top20_lists;source_image_reference_missing,pending,0,0,1,1,1
REVIEW_BEFORE_SCORING,normalized_distance_above_0.60;another_catalog_name_at_least_2_edits_closer,0,algorithm_6_consensus_v1,ocr,a72939cc43d4abe857c9,KLOROZOLE,KLOROZOLE,KETOROLAC,KETOROLAC,development,extreme_distance_prediction,multi_edit_ocr_error,multi_edit_ocr_error,6,0.66666667,expected_family_outside_algorithm_6_top_20,Expected family was retrieved externally but failed consensus gate: fewer_than_three_supporting_sources;levenshtein_similarity_below_0_55;jaro_winkler_below_0_85,999,0,0,0,20,LETROZOLE,LETROZOLE;METROZOLE;PROTOZOLE;KETOZOLE;AROZOLE;FLOCAZOLE;EUROZOLE;KONAZOLE;LETROZOL;EPIRAZOLE;FLADAZOLE;SPIRAZOLE;ECONAZOLE;AVEROZOLID;DILOZOLE;CURAZOLE;FURAZOLE;ULCEZOLE;AMRIZOLE;ALKANAZOLE,1,jaro_winkler,jaro_winkler:17,0.3333333333333333,0.7333333333333334,0.375,0,fewer_than_three_supporting_sources;levenshtein_similarity_below_0_55;jaro_winkler_below_0_85,LETROZOLE,LETROZOLE;METROZOLE;PROTOZOLE;KETOZOLE;AROZOLE;FLOCAZOLE;EUROZOLE;KONAZOLE;LETROZOL;EPIRAZOLE;FLADAZOLE;SPIRAZOLE;ECONAZOLE;AVEROZOLID;DILOZOLE;CURAZOLE;FURAZOLE;ULCEZOLE;AMRIZOLE;ALKANAZOLE,999,0,llava_onevision_qwen2_7b_ov_hf:285,llava_onevision_qwen2_7b_ov_hf,,0,9,6,3,3,AROZOLE; EUROZOLE; FLOCAZOLE; KETOZOLE; KONAZOLE,0,1,P0,another_catalog_family_is_at_least_two_edits_closer;extreme_normalized_distance_above_0_60;source_image_reference_missing,pending,0,0,1,1,0
REVIEW_BEFORE_SCORING,normalized_distance_above_0.60;another_catalog_name_at_least_2_edits_closer;expected_absent_from_all_retriever_top20_lists,0,algorithm_6_consensus_v1,ocr,af30f8aa022dff9b1b6b,CENZYA,CENZYA,MYOLAX,MYOLAX,development,extreme_distance_prediction,multi_edit_ocr_error,multi_edit_ocr_error,6,1.0,expected_family_outside_algorithm_6_top_20,Expected family absent from every selected retriever top-20 list,999,0,0,0,20,CYNZIA,CYNZIA;KENZO;CIMZIA;CELSIA;CEFZIL;CEFZIM;CONAZ;CINRYZE;CINNAZIN;KANZAR;AKYNZEO;CLEANZA;CESANA;OCEANZ;ACNESOL;CEZAL;CONIDA;CANYON;KONAZOLE;CENTROCAL,0,,,0.0,0.0,0.0,0,absent_from_all_selected_source_top20_lists,CYNZIA,CYNZIA;KENZO;CIMZIA;CELSIA;CEFZIL;CEFZIM;CONAZ;CINRYZE;CINNAZIN;KANZAR;AKYNZEO;CLEANZA;CESANA;OCEANZ;ACNESOL;CEZAL;CONIDA;CANYON;KONAZOLE;CENTROCAL,999,0,llava_onevision_qwen2_7b_ov_hf:298,llava_onevision_qwen2_7b_ov_hf,,0,6,6,2,4,CYNZIA,0,0,P0,another_catalog_family_is_at_least_two_edits_closer;extreme_normalized_distance_above_0_60;expected_absent_from_selected_candidate_union;expected_absent_from_all_measured_top20_lists;source_image_reference_missing,pending,0,0,1,1,1
REVIEW_BEFORE_SCORING,normalized_distance_above_0.60;another_catalog_name_at_least_2_edits_closer;expected_absent_from_all_retriever_top20_lists,0,algorithm_6_consensus_v1,ocr,b1cc76db41b7a89e1617,CALLISIA,CALLISIA,CELEBREX,CELEBREX,development,extreme_distance_prediction,multi_edit_ocr_error,multi_edit_ocr_error,6,0.75,expected_family_outside_algorithm_6_top_20,Expected family absent from every selected retriever top-20 list,999,0,0,0,20,CALNESIA D,CALNESIA D;CALUSA;CALZILA;CELSIA;CALCISOME;CIALIS;CALOSTEO;CALDIOSTO;CALAZOL;CALCIOSTAN;CALCIEBA;CALLIFE MIX;CYCLOSED;CALCI OST;CALM SKIN;LILLISCAR;CALCU SANTA;CALCIRAISE;CALMOHIST;CALDIN ZINC,0,,,0.0,0.0,0.0,0,absent_from_all_selected_source_top20_lists,CALNESIA D,CALNESIA D;CALUSA;CALZILA;CELSIA;CALCISOME;CIALIS;CALOSTEO;CALDIOSTO;CALAZOL;CALCIOSTAN;CALCIEBA;CALLIFE MIX;CYCLOSED;CALCI OST;CALM SKIN;LILLISCAR;CALCU SANTA;CALCIRAISE;CALMOHIST;CALDIN ZINC,999,0,llava_onevision_qwen2_7b_ov_hf:304,llava_onevision_qwen2_7b_ov_hf,,0,8,6,3,3,CALCIEBA; CALMI MIX; CALNESIA D; CALUSA; CALZILA,0,0,P0,another_catalog_family_is_at_least_two_edits_closer;extreme_normalized_distance_above_0_60;expected_absent_from_selected_candidate_union;expected_absent_from_all_measured_top20_lists;source_image_reference_missing,pending,0,0,1,1,1
REVIEW_BEFORE_SCORING,normalized_distance_above_0.60;another_catalog_name_at_least_2_edits_closer;expected_absent_from_all_retriever_top20_lists,0,algorithm_6_consensus_v1,ocr,b40f4e53620abc9e275e,MYLOPOTAMIA,MYLOPOTAMIA,MYOLAX,MYOLAX,development,extreme_distance_prediction,multi_edit_ocr_error,multi_edit_ocr_error,7,1.16666667,expected_family_outside_algorithm_6_top_20,Expected family absent from every selected retriever top-20 list,999,0,0,0,20,MILUPA TEA,MILUPA TEA;MELAOPTI;MYLOTARG;MYODONIA;MYLOHANCE;MYLOBAC;MELATEX VITAMIN;MILO BABY;MIX VITAMIN;MYCOSTATIN;OLOPATANOL;MYLON;MELOXICAM;MYOLASTAN;MYCOPHARM;BROMOTEMIA;POPOMIX;SOPONIA;VICOMEDMIA;EURONEMIA,0,,,0.0,0.0,0.0,0,absent_from_all_selected_source_top20_lists,MILUPA TEA,MILUPA TEA;MELAOPTI;MYLOTARG;MYODONIA;MYLOHANCE;MYLOBAC;MELATEX VITAMIN;MILO BABY;MIX VITAMIN;MYCOSTATIN;OLOPATANOL;MYLON;MELOXICAM;MYOLASTAN;MYCOPHARM;BROMOTEMIA;POPOMIX;SOPONIA;VICOMEDMIA;EURONEMIA,999,0,llava_onevision_qwen2_7b_ov_hf:271,llava_onevision_qwen2_7b_ov_hf,,0,11,7,5,2,BROMOTEMIA; GLOPAMIL; MYCOSTATIN; MYLOTARG; MYODONIA,0,0,P0,another_catalog_family_is_at_least_two_edits_closer;extreme_normalized_distance_above_0_60;expected_absent_from_selected_candidate_union;expected_absent_from_all_measured_top20_lists;source_image_reference_missing,pending,0,0,1,1,1
REVIEW_BEFORE_SCORING,normalized_distance_above_0.60;another_catalog_name_at_least_2_edits_closer;expected_absent_from_all_retriever_top20_lists,0,algorithm_6_consensus_v1,ocr,e242ad00fa595d6deb0b,RIVAROXABAN,RIVAROXABAN,RIVOTRIL,RIVOTRIL,development,extreme_distance_prediction,multi_edit_ocr_error,multi_edit_ocr_error,7,0.875,expected_family_outside_algorithm_6_top_20,Expected family absent from every selected retriever top-20 list,999,0,0,0,20,REPATOXABAN,REPATOXABAN;VAROXABAN;ORGOROXABAN;ELIPROXABAN;RIVAROSPIRE;RIVADON HAIR;RIVABEDAX;RIVAXARELT;RIVAFLOWVA;RIVACLOX;RIVAXEL;RIVERA;RIVALO;ANDORIVABAN;RIVAMASH;RIZATRIPTAN;RIVAMEP;RIVASTIG;GIVAROROCK;XANOXIBAN,0,,,0.0,0.0,0.0,0,absent_from_all_selected_source_top20_lists,REPATOXABAN,REPATOXABAN;VAROXABAN;ORGOROXABAN;ELIPROXABAN;RIVAROSPIRE;RIVADON HAIR;RIVABEDAX;RIVAXARELT;RIVAFLOWVA;RIVACLOX;RIVAXEL;RIVERA;RIVALO;ANDORIVABAN;RIVAMASH;RIZATRIPTAN;RIVAMEP;RIVASTIG;GIVAROROCK;XANOXIBAN,999,0,llava_onevision_qwen2_7b_ov_hf:266,llava_onevision_qwen2_7b_ov_hf,,0,11,7,2,5,VAROXABAN,0,0,P0,another_catalog_family_is_at_least_two_edits_closer;extreme_normalized_distance_above_0_60;expected_absent_from_selected_candidate_union;expected_absent_from_all_measured_top20_lists;source_image_reference_missing,pending,0,0,1,1,1
REVIEW_BEFORE_SCORING,normalized_distance_above_0.60;another_catalog_name_at_least_2_edits_closer;expected_absent_from_all_retriever_top20_lists,0,algorithm_6_consensus_v1,ocr,0b73c44c482300b40871,LECITHIN,LECITHIN,CEFIXIME,CEFIXIME,holdout,extreme_distance_prediction,multi_edit_ocr_error,multi_edit_ocr_error,6,0.75,expected_family_outside_algorithm_6_top_20,Expected family absent from every selected retriever top-20 list,999,0,0,0,20,SOY LECITHIN,SOY LECITHIN;LECITAL;LEC IRON;LIPITRIN;LEVOTAVIN;LETRACITOLIN;ROCEPHIN;ELECORTIN;LARITHROCIN;LECA;MECITEC;LEVITRA;LEVOXIN;LEVOCITRONE;LECARDOPA;LEVATONE N;LEVA JOINT;LEFLUMINE;UNIZITHRIN;CLARITHRO,0,,,0.0,0.0,0.0,0,absent_from_all_selected_source_top20_lists,SOY LECITHIN,SOY LECITHIN;LECITAL;LEC IRON;LIPITRIN;LEVOTAVIN;LETRACITOLIN;ROCEPHIN;ELECORTIN;LARITHROCIN;LECA;MECITEC;LEVITRA;LEVOXIN;LEVOCITRONE;LECARDOPA;LEVATONE N;LEVA JOINT;LEFLUMINE;UNIZITHRIN;CLARITHRO,999,0,minicpm_v_46:336,minicpm_v_46,,0,8,6,3,3,FERITIN; LEC IRON; LECITAL; LIPITRIN; SOY LECITHIN,0,0,P0,another_catalog_family_is_at_least_two_edits_closer;extreme_normalized_distance_above_0_60;expected_absent_from_selected_candidate_union;expected_absent_from_all_measured_top20_lists;source_image_reference_missing,pending,0,0,1,1,1
REVIEW_BEFORE_SCORING,another_catalog_name_at_least_2_edits_closer,0,algorithm_6_consensus_v1,ocr,ae4a30ae1e9e907c1849,KETOLIDE,KETOLIDE,KETOROLAC,KETOROLAC,development,high_distance_prediction,multi_edit_ocr_error,multi_edit_ocr_error,5,0.55555556,expected_family_outside_algorithm_6_top_20,Expected family was retrieved externally but failed consensus gate: fewer_than_three_supporting_sources;levenshtein_similarity_below_0_55;jaro_winkler_below_0_85,999,0,0,0,20,KETOLAC,KETOLAC;KETOLGIN;KETOZOLE;KETOKED;KETAMINE;CETOLIGHT;CETROTIDE;CEPTOLATE;KETODERM;ASTROGLIDE;ZANOGLIDE;KETOROLIN;KATOLER;KETOREST;CAPOZIDE;KETOFAN;KETORAL;KETOPREK;KETOPROF;CETRIMIDE,2,dice_char2;jaro_winkler,dice_char2:9;jaro_winkler:13,0.4444444444444444,0.836111111111111,0.5333333333333333,0,fewer_than_three_supporting_sources;levenshtein_similarity_below_0_55;jaro_winkler_below_0_85,KETOLAC,KETOLAC;KETOLGIN;KETOZOLE;KETOKED;KETAMINE;CETOLIGHT;CETROTIDE;CEPTOLATE;KETODERM;ASTROGLIDE;ZANOGLIDE;KETOROLIN;KATOLER;KETOREST;CAPOZIDE;KETOFAN;KETORAL;KETOPREK;KETOPROF;CETRIMIDE,999,0,minicpm_v_46:335,minicpm_v_46,,0,8,5,3,2,CETROTIDE; ETODINE; ETOSID; KETAMINE; KETOKED,0,1,P0,another_catalog_family_is_at_least_two_edits_closer;source_image_reference_missing,pending,0,0,0,1,0
REVIEW_BEFORE_SCORING,normalized_distance_above_0.60;another_catalog_name_at_least_2_edits_closer;expected_absent_from_all_retriever_top20_lists,0,algorithm_6_consensus_v1,ocr,ff7f7692884b5c1b16f6,CIRCUMPLU,CIRCUMPLU,MYOLAX,MYOLAX,development,extreme_distance_prediction,multi_edit_ocr_error,multi_edit_ocr_error,9,1.5,expected_family_outside_algorithm_6_top_20,Expected family absent from every selected retriever top-20 list,999,0,0,0,20,CIRCUNEX,CIRCUNEX;CIRCUFIT;CURCOMLOX;CARCEMIA;CURCUTAKE;CALCIUM PHARCO;CHROMIUM PICOLINATE;NORCURON;PUMPEX;HERCUL HAIR;SEBIUM PAIN;MASTER PUMPKIN OIL;CACIROVAVIT;CACIROVABONE;CIRA PANTHENOL;CIRA PANTHENOL HAIR;ESMOPUMP;RAZOPUMP;TRI CIRCULATE H;HERCUL WHITENING,0,,,0.0,0.0,0.0,0,absent_from_all_selected_source_top20_lists,CIRCUNEX,CIRCUNEX;CIRCUFIT;CURCOMLOX;CARCEMIA;CURCUTAKE;CALCIUM PHARCO;CHROMIUM PICOLINATE;NORCURON;PUMPEX;HERCUL HAIR;SEBIUM PAIN;MASTER PUMPKIN OIL;CACIROVAVIT;CACIROVABONE;CIRA PANTHENOL;CIRA PANTHENOL HAIR;ESMOPUMP;RAZOPUMP;TRI CIRCULATE H;HERCUL WHITENING,999,0,minicpm_v_46:353,minicpm_v_46,,0,9,9,4,5,CIRCUFIT; CIRCUNEX,0,0,P0,another_catalog_family_is_at_least_two_edits_closer;extreme_normalized_distance_above_0_60;expected_absent_from_selected_candidate_union;expected_absent_from_all_measured_top20_lists;source_image_reference_missing,pending,0,0,1,1,1
REVIEW_BEFORE_SCORING,normalized_distance_above_0.60;another_catalog_name_at_least_2_edits_closer;expected_absent_from_all_retriever_top20_lists,0,algorithm_6_consensus_v1,ocr,11d86987c8affbf2f188,FIGUP,FIGUP,VIGOREX,VIGOREX,holdout,extreme_distance_prediction,multi_edit_ocr_error,multi_edit_ocr_error,5,0.71428571,expected_family_outside_algorithm_6_top_20,Expected family absent from every selected retriever top-20 list,999,0,0,0,20,LIT UP,LIT UP;DEFIGAPI;FOGY;VIGAFIL;FIRST;FITT;FENU H;KUFFIGLOB;VERTIGUN;TRIGUARD;FEFU CAPSUL;REGUPHOSE;ANGIGUARD;DEMAFIGHT;OPTIGUARD;TRAVIGUARD;MINI GUAVA N;VAGIPROST;FUCIPHAC;EPICOPRED,0,,,0.0,0.0,0.0,0,absent_from_all_selected_source_top20_lists,LIT UP,LIT UP;DEFIGAPI;FOGY;VIGAFIL;FIRST;FITT;FENU H;KUFFIGLOB;VERTIGUN;TRIGUARD;FEFU CAPSUL;REGUPHOSE;ANGIGUARD;DEMAFIGHT;OPTIGUARD;TRAVIGUARD;MINI GUAVA N;VAGIPROST;FUCIPHAC;EPICOPRED,999,0,paddleocr_vl_space:366,paddleocr_vl_space,,0,5,5,2,3,LIT UP,0,0,P0,another_catalog_family_is_at_least_two_edits_closer;extreme_normalized_distance_above_0_60;expected_absent_from_selected_candidate_union;expected_absent_from_all_measured_top20_lists;source_image_reference_missing,pending,0,0,1,1,1
REVIEW_BEFORE_SCORING,normalized_distance_above_0.60;another_catalog_name_at_least_2_edits_closer;expected_absent_from_all_retriever_top20_lists,0,algorithm_6_consensus_v1,ocr,25e4bd0cbad97b8df7eb,GNAUPLUS,GNAUPLUS,MYOLAX,MYOLAX,development,extreme_distance_prediction,multi_edit_ocr_error,multi_edit_ocr_error,7,1.16666667,expected_family_outside_algorithm_6_top_20,Expected family absent from every selected retriever top-20 list,999,0,0,0,20,OCCUPLUS,OCCUPLUS;URSOPLUS;JOPLU;ANAUSAN;NAUSILEX;MULTI GYN FLORAPLUS X;ACNEBLESS;DALUPLENT;LUSENPLUG;NAVONAUSIA;VISCOPLUS;RENU MULTIPLUS;SUPLASYN;NAUDIBACT;NAUSETRON;METHYLO FOLATE NASH SUPLIGUAL;ACNEBLESS FACIAL;PREVENAUSIA;ACNEBLESS FACIAL CLEANSING FOAMING;SUPLASYN SHOT,0,,,0.0,0.0,0.0,0,absent_from_all_selected_source_top20_lists,OCCUPLUS,OCCUPLUS;URSOPLUS;JOPLU;ANAUSAN;NAUSILEX;MULTI GYN FLORAPLUS X;ACNEBLESS;DALUPLENT;LUSENPLUG;NAVONAUSIA;VISCOPLUS;RENU MULTIPLUS;SUPLASYN;NAUDIBACT;NAUSETRON;METHYLO FOLATE NASH SUPLIGUAL;ACNEBLESS FACIAL;PREVENAUSIA;ACNEBLESS FACIAL CLEANSING FOAMING;SUPLASYN SHOT,999,0,paddleocr_vl_space:400,paddleocr_vl_space,,0,8,7,3,4,OCCUPLUS,0,0,P0,another_catalog_family_is_at_least_two_edits_closer;extreme_normalized_distance_above_0_60;expected_absent_from_selected_candidate_union;expected_absent_from_all_measured_top20_lists;source_image_reference_missing,pending,0,0,1,1,1
REVIEW_BEFORE_SCORING,normalized_distance_above_0.60;another_catalog_name_at_least_2_edits_closer;expected_absent_from_all_retriever_top20_lists,0,algorithm_6_consensus_v1,ocr,7daffd71550c567ea3c4,R107N1,R107N1,RIVOTRIL,RIVOTRIL,development,extreme_distance_prediction,multi_edit_ocr_error,multi_edit_ocr_error,7,0.875,expected_family_outside_algorithm_6_top_20,Expected family absent from every selected retriever top-20 list,999,0,0,0,2,APIDRA SOLOSTAR 100I,APIDRA SOLOSTAR 100I;INSULIN H BIO R 100I,0,,,0.0,0.0,0.0,0,absent_from_all_selected_source_top20_lists,APIDRA SOLOSTAR 100I,APIDRA SOLOSTAR 100I;INSULIN H BIO R 100I,999,0,paddleocr_vl_space:365,paddleocr_vl_space,,0,6,7,4,3,RANI; RAYEN; REBONA; REDAND; REEN,0,0,P0,another_catalog_family_is_at_least_two_edits_closer;extreme_normalized_distance_above_0_60;expected_absent_from_selected_candidate_union;expected_absent_from_all_measured_top20_lists;source_image_reference_missing,pending,0,0,1,1,1
REVIEW_BEFORE_SCORING,another_catalog_name_at_least_2_edits_closer;expected_absent_from_all_retriever_top20_lists,0,algorithm_6_consensus_v1,ocr,ab73f08321b1278dc9e4,LETWDI,LETWDI,PETHIDINE,PETHIDINE,development,high_distance_prediction,multi_edit_ocr_error,multi_edit_ocr_error,5,0.55555556,expected_family_outside_algorithm_6_top_20,Expected family absent from every selected retriever top-20 list,999,0,0,0,20,LED,LED;LETRIDONE;LATIVI;LETROZOL;LETROTUME;LEVODEL;LENALID;LERAMIX;LEVANIC;LEVAVIT;LEVOXIN;PLETAAL;INLETAIR;SALETHAN;CHOLETRIX D3;MAROLET HAIR;LETROZOLE;LETRACITOLIN;ALETA;CHOLETIMB,0,,,0.0,0.0,0.0,0,absent_from_all_selected_source_top20_lists,LED,LED;LETRIDONE;LATIVI;LETROZOL;LETROTUME;LEVODEL;LENALID;LERAMIX;LEVANIC;LEVAVIT;LEVOXIN;PLETAAL;INLETAIR;SALETHAN;CHOLETRIX D3;MAROLET HAIR;LETROZOLE;LETRACITOLIN;ALETA;CHOLETIMB,999,0,paddleocr_vl_space:378,paddleocr_vl_space,,0,6,5,3,2,ETIBI; LATIVI; LED; WETSHI,0,0,P0,another_catalog_family_is_at_least_two_edits_closer;expected_absent_from_selected_candidate_union;expected_absent_from_all_measured_top20_lists;source_image_reference_missing,pending,0,0,0,1,1
REVIEW_BEFORE_SCORING,normalized_distance_above_0.60;another_catalog_name_at_least_2_edits_closer;expected_absent_from_all_retriever_top20_lists,0,algorithm_6_consensus_v1,ocr,b50e5a3b7e7df91b5ff6,ABUQADHR,ABUQADHR,IBUPROFEN,IBUPROFEN,development,extreme_distance_prediction,multi_edit_ocr_error,multi_edit_ocr_error,7,0.77777778,expected_family_outside_algorithm_6_top_20,Expected family absent from every selected retriever top-20 list,999,0,0,0,17,ABEVAC,ABEVAC;EBA ACT HAIR;NABUXAN;FABUGLYCINA;FAYCID HAIR OIL;ADVANCED OMEGA DHA;FABUCOX;NABUTONE;TABUNEX;PREDABURE;PENTABURN;DOZOVA NAD H;ROSTEVO SHEA BUTTER;CALMABUBBLE;BEESLINE LIP CARE SHEA BUTTER AVOCADO OIL;FLABU;STRETCH STOP COLLAGEN SHEA BUTTER,0,,,0.0,0.0,0.0,0,absent_from_all_selected_source_top20_lists,ABEVAC,ABEVAC;EBA ACT HAIR;NABUXAN;FABUGLYCINA;FAYCID HAIR OIL;ADVANCED OMEGA DHA;FABUCOX;NABUTONE;TABUNEX;PREDABURE;PENTABURN;DOZOVA NAD H;ROSTEVO SHEA BUTTER;CALMABUBBLE;BEESLINE LIP CARE SHEA BUTTER AVOCADO OIL;FLABU;STRETCH STOP COLLAGEN SHEA BUTTER,999,0,paddleocr_vl_space:389,paddleocr_vl_space,,0,8,7,5,2,ABEVAC; ABITAL; ABSTAIN; ABYLATA; ACT HAIR,0,0,P0,another_catalog_family_is_at_least_two_edits_closer;extreme_normalized_distance_above_0_60;expected_absent_from_selected_candidate_union;expected_absent_from_all_measured_top20_lists;source_image_reference_missing,pending,0,0,1,1,1
REVIEW_BEFORE_SCORING,another_catalog_name_at_least_2_edits_closer;expected_absent_from_all_retriever_top20_lists,0,algorithm_6_consensus_v1,ocr,b7b390190cefc39406c7,KEFOMAN,KEFOMAN,KATOMOR,KATOMOR,development,high_distance_prediction,multi_edit_ocr_error,multi_edit_ocr_error,4,0.57142857,expected_family_outside_algorithm_6_top_20,Expected family absent from every selected retriever top-20 list,999,0,0,0,20,CEFORAN,CEFORAN;KETOFAN;CEFOMERICAN;KEFADIM;KETAMAR;CEFOZON;KEIRAN;CEFOTAX;KIFPAN;GENEMAN;NEFOPAM;CEFOCTAM;CITOMAX;KETOLAC;KETORAL;KENOVA;KEFLEX;BETOMA;KETAMINE;KEROBION,0,,,0.0,0.0,0.0,0,absent_from_all_selected_source_top20_lists,CEFORAN,CEFORAN;KETOFAN;CEFOMERICAN;KEFADIM;KETAMAR;CEFOZON;KEIRAN;CEFOTAX;KIFPAN;GENEMAN;NEFOPAM;CEFOCTAM;CITOMAX;KETOLAC;KETORAL;KENOVA;KEFLEX;BETOMA;KETAMINE;KEROBION,999,0,paddleocr_vl_space:402,paddleocr_vl_space,,0,7,4,2,2,CEFORAN; KETOFAN,0,0,P0,another_catalog_family_is_at_least_two_edits_closer;expected_absent_from_selected_candidate_union;expected_absent_from_all_measured_top20_lists;source_image_reference_missing,pending,0,0,0,1,1
REVIEW_BEFORE_SCORING,normalized_distance_above_0.60;another_catalog_name_at_least_2_edits_closer;expected_absent_from_all_retriever_top20_lists,0,algorithm_6_consensus_v1,ocr,ef7d3d6619a4058093b3,COBOND,COBOND,CELEBREX,CELEBREX,development,extreme_distance_prediction,multi_edit_ocr_error,multi_edit_ocr_error,6,0.75,expected_family_outside_algorithm_6_top_20,Expected family absent from every selected retriever top-20 list,999,0,0,0,20,COLONA,COLONA;COSOPT;COPAD;CORONIT;CEVANDRA;CALPEND;COBAL;ONEBOND;COUGHPENT;GUEBONE;COLAJ D;CAD BON;CORINO;REBONA;COBASCORE;COBAFOLIC;BON ONE;COVI;COLA CHOND;COUNTY,0,,,0.0,0.0,0.0,0,absent_from_all_selected_source_top20_lists,COLONA,COLONA;COSOPT;COPAD;CORONIT;CEVANDRA;CALPEND;COBAL;ONEBOND;COUGHPENT;GUEBONE;COLAJ D;CAD BON;CORINO;REBONA;COBASCORE;COBAFOLIC;BON ONE;COVI;COLA CHOND;COUNTY,999,0,paddleocr_vl_space:405,paddleocr_vl_space,,0,6,6,2,4,COLONA,0,0,P0,another_catalog_family_is_at_least_two_edits_closer;extreme_normalized_distance_above_0_60;expected_absent_from_selected_candidate_union;expected_absent_from_all_measured_top20_lists;source_image_reference_missing,pending,0,0,1,1,1
RETAIN_AS_VALID_HARD_CASE,hard_but_textually_supported_case,0,algorithm_6_consensus_v1,ocr,0749f706f075333cd1c0,ABACAVIR,ABACAVIR,ABASAGLAR,ABASAGLARCARTRIDGES;ABASAGLARKWIKPENPENS,development,high_distance_prediction,multi_edit_ocr_error,multi_edit_ocr_error,4,0.44444444,expected_family_outside_algorithm_6_top_20,Expected family was retrieved externally but failed consensus gate: fewer_than_three_supporting_sources;levenshtein_similarity_below_0_55;jaro_winkler_below_0_85,999,0,0,0,20,TECAVIR,TECAVIR;AVIPIRAVIR;ENTECAVIR;IGEA CAVIAR;ACYCLOVIR;EBA CARE;TAMILAVIR;ALOCLAIR;SWACAVE;ABEVAC;ATACAND;ASMALAIR;ABSTAIN;ACT HAIR;FODAVIR;DAKTAVIRA;ATHACAR HAIR;EACLOVIR;STADIVIR;ABILAXINE,1,soundex,soundex:2,0.3157894736842105,0.6525689223057644,0.25,0,fewer_than_three_supporting_sources;levenshtein_similarity_below_0_55;jaro_winkler_below_0_85,TECAVIR,TECAVIR;AVIPIRAVIR;ENTECAVIR;IGEA CAVIAR;ACYCLOVIR;EBA CARE;TAMILAVIR;ALOCLAIR;SWACAVE;ABEVAC;ATACAND;ASMALAIR;ABSTAIN;ACT HAIR;FODAVIR;DAKTAVIRA;ATHACAR HAIR;EACLOVIR;STADIVIR;ABILAXINE,999,0,qwen25_vl_3b:421,qwen25_vl_3b,,0,8,4,3,1,TECAVIR,0,1,P1,another_catalog_family_is_one_edit_closer;source_image_reference_missing,pending,0,0,0,0,0
REVIEW_BEFORE_SCORING,normalized_distance_above_0.60;another_catalog_name_at_least_2_edits_closer;expected_absent_from_all_retriever_top20_lists,0,algorithm_6_consensus_v1,ocr,1dce8baf11182e65864a,RI 100MG,RI100MG,RIVOTRIL,RIVOTRIL,development,extreme_distance_prediction,multi_edit_ocr_error,multi_edit_ocr_error,6,0.75,expected_family_outside_algorithm_6_top_20,Expected family absent from every selected retriever top-20 list,999,0,0,0,19,RI SKIN,RI SKIN;EPIAO 10000I;XIR D310000IU;APIDRA 100I CARTIRIDGES;DIPHTHERIA ANTITOXIN 10000I;HUMALOG MIX25 100I CARTRIDGES;HUMALOG 100I CARTRIDGES;MEDIPHA B12 1000MIG ODF;RETARD 500MG;HYPOTEARS 1000I;TRUE CARE100ML;INSULATARD HM 100I;INSULIN H BIO R 100I;HUMALOG KWIKPEN 100I PENS;APIDRA SOLOSTAR 100I;INSULIN H BIO NPH 100I;TAUROLOCK HEP100 CATHETER LOCK;HUMALOG MIX25 KWIKPEN 100I PENS;HUMALOG MIX50 KWIKPEN 100I PENS,0,,,0.0,0.0,0.0,0,absent_from_all_selected_source_top20_lists,RI SKIN,RI SKIN;EPIAO 10000I;XIR D310000IU;APIDRA 100I CARTIRIDGES;DIPHTHERIA ANTITOXIN 10000I;HUMALOG MIX25 100I CARTRIDGES;HUMALOG 100I CARTRIDGES;MEDIPHA B12 1000MIG ODF;RETARD 500MG;HYPOTEARS 1000I;TRUE CARE100ML;INSULATARD HM 100I;INSULIN H BIO R 100I;HUMALOG KWIKPEN 100I PENS;APIDRA SOLOSTAR 100I;INSULIN H BIO NPH 100I;TAUROLOCK HEP100 CATHETER LOCK;HUMALOG MIX25 KWIKPEN 100I PENS;HUMALOG MIX50 KWIKPEN 100I PENS,999,0,qwen25_vl_3b:410,qwen25_vl_3b,,0,7,6,4,2,RIFAM,0,0,P0,another_catalog_family_is_at_least_two_edits_closer;extreme_normalized_distance_above_0_60;expected_absent_from_selected_candidate_union;expected_absent_from_all_measured_top20_lists;source_image_reference_missing,pending,0,0,1,1,1
REVIEW_BEFORE_SCORING,normalized_distance_above_0.60;another_catalog_name_at_least_2_edits_closer,0,algorithm_6_consensus_v1,ocr,b563456f254df5e62359,TOCILIZUMAB,TOCILIZUMAB,TOCO,TOCO,development,extreme_distance_prediction,multi_edit_ocr_error,multi_edit_ocr_error,8,2.0,expected_family_outside_algorithm_6_top_20,Expected family was retrieved externally but failed consensus gate: fewer_than_three_supporting_sources;levenshtein_similarity_below_0_55;jaro_winkler_below_0_85,999,0,0,0,20,ALIZOLAM,ALIZOLAM;OLIZONE;MECLIZIGO;OLIZINO;BUDELIZER;DALIZOS XL;FERRO MAB;ZALIZO;CALMA BABY;PALIZAGE;BREATHOVANCE NEBULIZER SOLN;AEROTROPA NEBULIZER SOLN;NEUTH ANTI ACNE REVITALIZING FACIAL;VICHY MINERALIZING THERMAL SPA WATER;REXSOL REVITALIZING;VILLA BORGHINI SEBUM EQUALIZING;NORMELAN SALIZAC SKIN;STERILIZED WATER;ACILIGHT;PHARMACERIS T NORMALIZING FACE TONER,1,rapidfuzz_wratio,rapidfuzz_wratio:3,0.2727272727272727,0.6742424242424242,0.3076923076923077,0,fewer_than_three_supporting_sources;levenshtein_similarity_below_0_55;jaro_winkler_below_0_85,ALIZOLAM,ALIZOLAM;OLIZONE;MECLIZIGO;OLIZINO;BUDELIZER;DALIZOS XL;FERRO MAB;ZALIZO;CALMA BABY;PALIZAGE;BREATHOVANCE NEBULIZER SOLN;AEROTROPA NEBULIZER SOLN;NEUTH ANTI ACNE REVITALIZING FACIAL;VICHY MINERALIZING THERMAL SPA WATER;REXSOL REVITALIZING;VILLA BORGHINI SEBUM EQUALIZING;NORMELAN SALIZAC SKIN;STERILIZED WATER;ACILIGHT;PHARMACERIS T NORMALIZING FACE TONER,999,0,qwen25_vl_3b:441,qwen25_vl_3b,,0,11,8,5,3,MOTILITY MAX; MOTILIUM,0,1,P0,another_catalog_family_is_at_least_two_edits_closer;extreme_normalized_distance_above_0_60;source_image_reference_missing,pending,0,0,1,1,0
REVIEW_BEFORE_SCORING,normalized_distance_above_0.60;another_catalog_name_at_least_2_edits_closer,0,algorithm_6_consensus_v1,ocr,d4a168f89b04b96aaef3,CALBONETX,CALBONETX,CELEBREX,CELEBREX,development,extreme_distance_prediction,multi_edit_ocr_error,multi_edit_ocr_error,5,0.625,expected_family_outside_algorithm_6_top_20,Expected family was retrieved externally but failed consensus gate: fewer_than_three_supporting_sources;levenshtein_similarity_below_0_55;jaro_winkler_below_0_85,999,0,0,0,20,CALTONEX,CALTONEX;CALCINEX;CALPEND;CALCIONATE;CALOSTEO;CALOLITE;CALMI MIX;CALIOVANY;CARMINEX;CARBAPEX;CARBONECOL H;CALCIMATE;CALDEX;CALGON SKIN;CALLIFE MIX;CALMOMIL;CALUNITED;CALCIMAX;CAL PRITTO;CALMOHIST,1,match_rating,match_rating:6,0.4444444444444444,0.6601851851851852,0.0,0,fewer_than_three_supporting_sources;levenshtein_similarity_below_0_55;jaro_winkler_below_0_85,CALTONEX,CALTONEX;CALCINEX;CALPEND;CALCIONATE;CALOSTEO;CALOLITE;CALMI MIX;CALIOVANY;CARMINEX;CARBAPEX;CARBONECOL H;CALCIMATE;CALDEX;CALGON SKIN;CALLIFE MIX;CALMOMIL;CALUNITED;CALCIMAX;CAL PRITTO;CALMOHIST,999,0,qwen25_vl_3b:454,qwen25_vl_3b,,0,9,5,2,3,CALTONEX,0,1,P0,another_catalog_family_is_at_least_two_edits_closer;extreme_normalized_distance_above_0_60;source_image_reference_missing,pending,0,0,1,1,0
RETAIN_AS_VALID_HARD_CASE,hard_but_textually_supported_case,0,algorithm_6_consensus_v1,ocr,e439e847df30ffeb6f8d,LANLTA,LANLTA,LANTUS,LANTUSCARTRIDGES;LANTUSSOLOSTARPENS,holdout,high_distance_prediction,two_or_three_edit_ocr_error,two_or_three_edit_ocr_error,3,0.5,expected_family_outside_algorithm_6_top_20,Expected family was retrieved externally but failed consensus gate: fewer_than_three_supporting_sources;levenshtein_similarity_below_0_55;jaro_winkler_below_0_85,999,0,0,0,20,LANETAL,LANETAL;LANODO;LANDO;LANOMAX;LAMA;LANO CO;LANORO;LENALID;LANVIS;LANZOR;LANTANON;LANACLOR;LAFOLA;LAKTRA;LACTO;LANDOFE;LANDYMO;LANOPIL;LANOXIN;LOVATA,2,jaro_winkler;rapidfuzz_wratio,jaro_winkler:18;rapidfuzz_wratio:20,0.3333333333333333,0.8055555555555556,0.2727272727272727,0,fewer_than_three_supporting_sources;levenshtein_similarity_below_0_55;jaro_winkler_below_0_85,LANETAL,LANETAL;LANODO;LANDO;LANOMAX;LAMA;LANO CO;LANORO;LENALID;LANVIS;LANZOR;LANTANON;LANACLOR;LAFOLA;LAKTRA;LACTO;LANDOFE;LANDYMO;LANOPIL;LANOXIN;LOVATA,999,0,qwen25_vl_3b:427,qwen25_vl_3b,,0,6,3,2,1,LANETAL,0,1,P1,another_catalog_family_is_one_edit_closer;source_image_reference_missing,pending,0,0,0,0,0
REVIEW_BEFORE_SCORING,normalized_distance_above_0.60;another_catalog_name_at_least_2_edits_closer;expected_absent_from_all_retriever_top20_lists,0,algorithm_6_consensus_v1,ocr,f91d8d3151352bc3c247,CINNA PLUS,CINNAPLUS,MYOLAX,MYOLAX,development,extreme_distance_prediction,multi_edit_ocr_error,multi_edit_ocr_error,8,1.33333333,expected_family_outside_algorithm_6_top_20,Expected family absent from every selected retriever top-20 list,999,0,0,0,20,CINNAZIN,CINNAZIN;VISCOPLUS;CONTA FLU;CINNARIDONE;CINNARIZINE;CIALIS;ACNEBLESS;CINOLONE S;CINACALCET;CINIBRAL;BERNAPLEX;CIPRAPRO;CINARETAM;CHOLAFLUX;ACNEBLESS FACIAL CLEANSING FOAMING;ACNEBLESS FACIAL;L C PLUS ORAL DROPS 10 ML;C PLUS 30 TAB;MULTI GYN FLORAPLUS X;OCCUPLUS,0,,,0.0,0.0,0.0,0,absent_from_all_selected_source_top20_lists,CINNAZIN,CINNAZIN;VISCOPLUS;CONTA FLU;CINNARIDONE;CINNARIZINE;CIALIS;ACNEBLESS;CINOLONE S;CINACALCET;CINIBRAL;BERNAPLEX;CIPRAPRO;CINARETAM;CHOLAFLUX;ACNEBLESS FACIAL CLEANSING FOAMING;ACNEBLESS FACIAL;L C PLUS ORAL DROPS 10 ML;C PLUS 30 TAB;MULTI GYN FLORAPLUS X;OCCUPLUS,999,0,qwen25_vl_3b:448,qwen25_vl_3b,,0,9,8,4,4,CIALIS; CINNAZIN; CONTA FLU; VISCOPLUS,0,0,P0,another_catalog_family_is_at_least_two_edits_closer;extreme_normalized_distance_above_0_60;expected_absent_from_selected_candidate_union;expected_absent_from_all_measured_top20_lists;source_image_reference_missing,pending,0,0,1,1,1
REVIEW_BEFORE_SCORING,another_catalog_name_at_least_2_edits_closer,0,algorithm_6_consensus_v1,ocr,30825d51ebbe31ce5881,INDOCIN,INDOCIN,INDERAL,INDERAL,holdout,high_distance_prediction,multi_edit_ocr_error,multi_edit_ocr_error,4,0.57142857,expected_family_outside_algorithm_6_top_20,Expected family was retrieved externally but failed consensus gate: fewer_than_three_supporting_sources;levenshtein_similarity_below_0_55;jaro_winkler_below_0_85,999,0,0,0,20,INDACIN,INDACIN;INDOCID;INDOMIN;SENDOCIN;INDOMETHACIN;INDOLOL;INDACTOVEN;ENTOCID *;LINCOCIN;INNOGEN;INFITIN;INHERIN;INTROPIN;ENDOXAN;ENDO COUGH;VENDOCID;EDICIN;BANEOCIN;CIPROCIN;ZISROCIN,1,nysiis,nysiis:19,0.4285714285714286,0.6190476190476191,0.3636363636363636,0,fewer_than_three_supporting_sources;levenshtein_similarity_below_0_55;jaro_winkler_below_0_85,INDACIN,INDACIN;INDOCID;INDOMIN;SENDOCIN;INDOMETHACIN;INDOLOL;INDACTOVEN;ENTOCID *;LINCOCIN;INNOGEN;INFITIN;INHERIN;INTROPIN;ENDOXAN;ENDO COUGH;VENDOCID;EDICIN;BANEOCIN;CIPROCIN;ZISROCIN,999,0,qwen25_vl_7b:488,qwen25_vl_7b,,0,7,4,1,3,INDACIN; INDOCID; INDOMIN,0,1,P0,another_catalog_family_is_at_least_two_edits_closer;source_image_reference_missing,pending,0,0,0,1,0
REVIEW_BEFORE_SCORING,normalized_distance_above_0.60;another_catalog_name_at_least_2_edits_closer;expected_absent_from_all_retriever_top20_lists,0,algorithm_6_consensus_v1,ocr,764f381c0eb6877d2696,CINAMA PLUS,CINAMAPLUS,MYOLAX,MYOLAX,development,extreme_distance_prediction,multi_edit_ocr_error,multi_edit_ocr_error,8,1.33333333,expected_family_outside_algorithm_6_top_20,Expected family absent from every selected retriever top-20 list,999,0,0,0,20,CINACALCET,CINACALCET;CINARETAM;CINOLONE S;VISCOPLUS;CINNAZIN;CINIBRAL;CONAZOGLOB;CANEMAZOLE;L C PLUS ORAL DROPS 10 ML;C PLUS 30 TAB;RENU MULTIPLUS;OCCUPLUS;URSOPLUS;MULTI GYN FLORAPLUS X;LIMITLESS JOINT AVOPLUS;VISCOPLUS MATRIX;FEMINALOPRAM CAPLETS;CONTRAPLAN II;CETAL SINUS CAPLETS;EXCEDRIN P M CAPLETS N A,0,,,0.0,0.0,0.0,0,absent_from_all_selected_source_top20_lists,CINACALCET,CINACALCET;CINARETAM;CINOLONE S;VISCOPLUS;CINNAZIN;CINIBRAL;CONAZOGLOB;CANEMAZOLE;L C PLUS ORAL DROPS 10 ML;C PLUS 30 TAB;RENU MULTIPLUS;OCCUPLUS;URSOPLUS;MULTI GYN FLORAPLUS X;LIMITLESS JOINT AVOPLUS;VISCOPLUS MATRIX;FEMINALOPRAM CAPLETS;CONTRAPLAN II;CETAL SINUS CAPLETS;EXCEDRIN P M CAPLETS N A,999,0,qwen25_vl_7b:484,qwen25_vl_7b,,0,10,8,5,3,AMAGLUST; CIALIS; CINACALCET; CONMALA; CONTA FLU,0,0,P0,another_catalog_family_is_at_least_two_edits_closer;extreme_normalized_distance_above_0_60;expected_absent_from_selected_candidate_union;expected_absent_from_all_measured_top20_lists;source_image_reference_missing,pending,0,0,1,1,1
REVIEW_BEFORE_SCORING,normalized_distance_above_0.60;another_catalog_name_at_least_2_edits_closer;expected_absent_from_all_retriever_top20_lists,0,algorithm_6_consensus_v1,ocr,9f7a8b65959a2859d6d4,RIVASTIGMINE,RIVASTIGMINE,RIVOTRIL,RIVOTRIL,development,extreme_distance_prediction,multi_edit_ocr_error,multi_edit_ocr_error,7,0.875,expected_family_outside_algorithm_6_top_20,Expected family absent from every selected retriever top-20 list,999,0,0,0,20,UNIRIVASTIGMINE,UNIRIVASTIGMINE;RIVASTIG;ADCOSTIGMINE;NEOSTIGMINE;AMOSTIGMINE;SIMVASTIMIBE;ROLAXIMINE;EPISTIGMIN;EVASTINE;RESVESTILBENE;RIVAROSPIRE;BILASTIGEC;ROGITAMINE;RIVADON HAIR;RASTIGLO;RIVAMASH;RIVAMEP;RAMATRIZINE;RIMACTAZIDE;ROTACYSTEINE,0,,,0.0,0.0,0.0,0,absent_from_all_selected_source_top20_lists,UNIRIVASTIGMINE,UNIRIVASTIGMINE;RIVASTIG;ADCOSTIGMINE;NEOSTIGMINE;AMOSTIGMINE;SIMVASTIMIBE;ROLAXIMINE;EPISTIGMIN;EVASTINE;RESVESTILBENE;RIVAROSPIRE;BILASTIGEC;ROGITAMINE;RIVADON HAIR;RASTIGLO;RIVAMASH;RIVAMEP;RAMATRIZINE;RIMACTAZIDE;ROTACYSTEINE,999,0,qwen25_vl_7b:482,qwen25_vl_7b,,0,12,7,3,4,UNIRIVASTIGMINE,0,0,P0,another_catalog_family_is_at_least_two_edits_closer;extreme_normalized_distance_above_0_60;expected_absent_from_selected_candidate_union;expected_absent_from_all_measured_top20_lists;source_image_reference_missing,pending,0,0,1,1,1
REVIEW_BEFORE_SCORING,expected_absent_from_all_retriever_top20_lists,0,algorithm_6_consensus_v1,ocr,a61671c6e92fbc57f8c6,LANHA,LANHA,LANTUS,LANTUSCARTRIDGES;LANTUSSOLOSTARPENS,holdout,high_distance_prediction,two_or_three_edit_ocr_error,two_or_three_edit_ocr_error,3,0.5,expected_family_outside_algorithm_6_top_20,Expected family absent from every selected retriever top-20 list,999,0,0,0,20,LAMA,LAMA;LANDO;LAVA;LANTHAREX;BLANCHE;BLANKA;OLANZA;LANO CO;LANODO;LANORO;LANVIS;LANETAL;LANOMAX;RASHA;LANZOR;GLINTA;LENTRA;LANTANON;LAREEN HAIR;LEMAH,0,,,0.0,0.0,0.0,0,absent_from_all_selected_source_top20_lists,LAMA,LAMA;LANDO;LAVA;LANTHAREX;BLANCHE;BLANKA;OLANZA;LANO CO;LANODO;LANORO;LANVIS;LANETAL;LANOMAX;RASHA;LANZOR;GLINTA;LENTRA;LANTANON;LAREEN HAIR;LEMAH,999,0,qwen25_vl_7b:472,qwen25_vl_7b,,0,5,3,2,1,AZHA; BLANKA; HANZA; LAMA; LANDO,0,0,P0,another_catalog_family_is_one_edit_closer;expected_absent_from_selected_candidate_union;expected_absent_from_all_measured_top20_lists;source_image_reference_missing,pending,0,0,0,0,1
REVIEW_BEFORE_SCORING,normalized_distance_above_0.60;expected_absent_from_all_retriever_top20_lists,0,algorithm_6_consensus_v1,ocr,3b5bd48fbf6e93c3576a,7000,7000,TOCO,TOCO,development,extreme_distance_prediction,multi_edit_ocr_error,multi_edit_ocr_error,4,1.0,expected_family_outside_algorithm_6_top_20,Expected family absent from every selected retriever top-20 list,999,0,0,0,13,EPIAO 4000I,EPIAO 4000I;EPIAO 10000I;XIR D310000IU;COLIMEX 50000I;NOCANDIDA 000I;HYPOTEARS 1000I;FUNGISTATIN 000I;HOFFLASE 3000ALU;EPOTIN JULPHAR 2000I;MEDIPHA B12 1000MIG ODF;PROCAINE PENICILLIN 000I;DIPHTHERIA ANTITOXIN 10000I;TAUROLOCK U25000 CATHETER LOCK,0,,,0.0,0.0,0.0,0,absent_from_all_selected_source_top20_lists,EPIAO 4000I,EPIAO 4000I;EPIAO 10000I;XIR D310000IU;COLIMEX 50000I;NOCANDIDA 000I;HYPOTEARS 1000I;FUNGISTATIN 000I;HOFFLASE 3000ALU;EPOTIN JULPHAR 2000I;MEDIPHA B12 1000MIG ODF;PROCAINE PENICILLIN 000I;DIPHTHERIA ANTITOXIN 10000I;TAUROLOCK U25000 CATHETER LOCK,999,0,qwen3_vl_4b:520,qwen3_vl_4b,,0,4,4,4,0,2HC T; A1; ACC; ACIK; ACRO,0,0,P0,extreme_normalized_distance_above_0_60;expected_absent_from_selected_candidate_union;expected_absent_from_all_measured_top20_lists;source_image_reference_missing,pending,0,0,1,0,1
REVIEW_BEFORE_SCORING,normalized_distance_above_0.60;another_catalog_name_at_least_2_edits_closer;expected_absent_from_all_retriever_top20_lists,0,algorithm_6_consensus_v1,ocr,5e55832ba8de4687be81,CINAAM PLUS,CINAAMPLUS,MYOLAX,MYOLAX,development,extreme_distance_prediction,multi_edit_ocr_error,multi_edit_ocr_error,9,1.5,expected_family_outside_algorithm_6_top_20,Expected family absent from every selected retriever top-20 list,999,0,0,0,20,CINACALCET,CINACALCET;CINARETAM;CINOLONE S;VISCOPLUS;CINNAZIN;CINIBRAL;CIPRAMALINE;CONAZOGLOB;L C PLUS ORAL DROPS 10 ML;C PLUS 30 TAB;OCCUPLUS;URSOPLUS;RENU MULTIPLUS;LIMITLESS JOINT AVOPLUS;MULTI GYN FLORAPLUS X;VISCOPLUS MATRIX;ALPECIN ANTI DANDRUFF;CLINDACIN ADCO;AMIKACIN AMOUN;GENTAMICIN ALEX,0,,,0.0,0.0,0.0,0,absent_from_all_selected_source_top20_lists,CINACALCET,CINACALCET;CINARETAM;CINOLONE S;VISCOPLUS;CINNAZIN;CINIBRAL;CIPRAMALINE;CONAZOGLOB;L C PLUS ORAL DROPS 10 ML;C PLUS 30 TAB;OCCUPLUS;URSOPLUS;RENU MULTIPLUS;LIMITLESS JOINT AVOPLUS;MULTI GYN FLORAPLUS X;VISCOPLUS MATRIX;ALPECIN ANTI DANDRUFF;CLINDACIN ADCO;AMIKACIN AMOUN;GENTAMICIN ALEX,999,0,qwen3_vl_4b:526,qwen3_vl_4b,,0,10,9,5,4,CIALIS; CONTA FLU; VISCOPLUS,0,0,P0,another_catalog_family_is_at_least_two_edits_closer;extreme_normalized_distance_above_0_60;expected_absent_from_selected_candidate_union;expected_absent_from_all_measured_top20_lists;source_image_reference_missing,pending,0,0,1,1,1
REVIEW_BEFORE_SCORING,another_catalog_name_at_least_2_edits_closer,0,algorithm_6_consensus_v1,ocr,bcb914cdd8149400cb27,PETAWOLIN,PETAWOLIN,PETHIDINE,PETHIDINE,development,high_distance_prediction,multi_edit_ocr_error,multi_edit_ocr_error,5,0.55555556,expected_family_outside_algorithm_6_top_20,Expected family was retrieved externally but failed consensus gate: fewer_than_three_supporting_sources;levenshtein_similarity_below_0_55;jaro_winkler_below_0_85,999,0,0,0,20,PATADOLINE,PATADOLINE;KETOROLIN;PENTAMOLFIN;BENDAFOLIN;ZYMA COLIN;OPTIZOLIN;JERDAZOLIN;BETAFUCIN;CITROLIN;CITICOLINE;LETRACITOLIN;BETAXOLOL;BETASALIC;PENTA OIL;BUTAWIN;METAXALON;BETACIN;ZETAZOLEX;BUTALIN;PENTAGLOBIN,2,match_rating;nysiis,match_rating:18;nysiis:6,0.4444444444444444,0.7925925925925926,0.375,0,fewer_than_three_supporting_sources;levenshtein_similarity_below_0_55;jaro_winkler_below_0_85,PATADOLINE,PATADOLINE;KETOROLIN;PENTAMOLFIN;BENDAFOLIN;ZYMA COLIN;OPTIZOLIN;JERDAZOLIN;BETAFUCIN;CITROLIN;CITICOLINE;LETRACITOLIN;BETAXOLOL;BETASALIC;PENTA OIL;BUTAWIN;METAXALON;BETACIN;ZETAZOLEX;BUTALIN;PENTALMIN,999,1,qwen3_vl_4b:503,qwen3_vl_4b,,0,9,5,3,2,KETOROLIN; PATADOLINE; PENTAMOLFIN,0,1,P0,another_catalog_family_is_at_least_two_edits_closer;source_image_reference_missing,pending,0,0,0,1,0
REVIEW_BEFORE_SCORING,normalized_distance_above_0.60;another_catalog_name_at_least_2_edits_closer;expected_absent_from_all_retriever_top20_lists,0,algorithm_6_consensus_v1,ocr,1243fa6f272b622b6ef2,AYDANCE,AYDANCE,RIVO,RIVO,development,extreme_distance_prediction,multi_edit_ocr_error,multi_edit_ocr_error,7,1.75,expected_family_outside_algorithm_6_top_20,Expected family absent from every selected retriever top-20 list,999,0,0,0,20,ADVANCE,ADVANCE;ADANCOR;RADIANCE;JARDIANCE;TADAMANCE;ALLIANCE;IBRANCE;AZI ONCE;DANICA;VIDANE;OTA NICE;DIAVANCE;JACOMANCE;POLYVANCE;DINACER;ADANT;ADVANCRIB;MILGA ADVANCE;UTOVANCE;VANCE,0,,,0.0,0.0,0.0,0,absent_from_all_selected_source_top20_lists,ADVANCE,ADVANCE;ADANCOR;RADIANCE;JARDIANCE;TADAMANCE;ALLIANCE;IBRANCE;AZI ONCE;DANICA;VIDANE;OTA NICE;DIAVANCE;JACOMANCE;POLYVANCE;DINACER;ADANT;ADVANCRIB;MILGA ADVANCE;UTOVANCE;VANCE,999,0,qwen3_vl_8b:561,qwen3_vl_8b,,0,7,7,2,5,ADVANCE,0,0,P0,another_catalog_family_is_at_least_two_edits_closer;extreme_normalized_distance_above_0_60;expected_absent_from_selected_candidate_union;expected_absent_from_all_measured_top20_lists;source_image_reference_missing,pending,0,0,1,1,1
REVIEW_BEFORE_SCORING,another_catalog_name_at_least_2_edits_closer;expected_absent_from_all_retriever_top20_lists,0,algorithm_6_consensus_v1,ocr,351e4b032aa0cb06d9c2,PICOFIL,PICOFIL,RIVOTRIL,RIVOTRIL,development,high_distance_prediction,multi_edit_ocr_error,multi_edit_ocr_error,4,0.5,expected_family_outside_algorithm_6_top_20,Expected family absent from every selected retriever top-20 list,999,0,0,0,20,PACIFIAL,PACIFIAL;PICO FOOT;PICOLAX;BEMOFIL;EPICOTIL;VIGAFIL;PIROVIT;RECOFOL;BIOFILM;EPICOGEL;MICONOL;HICONCIL;EPICOFLOCIN;PIROVE;PICASTO;PICOPREP SOLN;ISOFILL;TRICOVEL;PIXIFIRM;PIMOZIDE,0,,,0.0,0.0,0.0,0,absent_from_all_selected_source_top20_lists,PACIFIAL,PACIFIAL;PICO FOOT;PICOLAX;BEMOFIL;EPICOTIL;VIGAFIL;PIROVIT;RECOFOL;BIOFILM;EPICOGEL;MICONOL;HICONCIL;EPICOFLOCIN;PIROVE;PICASTO;PICOPREP SOLN;ISOFILL;TRICOVEL;PIXIFIRM;PIMOZIDE,999,0,qwen3_vl_8b:533,qwen3_vl_8b,,0,7,4,2,2,EPICOTIL,0,0,P0,another_catalog_family_is_at_least_two_edits_closer;expected_absent_from_selected_candidate_union;expected_absent_from_all_measured_top20_lists;source_image_reference_missing,pending,0,0,0,1,1
REVIEW_BEFORE_SCORING,normalized_distance_above_0.60;another_catalog_name_at_least_2_edits_closer;expected_absent_from_all_retriever_top20_lists,0,algorithm_6_consensus_v1,ocr,a820466a03bedf35891c,RIVAFAXINE,RIVAFAXINE,RIVOTRIL,RIVOTRIL,development,extreme_distance_prediction,multi_edit_ocr_error,multi_edit_ocr_error,6,0.75,expected_family_outside_algorithm_6_top_20,Expected family absent from every selected retriever top-20 list,999,0,0,0,20,RELAXINE,RELAXINE;VENLAFAXINE;RIBAVARIN;RIFACTINE;RIVAFLOWVA;NAVIDOXINE;RIBAVIRIN;RAVEMANTINE;RIVAXARELT;ROLAXIMINE;RIVAROSPIRE;PRIMAFOXIN;RIVAXEL;RIVAMASH;ROWAPRAXIN;RIVASTIG;RAPIZAPINE;RIVABEDAX;ROGITAMINE;RIVAMEP,0,,,0.0,0.0,0.0,0,absent_from_all_selected_source_top20_lists,RELAXINE,RELAXINE;VENLAFAXINE;RIBAVARIN;RIFACTINE;RIVAFLOWVA;NAVIDOXINE;RIBAVIRIN;RAVEMANTINE;RIVAXARELT;ROLAXIMINE;RIVAROSPIRE;PRIMAFOXIN;RIVAXEL;RIVAMASH;ROWAPRAXIN;RIVASTIG;RAPIZAPINE;RIVABEDAX;ROGITAMINE;RIVAMEP,999,0,qwen3_vl_8b:556,qwen3_vl_8b,,0,10,6,4,2,LIVAMARIN; PRIMAFOXIN; RELAXINE; RIBAVARIN; RICFALIN,0,0,P0,another_catalog_family_is_at_least_two_edits_closer;extreme_normalized_distance_above_0_60;expected_absent_from_selected_candidate_union;expected_absent_from_all_measured_top20_lists;source_image_reference_missing,pending,0,0,1,1,1
REVIEW_BEFORE_SCORING,normalized_distance_above_0.60;another_catalog_name_at_least_2_edits_closer;expected_absent_from_all_retriever_top20_lists,0,algorithm_6_consensus_v1,ocr,ea430db175c269e59e44,LAETRILE,LAETRILE,LACTO,LACTO,development,extreme_distance_prediction,multi_edit_ocr_error,multi_edit_ocr_error,5,1.0,expected_family_outside_algorithm_6_top_20,Expected family absent from every selected retriever top-20 list,999,0,0,0,20,LAMOTRINE,LAMOTRINE;LICTRILIT;LETROZOLE;LACTOLINE;LATEPIU;LETRIDONE;VALGESTRIL;DEETRIO;AMOTRIL;ZESTRIL;LACTOFLY;LAMIDINE;LAEVOLAC;ALERTIN;LETROZOL;LACTODEL;LACIPIL;LAMISIL;LANOPIL;LAVERIN,0,,,0.0,0.0,0.0,0,absent_from_all_selected_source_top20_lists,LAMOTRINE,LAMOTRINE;LICTRILIT;LETROZOLE;LACTOLINE;LATEPIU;LETRIDONE;VALGESTRIL;DEETRIO;AMOTRIL;ZESTRIL;LACTOFLY;LAMIDINE;LAEVOLAC;ALERTIN;LETROZOL;LACTODEL;LACIPIL;LAMISIL;LANOPIL;LAVERIN,999,0,qwen3_vl_8b:537,qwen3_vl_8b,,0,8,5,3,2,FASTRINE; LAMOTRINE,0,0,P0,another_catalog_family_is_at_least_two_edits_closer;extreme_normalized_distance_above_0_60;expected_absent_from_selected_candidate_union;expected_absent_from_all_measured_top20_lists;source_image_reference_missing,pending,0,0,1,1,1
RETAIN_AS_VALID_HARD_CASE,hard_but_textually_supported_case,0,algorithm_6_consensus_v1,ocr,027aefb531f56e8c57f8,ABASCOLOGY,ABASCOLOGY,ABASAGLAR,ABASAGLARCARTRIDGES;ABASAGLARKWIKPENPENS,development,high_distance_prediction,multi_edit_ocr_error,multi_edit_ocr_error,5,0.55555556,expected_family_outside_algorithm_6_top_20,Expected family was retrieved externally but failed consensus gate: fewer_than_three_supporting_sources;levenshtein_similarity_below_0_55;jaro_winkler_below_0_85,999,0,0,0,20,SPASCOLON,SPASCOLON;PASCOLAR;ANARCOL;ORASCOOP;ABC OMEGA;ARTICULAGE;AQUA COLLO;BASEBONE;EBA SOFT;EBASTEL;EBASTINE BORG;BASKINTA;EPILOG;BASTAB;FOGY;GIFLOG;IDROFLOG;SEBASLEEP;TRICHOGYL;TRICOGYN,2,match_rating;soundex,match_rating:1;soundex:6,0.3157894736842105,0.6418546365914787,0.2307692307692307,0,fewer_than_three_supporting_sources;levenshtein_similarity_below_0_55;jaro_winkler_below_0_85,SPASCOLON,SPASCOLON;PASCOLAR;ANARCOL;ORASCOOP;ABC OMEGA;ARTICULAGE;AQUA COLLO;BASEBONE;EBA SOFT;EBASTEL;EBASTINE BORG;BASKINTA;EPILOG;BASTAB;FOGY;GIFLOG;IDROFLOG;SEBASLEEP;TRICHOGYL;TRICOGYN,999,0,trocr:585,trocr,,0,10,5,4,1,SPASCOLON,0,1,P1,another_catalog_family_is_one_edit_closer;source_image_reference_missing,pending,0,0,0,0,0
REVIEW_BEFORE_SCORING,normalized_distance_above_0.60;another_catalog_name_at_least_2_edits_closer;expected_absent_from_all_retriever_top20_lists,0,algorithm_6_consensus_v1,ocr,743df02cf9f96ab2c9ae,VIIGAMP,VIIGAMP,VIGOREX,VIGOREX,holdout,extreme_distance_prediction,multi_edit_ocr_error,multi_edit_ocr_error,5,0.71428571,expected_family_outside_algorithm_6_top_20,Expected family absent from every selected retriever top-20 list,999,0,0,0,20,VIGAM S,VIGAM S;VIGAM LIQUID;VIGAMOX;TETAGAM P;VILGAT;VIAVAG;EPICOMB;VIGORAMA;VIMODAME;VITA CAMO;VITAYAMI;VIHAAN;VIXADEP;VIGOGAR;VIAGRA;VISTAVA;VIREAD;VISCAL;LIV GAMMA;MILGA MAX,0,,,0.0,0.0,0.0,0,absent_from_all_selected_source_top20_lists,VIGAM S,VIGAM S;VIGAM LIQUID;VIGAMOX;TETAGAM P;VILGAT;VIAVAG;EPICOMB;VIGORAMA;VIMODAME;VITA CAMO;VITAYAMI;VIHAAN;VIXADEP;VIGOGAR;VIAGRA;VISTAVA;VIREAD;VISCAL;LIV GAMMA;MILGA MAX,999,0,trocr:567,trocr,,0,7,5,2,3,VIGAM S,0,0,P0,another_catalog_family_is_at_least_two_edits_closer;extreme_normalized_distance_above_0_60;expected_absent_from_selected_candidate_union;expected_absent_from_all_measured_top20_lists;source_image_reference_missing,pending,0,0,1,1,1
RETAIN_AS_VALID_HARD_CASE,hard_but_textually_supported_case,0,algorithm_6_consensus_v1,ocr,ec2abead4d06b33bb1df,LORRIX,LORRIX,LASIX,LASIX,development,high_distance_prediction,two_or_three_edit_ocr_error,two_or_three_edit_ocr_error,3,0.6,expected_family_outside_algorithm_6_top_20,Expected family was retrieved externally but failed consensus gate: fewer_than_three_supporting_sources;levenshtein_similarity_below_0_55;jaro_winkler_below_0_85,999,0,0,0,20,LORNOX,LORNOX;LORRAINE;FLUARIX;LERAMIX;LORA;NU TRIX;LOMEX;NORMIX;FLORADIX;ALLEREX;LORIN D;LORINE;LORAL;LORAZ;FLORAX;LORANO;LOPRAL;LORBRENA;LOWLIP;LORNICAM,2,match_rating;nysiis,match_rating:12;nysiis:8,0.5,0.7300000000000001,0.2222222222222222,0,fewer_than_three_supporting_sources;levenshtein_similarity_below_0_55;jaro_winkler_below_0_85,LORNOX,LORNOX;LORRAINE;FLUARIX;LERAMIX;LORA;NU TRIX;LOMEX;NORMIX;FLORADIX;ALLEREX;LORIN D;LORINE;LORAL;LORAZ;FLORAX;LORANO;LOPRAL;LORBRENA;LOWLIP;LORNICAM,999,0,trocr:576,trocr,,0,6,3,2,1,LORNOX; NORMIX,0,1,P1,another_catalog_family_is_one_edit_closer;source_image_reference_missing,pending,0,0,0,0,0
