dataset,split,configuration,cases,hit_at_1,hit_at_5,hit_at_20,mrr_at_20,outside_top_20,ablation_scope,removed_component,component_definition,ablation_level,paired_hit_at_1_gains,paired_hit_at_1_losses,paired_hit_at_20_gains,paired_hit_at_20_losses,example_effect,example_input,example_expected,example_reference_rank,example_ablation_rank
ocr,all,algorithm_6_full,464,0.5043103448275862,0.6357758620689655,0.7327586206896551,0.5624167157920962,124,,,,,,,,,,,,,
ocr,development,algorithm_6_full,371,0.5094339622641509,0.6253369272237197,0.7169811320754716,0.560125493659662,105,,,,,,,,,,,,,
ocr,holdout,algorithm_6_full,93,0.4838709677419355,0.6774193548387096,0.7956989247311828,0.5715569675247093,19,,,,,,,,,,,,,
ocr,all,algorithm_5_reference,464,0.5043103448275862,0.6357758620689655,0.728448275862069,0.5622011985507168,126,,,,,,,,,,,,,
ocr,development,algorithm_5_reference,371,0.5094339622641509,0.6253369272237197,0.7115902964959568,0.5598559518806863,107,,,,,,,,,,,,,
ocr,holdout,algorithm_5_reference,93,0.4838709677419355,0.6774193548387096,0.7956989247311828,0.5715569675247093,19,,,,,,,,,,,,,
ocr,all,exploratory_with_rank_1_consensus_gate,464,0.5107758620689655,0.6357758620689655,0.7327586206896551,0.5660086698150846,124,,,,,,,,,,,,,
ocr,development,exploratory_with_rank_1_consensus_gate,371,0.5175202156334232,0.6253369272237197,0.7169811320754716,0.564617856642591,105,,,,,,,,,,,,,
ocr,holdout,exploratory_with_rank_1_consensus_gate,93,0.4838709677419355,0.6774193548387096,0.7956989247311828,0.5715569675247093,19,,,,,,,,,,,,,
ocr,all,without_top_20_consensus_slot,464,0.5043103448275862,0.6357758620689655,0.728448275862069,0.5622011985507168,126,,,,,,,,,,,,,
ocr,development,without_top_20_consensus_slot,371,0.5094339622641509,0.6253369272237197,0.7115902964959568,0.5598559518806863,107,,,,,,,,,,,,,
ocr,holdout,without_top_20_consensus_slot,93,0.4838709677419355,0.6774193548387096,0.7956989247311828,0.5715569675247093,19,,,,,,,,,,,,,
ocr,all,without_jaro_winkler,464,0.5043103448275862,0.6357758620689655,0.7306034482758621,0.5623089571714065,125,,,,,,,,,,,,,
ocr,development,without_jaro_winkler,371,0.5094339622641509,0.6253369272237197,0.7142857142857143,0.5599907227701741,106,,,,,,,,,,,,,
ocr,holdout,without_jaro_winkler,93,0.4838709677419355,0.6774193548387096,0.7956989247311828,0.5715569675247093,19,,,,,,,,,,,,,
ocr,all,without_match_rating,464,0.5043103448275862,0.6357758620689655,0.7327586206896551,0.5624167157920962,124,,,,,,,,,,,,,
ocr,development,without_match_rating,371,0.5094339622641509,0.6253369272237197,0.7169811320754716,0.560125493659662,105,,,,,,,,,,,,,
ocr,holdout,without_match_rating,93,0.4838709677419355,0.6774193548387096,0.7956989247311828,0.5715569675247093,19,,,,,,,,,,,,,
ocr,all,without_rapidfuzz_wratio,464,0.5043103448275862,0.6357758620689655,0.7327586206896551,0.5624167157920962,124,,,,,,,,,,,,,
ocr,development,without_rapidfuzz_wratio,371,0.5094339622641509,0.6253369272237197,0.7169811320754716,0.560125493659662,105,,,,,,,,,,,,,
ocr,holdout,without_rapidfuzz_wratio,93,0.4838709677419355,0.6774193548387096,0.7956989247311828,0.5715569675247093,19,,,,,,,,,,,,,
ocr,all,without_nysiis,464,0.5043103448275862,0.6357758620689655,0.7327586206896551,0.5624167157920962,124,,,,,,,,,,,,,
ocr,development,without_nysiis,371,0.5094339622641509,0.6253369272237197,0.7169811320754716,0.560125493659662,105,,,,,,,,,,,,,
ocr,holdout,without_nysiis,93,0.4838709677419355,0.6774193548387096,0.7956989247311828,0.5715569675247093,19,,,,,,,,,,,,,
ocr,all,without_bm25_plus_char3,464,0.5043103448275862,0.6357758620689655,0.7306034482758621,0.5623089571714065,125,,,,,,,,,,,,,
ocr,development,without_bm25_plus_char3,371,0.5094339622641509,0.6253369272237197,0.7142857142857143,0.5599907227701741,106,,,,,,,,,,,,,
ocr,holdout,without_bm25_plus_char3,93,0.4838709677419355,0.6774193548387096,0.7956989247311828,0.5715569675247093,19,,,,,,,,,,,,,
ocr,all,without_symspell_uniform_ed3,464,0.5043103448275862,0.6357758620689655,0.7327586206896551,0.5624167157920962,124,,,,,,,,,,,,,
ocr,development,without_symspell_uniform_ed3,371,0.5094339622641509,0.6253369272237197,0.7169811320754716,0.560125493659662,105,,,,,,,,,,,,,
ocr,holdout,without_symspell_uniform_ed3,93,0.4838709677419355,0.6774193548387096,0.7956989247311828,0.5715569675247093,19,,,,,,,,,,,,,
ocr,all,without_rapidfuzz_token_sort,464,0.5043103448275862,0.6357758620689655,0.7306034482758621,0.5623089571714065,125,,,,,,,,,,,,,
ocr,development,without_rapidfuzz_token_sort,371,0.5094339622641509,0.6253369272237197,0.7142857142857143,0.5599907227701741,106,,,,,,,,,,,,,
ocr,holdout,without_rapidfuzz_token_sort,93,0.4838709677419355,0.6774193548387096,0.7956989247311828,0.5715569675247093,19,,,,,,,,,,,,,
ocr,all,without_soundex,464,0.5043103448275862,0.6357758620689655,0.7327586206896551,0.5624167157920962,124,,,,,,,,,,,,,
ocr,development,without_soundex,371,0.5094339622641509,0.6253369272237197,0.7169811320754716,0.560125493659662,105,,,,,,,,,,,,,
ocr,holdout,without_soundex,93,0.4838709677419355,0.6774193548387096,0.7956989247311828,0.5715569675247093,19,,,,,,,,,,,,,
ocr,all,without_dice_char2,464,0.5043103448275862,0.6357758620689655,0.7306034482758621,0.5623089571714065,125,,,,,,,,,,,,,
ocr,development,without_dice_char2,371,0.5094339622641509,0.6253369272237197,0.7142857142857143,0.5599907227701741,106,,,,,,,,,,,,,
ocr,holdout,without_dice_char2,93,0.4838709677419355,0.6774193548387096,0.7956989247311828,0.5715569675247093,19,,,,,,,,,,,,,
synthetic,all,algorithm_6_full,66257,0.9818887060989784,0.9965286686689708,0.9999849072550824,0.9884128043253494,1,,,,,,,,,,,,,
synthetic,development,algorithm_6_full,52906,0.9819302158545344,0.9965599364911352,0.9999810985521492,0.9884662926884284,1,,,,,,,,,,,,,
synthetic,holdout,algorithm_6_full,13351,0.9817242154145756,0.9964047636881131,1.0,0.988200846019824,0,,,,,,,,,,,,,
synthetic,all,algorithm_5_reference,66257,0.9818887060989784,0.9965286686689708,0.9999849072550824,0.9884128043253494,1,,,,,,,,,,,,,
synthetic,development,algorithm_5_reference,52906,0.9819302158545344,0.9965599364911352,0.9999810985521492,0.9884662926884284,1,,,,,,,,,,,,,
synthetic,holdout,algorithm_5_reference,13351,0.9817242154145756,0.9964047636881131,1.0,0.988200846019824,0,,,,,,,,,,,,,
synthetic,all,exploratory_with_rank_1_consensus_gate,66257,0.9802134114131336,0.9965286686689708,0.9999849072550824,0.9875726415249408,1,,,,,,,,,,,,,
synthetic,development,exploratory_with_rank_1_consensus_gate,52906,0.9804748043700148,0.9965599364911352,0.9999810985521492,0.9877354367048602,1,,,,,,,,,,,,,
synthetic,holdout,exploratory_with_rank_1_consensus_gate,13351,0.979177589693656,0.9964047636881131,1.0,0.9869275331593642,0,,,,,,,,,,,,,
synthetic,all,without_top_20_consensus_slot,66257,0.9818887060989784,0.9965286686689708,0.9999849072550824,0.9884128043253494,1,,,,,,,,,,,,,
synthetic,development,without_top_20_consensus_slot,52906,0.9819302158545344,0.9965599364911352,0.9999810985521492,0.9884662926884284,1,,,,,,,,,,,,,
synthetic,holdout,without_top_20_consensus_slot,13351,0.9817242154145756,0.9964047636881131,1.0,0.988200846019824,0,,,,,,,,,,,,,
synthetic,all,without_jaro_winkler,66257,0.9818887060989784,0.9965286686689708,0.9999849072550824,0.9884128043253494,1,,,,,,,,,,,,,
synthetic,development,without_jaro_winkler,52906,0.9819302158545344,0.9965599364911352,0.9999810985521492,0.9884662926884284,1,,,,,,,,,,,,,
synthetic,holdout,without_jaro_winkler,13351,0.9817242154145756,0.9964047636881131,1.0,0.988200846019824,0,,,,,,,,,,,,,
synthetic,all,without_match_rating,66257,0.9818887060989784,0.9965286686689708,0.9999849072550824,0.9884128043253494,1,,,,,,,,,,,,,
synthetic,development,without_match_rating,52906,0.9819302158545344,0.9965599364911352,0.9999810985521492,0.9884662926884284,1,,,,,,,,,,,,,
synthetic,holdout,without_match_rating,13351,0.9817242154145756,0.9964047636881131,1.0,0.988200846019824,0,,,,,,,,,,,,,
synthetic,all,without_rapidfuzz_wratio,66257,0.9818887060989784,0.9965286686689708,0.9999849072550824,0.9884128043253494,1,,,,,,,,,,,,,
synthetic,development,without_rapidfuzz_wratio,52906,0.9819302158545344,0.9965599364911352,0.9999810985521492,0.9884662926884284,1,,,,,,,,,,,,,
synthetic,holdout,without_rapidfuzz_wratio,13351,0.9817242154145756,0.9964047636881131,1.0,0.988200846019824,0,,,,,,,,,,,,,
synthetic,all,without_nysiis,66257,0.9818887060989784,0.9965286686689708,0.9999849072550824,0.9884128043253494,1,,,,,,,,,,,,,
synthetic,development,without_nysiis,52906,0.9819302158545344,0.9965599364911352,0.9999810985521492,0.9884662926884284,1,,,,,,,,,,,,,
synthetic,holdout,without_nysiis,13351,0.9817242154145756,0.9964047636881131,1.0,0.988200846019824,0,,,,,,,,,,,,,
synthetic,all,without_bm25_plus_char3,66257,0.9818887060989784,0.9965286686689708,0.9999849072550824,0.9884128043253494,1,,,,,,,,,,,,,
synthetic,development,without_bm25_plus_char3,52906,0.9819302158545344,0.9965599364911352,0.9999810985521492,0.9884662926884284,1,,,,,,,,,,,,,
synthetic,holdout,without_bm25_plus_char3,13351,0.9817242154145756,0.9964047636881131,1.0,0.988200846019824,0,,,,,,,,,,,,,
synthetic,all,without_symspell_uniform_ed3,66257,0.9818887060989784,0.9965286686689708,0.9999849072550824,0.9884128043253494,1,,,,,,,,,,,,,
synthetic,development,without_symspell_uniform_ed3,52906,0.9819302158545344,0.9965599364911352,0.9999810985521492,0.9884662926884284,1,,,,,,,,,,,,,
synthetic,holdout,without_symspell_uniform_ed3,13351,0.9817242154145756,0.9964047636881131,1.0,0.988200846019824,0,,,,,,,,,,,,,
synthetic,all,without_rapidfuzz_token_sort,66257,0.9818887060989784,0.9965286686689708,0.9999849072550824,0.9884128043253494,1,,,,,,,,,,,,,
synthetic,development,without_rapidfuzz_token_sort,52906,0.9819302158545344,0.9965599364911352,0.9999810985521492,0.9884662926884284,1,,,,,,,,,,,,,
synthetic,holdout,without_rapidfuzz_token_sort,13351,0.9817242154145756,0.9964047636881131,1.0,0.988200846019824,0,,,,,,,,,,,,,
synthetic,all,without_soundex,66257,0.9818887060989784,0.9965286686689708,0.9999849072550824,0.9884128043253494,1,,,,,,,,,,,,,
synthetic,development,without_soundex,52906,0.9819302158545344,0.9965599364911352,0.9999810985521492,0.9884662926884284,1,,,,,,,,,,,,,
synthetic,holdout,without_soundex,13351,0.9817242154145756,0.9964047636881131,1.0,0.988200846019824,0,,,,,,,,,,,,,
synthetic,all,without_dice_char2,66257,0.9818887060989784,0.9965286686689708,0.9999849072550824,0.9884128043253494,1,,,,,,,,,,,,,
synthetic,development,without_dice_char2,52906,0.9819302158545344,0.9965599364911352,0.9999810985521492,0.9884662926884284,1,,,,,,,,,,,,,
synthetic,holdout,without_dice_char2,13351,0.9817242154145756,0.9964047636881131,1.0,0.988200846019824,0,,,,,,,,,,,,,
ocr,all,algorithm_6_nested__without_all_multi_step_chain_rescue,464,0.5043103448275862,0.6379310344827587,0.7327586206896551,0.5627876750531416,124,nested_algorithm_5_component,all multi-step chains,Remove every Algorithm 5 multi-operation variant and exact-chain retrieval path.,retrieval,0.0,0.0,0.0,0.0,ranking_changed_without_top_k_change,H,RIVO,999,999
ocr,development,algorithm_6_nested__without_all_multi_step_chain_rescue,371,0.5094339622641509,0.628032345013477,0.7169811320754716,0.5603648245593702,105,nested_algorithm_5_component,all multi-step chains,Remove every Algorithm 5 multi-operation variant and exact-chain retrieval path.,retrieval,0.0,0.0,0.0,0.0,ranking_changed_without_top_k_change,H,RIVO,999,999
ocr,holdout,algorithm_6_nested__without_all_multi_step_chain_rescue,93,0.4838709677419355,0.6774193548387096,0.7956989247311828,0.5724530248723796,19,nested_algorithm_5_component,all multi-step chains,Remove every Algorithm 5 multi-operation variant and exact-chain retrieval path.,retrieval,0.0,0.0,0.0,0.0,ranking_changed_without_top_k_change,IJ6EK,VIGOREX,999,999
ocr,all,algorithm_6_nested__without_all_reranking,464,0.4051724137931034,0.5862068965517241,0.7068965517241379,0.4857731055727513,136,nested_algorithm_5_component,all reranking,Keep merged score order and remove Algorithm 5 top-rank corrections.,reranker,1.0,47.0,0.0,12.0,lost_hit_at_20,LANYU,LANTUS,2,999
ocr,development,algorithm_6_nested__without_all_reranking,371,0.40161725067385445,0.5849056603773585,0.6981132075471698,0.48346039365739696,112,nested_algorithm_5_component,all reranking,Keep merged score order and remove Algorithm 5 top-rank corrections.,reranker,0.0,40.0,0.0,7.0,lost_hit_at_20,ABRASAGLAR,ABASAGLAR,1,999
ocr,holdout,algorithm_6_nested__without_all_reranking,93,0.41935483870967744,0.5913978494623656,0.7419354838709677,0.49499908536411086,24,nested_algorithm_5_component,all reranking,Keep merged score order and remove Algorithm 5 top-rank corrections.,reranker,1.0,7.0,0.0,5.0,lost_hit_at_20,LANYU,LANTUS,2,999
ocr,all,algorithm_6_nested__without_candidate_pool_head_rerankers,464,0.4827586206896552,0.6142241379310345,0.7133620689655172,0.5416578110505261,133,nested_algorithm_5_component,candidate-pool/head rerankers,"Disable validated-head, short-visible-head, ordered-head, and candidate-pool head corrections.",reranker,0.0,10.0,0.0,9.0,lost_hit_at_20,LANYU,LANTUS,2,999
ocr,development,algorithm_6_nested__without_candidate_pool_head_rerankers,371,0.49056603773584906,0.6118598382749326,0.706199460916442,0.544885435372196,109,nested_algorithm_5_component,candidate-pool/head rerankers,"Disable validated-head, short-visible-head, ordered-head, and candidate-pool head corrections.",reranker,0.0,7.0,0.0,4.0,lost_hit_at_20,ABDUSONG LAR,ABASAGLAR,1,999
ocr,holdout,algorithm_6_nested__without_candidate_pool_head_rerankers,93,0.45161290322580644,0.6236559139784946,0.7419354838709677,0.5287820194017138,24,nested_algorithm_5_component,candidate-pool/head rerankers,"Disable validated-head, short-visible-head, ordered-head, and candidate-pool head corrections.",reranker,0.0,3.0,0.0,5.0,lost_hit_at_20,LANYU,LANTUS,2,999
ocr,all,algorithm_6_nested__without_chain_rerankers,464,0.5043103448275862,0.6357758620689655,0.7327586206896551,0.5624167157920962,124,nested_algorithm_5_component,multi-step-chain rerankers,Disable every exact-chain promotion after candidate retrieval.,reranker,0.0,0.0,0.0,0.0,ranking_changed_without_top_k_change,H,RIVO,999,999
ocr,development,algorithm_6_nested__without_chain_rerankers,371,0.5094339622641509,0.6253369272237197,0.7169811320754716,0.560125493659662,105,nested_algorithm_5_component,multi-step-chain rerankers,Disable every exact-chain promotion after candidate retrieval.,reranker,0.0,0.0,0.0,0.0,ranking_changed_without_top_k_change,H,RIVO,999,999
ocr,holdout,algorithm_6_nested__without_chain_rerankers,93,0.4838709677419355,0.6774193548387096,0.7956989247311828,0.5715569675247093,19,nested_algorithm_5_component,multi-step-chain rerankers,Disable every exact-chain promotion after candidate retrieval.,reranker,0.0,0.0,0.0,0.0,ranking_changed_without_top_k_change,IJ6EK,VIGOREX,999,999
ocr,all,algorithm_6_nested__without_character_evidence_rerankers,464,0.4892241379310345,0.6357758620689655,0.7327586206896551,0.5535086698150846,124,nested_algorithm_5_component,character-evidence rerankers,"Disable Pareto, positional, visual, skeleton, shifted-edge, and two-sided-anchor corrections.",reranker,0.0,7.0,0.0,0.0,lost_hit_at_1,RIVOFN2,RIVOTRIL,1,2
ocr,development,algorithm_6_nested__without_character_evidence_rerankers,371,0.49595687331536387,0.6253369272237197,0.7169811320754716,0.5524884765886827,105,nested_algorithm_5_component,character-evidence rerankers,"Disable Pareto, positional, visual, skeleton, shifted-edge, and two-sided-anchor corrections.",reranker,0.0,5.0,0.0,0.0,lost_hit_at_1,RIVOFN2,RIVOTRIL,1,2
ocr,holdout,algorithm_6_nested__without_character_evidence_rerankers,93,0.46236559139784944,0.6774193548387096,0.7956989247311828,0.5575784729010534,19,nested_algorithm_5_component,character-evidence rerankers,"Disable Pareto, positional, visual, skeleton, shifted-edge, and two-sided-anchor corrections.",reranker,0.0,2.0,0.0,0.0,lost_hit_at_1,CEFAXIME,CEFIXIME,1,2
ocr,all,algorithm_6_nested__without_confusable_first_character_expansion,464,0.5043103448275862,0.6379310344827587,0.7327586206896551,0.5626347209669977,124,nested_algorithm_5_component,first-character expansion,Remove first-character confusion expansion and plausibility matching.,retrieval,0.0,0.0,0.0,0.0,ranking_changed_without_top_k_change,H,RIVO,999,999
ocr,development,algorithm_6_nested__without_confusable_first_character_expansion,371,0.5094339622641509,0.628032345013477,0.7169811320754716,0.5603981470320459,105,nested_algorithm_5_component,first-character expansion,Remove first-character confusion expansion and plausibility matching.,retrieval,0.0,0.0,0.0,0.0,ranking_changed_without_top_k_change,H,RIVO,999,999
ocr,holdout,algorithm_6_nested__without_confusable_first_character_expansion,93,0.4838709677419355,0.6774193548387096,0.7956989247311828,0.5715569675247093,19,nested_algorithm_5_component,first-character expansion,Remove first-character confusion expansion and plausibility matching.,retrieval,0.0,0.0,0.0,0.0,ranking_changed_without_top_k_change,IJ6EK,VIGOREX,999,999
ocr,all,algorithm_6_nested__without_context_cleanup,464,0.5043103448275862,0.6357758620689655,0.7327586206896551,0.5624167157920962,124,nested_algorithm_5_component,context cleanup,Suppress the second external search on context-cleaned query text.,component,0.0,0.0,0.0,0.0,ranking_changed_without_top_k_change,H,RIVO,999,999
ocr,development,algorithm_6_nested__without_context_cleanup,371,0.5094339622641509,0.6253369272237197,0.7169811320754716,0.560125493659662,105,nested_algorithm_5_component,context cleanup,Suppress the second external search on context-cleaned query text.,component,0.0,0.0,0.0,0.0,ranking_changed_without_top_k_change,H,RIVO,999,999
ocr,holdout,algorithm_6_nested__without_context_cleanup,93,0.4838709677419355,0.6774193548387096,0.7956989247311828,0.5715569675247093,19,nested_algorithm_5_component,context cleanup,Suppress the second external search on context-cleaned query text.,component,0.0,0.0,0.0,0.0,ranking_changed_without_top_k_change,IJ6EK,VIGOREX,999,999
ocr,all,algorithm_6_nested__without_delete_key_retrieval,464,0.4827586206896552,0.6099137931034483,0.7112068965517241,0.53956004659922,134,nested_algorithm_5_component,delete-key retrieval,Remove deletion-key lookup for full names and family heads.,retrieval,1.0,11.0,0.0,10.0,lost_hit_at_20,LANYU,LANTUS,2,999
ocr,development,algorithm_6_nested__without_delete_key_retrieval,371,0.49056603773584906,0.6118598382749326,0.7115902964959568,0.5451061913088233,107,nested_algorithm_5_component,delete-key retrieval,Remove deletion-key lookup for full names and family heads.,retrieval,1.0,8.0,0.0,2.0,lost_hit_at_20,AVASADLAR,ABASAGLAR,1,999
ocr,holdout,algorithm_6_nested__without_delete_key_retrieval,93,0.45161290322580644,0.6021505376344086,0.7096774193548387,0.5174351037254262,27,nested_algorithm_5_component,delete-key retrieval,Remove deletion-key lookup for full names and family heads.,retrieval,0.0,3.0,0.0,8.0,lost_hit_at_20,LANYU,LANTUS,2,999
ocr,all,algorithm_6_nested__without_evidence_variant_rescue,464,0.5043103448275862,0.6379310344827587,0.7327586206896551,0.5626767825931112,124,nested_algorithm_5_component,evidence-query variants,"Remove one-step visual, ligature, stutter, and phonetic query variants.",retrieval,0.0,0.0,0.0,0.0,ranking_changed_without_top_k_change,H,RIVO,999,999
ocr,development,algorithm_6_nested__without_evidence_variant_rescue,371,0.5094339622641509,0.628032345013477,0.7169811320754716,0.5604507524081014,105,nested_algorithm_5_component,evidence-query variants,"Remove one-step visual, ligature, stutter, and phonetic query variants.",retrieval,0.0,0.0,0.0,0.0,ranking_changed_without_top_k_change,H,RIVO,999,999
ocr,holdout,algorithm_6_nested__without_evidence_variant_rescue,93,0.4838709677419355,0.6774193548387096,0.7956989247311828,0.5715569675247093,19,nested_algorithm_5_component,evidence-query variants,"Remove one-step visual, ligature, stutter, and phonetic query variants.",retrieval,0.0,0.0,0.0,0.0,ranking_changed_without_top_k_change,IJ6EK,VIGOREX,999,999
ocr,all,algorithm_6_nested__without_exact_chain_score_augmentation,464,0.5043103448275862,0.6357758620689655,0.7327586206896551,0.5624167157920962,124,nested_algorithm_5_component,exact-chain score augmentation,Do not raise an existing candidate score from exact multi-step-chain evidence.,scoring,0.0,0.0,0.0,0.0,ranking_changed_without_top_k_change,H,RIVO,999,999
ocr,development,algorithm_6_nested__without_exact_chain_score_augmentation,371,0.5094339622641509,0.6253369272237197,0.7169811320754716,0.560125493659662,105,nested_algorithm_5_component,exact-chain score augmentation,Do not raise an existing candidate score from exact multi-step-chain evidence.,scoring,0.0,0.0,0.0,0.0,ranking_changed_without_top_k_change,H,RIVO,999,999
ocr,holdout,algorithm_6_nested__without_exact_chain_score_augmentation,93,0.4838709677419355,0.6774193548387096,0.7956989247311828,0.5715569675247093,19,nested_algorithm_5_component,exact-chain score augmentation,Do not raise an existing candidate score from exact multi-step-chain evidence.,scoring,0.0,0.0,0.0,0.0,ranking_changed_without_top_k_change,IJ6EK,VIGOREX,999,999
ocr,all,algorithm_6_nested__without_exact_key_rerankers,464,0.5043103448275862,0.6357758620689655,0.7327586206896551,0.5624167157920962,124,nested_algorithm_5_component,exact-key rerankers,"Disable exact transformed-key corrections for ligatures, transpositions, keyboard errors, and phonetics.",reranker,0.0,0.0,0.0,0.0,ranking_changed_without_top_k_change,H,RIVO,999,999
ocr,development,algorithm_6_nested__without_exact_key_rerankers,371,0.5094339622641509,0.6253369272237197,0.7169811320754716,0.560125493659662,105,nested_algorithm_5_component,exact-key rerankers,"Disable exact transformed-key corrections for ligatures, transpositions, keyboard errors, and phonetics.",reranker,0.0,0.0,0.0,0.0,ranking_changed_without_top_k_change,H,RIVO,999,999
ocr,holdout,algorithm_6_nested__without_exact_key_rerankers,93,0.4838709677419355,0.6774193548387096,0.7956989247311828,0.5715569675247093,19,nested_algorithm_5_component,exact-key rerankers,"Disable exact transformed-key corrections for ligatures, transpositions, keyboard errors, and phonetics.",reranker,0.0,0.0,0.0,0.0,ranking_changed_without_top_k_change,IJ6EK,VIGOREX,999,999
ocr,all,algorithm_6_nested__without_external_retriever,464,0.4978448275862069,0.6336206896551724,0.7241379310344828,0.558913940747105,128,nested_algorithm_5_component,external retriever,"Remove Algorithm 2 candidate retrieval, including its cleaned-context pass.",component,3.0,6.0,0.0,4.0,lost_hit_at_20,ABDUSONG LAR,ABASAGLAR,1,999
ocr,development,algorithm_6_nested__without_external_retriever,371,0.49865229110512127,0.6226415094339622,0.7088948787061995,0.5533340248180901,108,nested_algorithm_5_component,external retriever,"Remove Algorithm 2 candidate retrieval, including its cleaned-context pass.",component,2.0,6.0,0.0,3.0,lost_hit_at_20,ABDUSONG LAR,ABASAGLAR,1,999
ocr,holdout,algorithm_6_nested__without_external_retriever,93,0.4946236559139785,0.6774193548387096,0.7849462365591398,0.5811736053671537,20,nested_algorithm_5_component,external retriever,"Remove Algorithm 2 candidate retrieval, including its cleaned-context pass.",component,1.0,0.0,0.0,1.0,lost_hit_at_20,ECOFIX,CEFIXIME,20,999
ocr,all,algorithm_6_nested__without_flag__contained_nearest_rerank,464,0.5043103448275862,0.6357758620689655,0.7327586206896551,0.5624167157920962,124,nested_algorithm_5_component,Flag off: contained nearest rerank,Set only ENABLE_CONTAINED_NEAREST_RERANK=False; every other Algorithm 5 switch remains enabled.,atomic_flag,0.0,0.0,0.0,0.0,ranking_changed_without_top_k_change,H,RIVO,999,999
ocr,development,algorithm_6_nested__without_flag__contained_nearest_rerank,371,0.5094339622641509,0.6253369272237197,0.7169811320754716,0.560125493659662,105,nested_algorithm_5_component,Flag off: contained nearest rerank,Set only ENABLE_CONTAINED_NEAREST_RERANK=False; every other Algorithm 5 switch remains enabled.,atomic_flag,0.0,0.0,0.0,0.0,ranking_changed_without_top_k_change,H,RIVO,999,999
ocr,holdout,algorithm_6_nested__without_flag__contained_nearest_rerank,93,0.4838709677419355,0.6774193548387096,0.7956989247311828,0.5715569675247093,19,nested_algorithm_5_component,Flag off: contained nearest rerank,Set only ENABLE_CONTAINED_NEAREST_RERANK=False; every other Algorithm 5 switch remains enabled.,atomic_flag,0.0,0.0,0.0,0.0,ranking_changed_without_top_k_change,IJ6EK,VIGOREX,999,999
ocr,all,algorithm_6_nested__without_flag__exact_chain_existing_augmentation,464,0.5043103448275862,0.6357758620689655,0.7327586206896551,0.5624167157920962,124,nested_algorithm_5_component,Flag off: exact chain existing augmentation,Set only ENABLE_EXACT_CHAIN_EXISTING_AUGMENTATION=False; every other Algorithm 5 switch remains enabled.,atomic_flag,0.0,0.0,0.0,0.0,ranking_changed_without_top_k_change,H,RIVO,999,999
ocr,development,algorithm_6_nested__without_flag__exact_chain_existing_augmentation,371,0.5094339622641509,0.6253369272237197,0.7169811320754716,0.560125493659662,105,nested_algorithm_5_component,Flag off: exact chain existing augmentation,Set only ENABLE_EXACT_CHAIN_EXISTING_AUGMENTATION=False; every other Algorithm 5 switch remains enabled.,atomic_flag,0.0,0.0,0.0,0.0,ranking_changed_without_top_k_change,H,RIVO,999,999
ocr,holdout,algorithm_6_nested__without_flag__exact_chain_existing_augmentation,93,0.4838709677419355,0.6774193548387096,0.7956989247311828,0.5715569675247093,19,nested_algorithm_5_component,Flag off: exact chain existing augmentation,Set only ENABLE_EXACT_CHAIN_EXISTING_AUGMENTATION=False; every other Algorithm 5 switch remains enabled.,atomic_flag,0.0,0.0,0.0,0.0,ranking_changed_without_top_k_change,IJ6EK,VIGOREX,999,999
ocr,all,algorithm_6_nested__without_flag__exact_key_pareto_tie_rerank,464,0.5043103448275862,0.6357758620689655,0.7327586206896551,0.5624167157920962,124,nested_algorithm_5_component,Flag off: exact key pareto tie rerank,Set only ENABLE_EXACT_KEY_PARETO_TIE_RERANK=False; every other Algorithm 5 switch remains enabled.,atomic_flag,0.0,0.0,0.0,0.0,ranking_changed_without_top_k_change,H,RIVO,999,999
ocr,development,algorithm_6_nested__without_flag__exact_key_pareto_tie_rerank,371,0.5094339622641509,0.6253369272237197,0.7169811320754716,0.560125493659662,105,nested_algorithm_5_component,Flag off: exact key pareto tie rerank,Set only ENABLE_EXACT_KEY_PARETO_TIE_RERANK=False; every other Algorithm 5 switch remains enabled.,atomic_flag,0.0,0.0,0.0,0.0,ranking_changed_without_top_k_change,H,RIVO,999,999
ocr,holdout,algorithm_6_nested__without_flag__exact_key_pareto_tie_rerank,93,0.4838709677419355,0.6774193548387096,0.7956989247311828,0.5715569675247093,19,nested_algorithm_5_component,Flag off: exact key pareto tie rerank,Set only ENABLE_EXACT_KEY_PARETO_TIE_RERANK=False; every other Algorithm 5 switch remains enabled.,atomic_flag,0.0,0.0,0.0,0.0,ranking_changed_without_top_k_change,IJ6EK,VIGOREX,999,999
ocr,all,algorithm_6_nested__without_flag__exact_keyboard_key_tie_rerank,464,0.5043103448275862,0.6357758620689655,0.7327586206896551,0.5624167157920962,124,nested_algorithm_5_component,Flag off: exact keyboard key tie rerank,Set only ENABLE_EXACT_KEYBOARD_KEY_TIE_RERANK=False; every other Algorithm 5 switch remains enabled.,atomic_flag,0.0,0.0,0.0,0.0,ranking_changed_without_top_k_change,H,RIVO,999,999
ocr,development,algorithm_6_nested__without_flag__exact_keyboard_key_tie_rerank,371,0.5094339622641509,0.6253369272237197,0.7169811320754716,0.560125493659662,105,nested_algorithm_5_component,Flag off: exact keyboard key tie rerank,Set only ENABLE_EXACT_KEYBOARD_KEY_TIE_RERANK=False; every other Algorithm 5 switch remains enabled.,atomic_flag,0.0,0.0,0.0,0.0,ranking_changed_without_top_k_change,H,RIVO,999,999
ocr,holdout,algorithm_6_nested__without_flag__exact_keyboard_key_tie_rerank,93,0.4838709677419355,0.6774193548387096,0.7956989247311828,0.5715569675247093,19,nested_algorithm_5_component,Flag off: exact keyboard key tie rerank,Set only ENABLE_EXACT_KEYBOARD_KEY_TIE_RERANK=False; every other Algorithm 5 switch remains enabled.,atomic_flag,0.0,0.0,0.0,0.0,ranking_changed_without_top_k_change,IJ6EK,VIGOREX,999,999
ocr,all,algorithm_6_nested__without_flag__exact_keyboard_weighted_extension_rerank,464,0.5043103448275862,0.6357758620689655,0.7327586206896551,0.5624167157920962,124,nested_algorithm_5_component,Flag off: exact keyboard weighted extension rerank,Set only ENABLE_EXACT_KEYBOARD_WEIGHTED_EXTENSION_RERANK=False; every other Algorithm 5 switch remains enabled.,atomic_flag,0.0,0.0,0.0,0.0,ranking_changed_without_top_k_change,H,RIVO,999,999
ocr,development,algorithm_6_nested__without_flag__exact_keyboard_weighted_extension_rerank,371,0.5094339622641509,0.6253369272237197,0.7169811320754716,0.560125493659662,105,nested_algorithm_5_component,Flag off: exact keyboard weighted extension rerank,Set only ENABLE_EXACT_KEYBOARD_WEIGHTED_EXTENSION_RERANK=False; every other Algorithm 5 switch remains enabled.,atomic_flag,0.0,0.0,0.0,0.0,ranking_changed_without_top_k_change,H,RIVO,999,999
ocr,holdout,algorithm_6_nested__without_flag__exact_keyboard_weighted_extension_rerank,93,0.4838709677419355,0.6774193548387096,0.7956989247311828,0.5715569675247093,19,nested_algorithm_5_component,Flag off: exact keyboard weighted extension rerank,Set only ENABLE_EXACT_KEYBOARD_WEIGHTED_EXTENSION_RERANK=False; every other Algorithm 5 switch remains enabled.,atomic_flag,0.0,0.0,0.0,0.0,ranking_changed_without_top_k_change,IJ6EK,VIGOREX,999,999
ocr,all,algorithm_6_nested__without_flag__exact_ligature_nearest_rerank,464,0.5043103448275862,0.6357758620689655,0.7327586206896551,0.5624167157920962,124,nested_algorithm_5_component,Flag off: exact ligature nearest rerank,Set only ENABLE_EXACT_LIGATURE_NEAREST_RERANK=False; every other Algorithm 5 switch remains enabled.,atomic_flag,0.0,0.0,0.0,0.0,ranking_changed_without_top_k_change,H,RIVO,999,999
ocr,development,algorithm_6_nested__without_flag__exact_ligature_nearest_rerank,371,0.5094339622641509,0.6253369272237197,0.7169811320754716,0.560125493659662,105,nested_algorithm_5_component,Flag off: exact ligature nearest rerank,Set only ENABLE_EXACT_LIGATURE_NEAREST_RERANK=False; every other Algorithm 5 switch remains enabled.,atomic_flag,0.0,0.0,0.0,0.0,ranking_changed_without_top_k_change,H,RIVO,999,999
ocr,holdout,algorithm_6_nested__without_flag__exact_ligature_nearest_rerank,93,0.4838709677419355,0.6774193548387096,0.7956989247311828,0.5715569675247093,19,nested_algorithm_5_component,Flag off: exact ligature nearest rerank,Set only ENABLE_EXACT_LIGATURE_NEAREST_RERANK=False; every other Algorithm 5 switch remains enabled.,atomic_flag,0.0,0.0,0.0,0.0,ranking_changed_without_top_k_change,IJ6EK,VIGOREX,999,999
ocr,all,algorithm_6_nested__without_flag__exact_ligature_rank_extension_rerank,464,0.5043103448275862,0.6357758620689655,0.7327586206896551,0.5624167157920962,124,nested_algorithm_5_component,Flag off: exact ligature rank extension rerank,Set only ENABLE_EXACT_LIGATURE_RANK_EXTENSION_RERANK=False; every other Algorithm 5 switch remains enabled.,atomic_flag,0.0,0.0,0.0,0.0,ranking_changed_without_top_k_change,H,RIVO,999,999
ocr,development,algorithm_6_nested__without_flag__exact_ligature_rank_extension_rerank,371,0.5094339622641509,0.6253369272237197,0.7169811320754716,0.560125493659662,105,nested_algorithm_5_component,Flag off: exact ligature rank extension rerank,Set only ENABLE_EXACT_LIGATURE_RANK_EXTENSION_RERANK=False; every other Algorithm 5 switch remains enabled.,atomic_flag,0.0,0.0,0.0,0.0,ranking_changed_without_top_k_change,H,RIVO,999,999
ocr,holdout,algorithm_6_nested__without_flag__exact_ligature_rank_extension_rerank,93,0.4838709677419355,0.6774193548387096,0.7956989247311828,0.5715569675247093,19,nested_algorithm_5_component,Flag off: exact ligature rank extension rerank,Set only ENABLE_EXACT_LIGATURE_RANK_EXTENSION_RERANK=False; every other Algorithm 5 switch remains enabled.,atomic_flag,0.0,0.0,0.0,0.0,ranking_changed_without_top_k_change,IJ6EK,VIGOREX,999,999
ocr,all,algorithm_6_nested__without_flag__exact_phonetic_rewrite_rerank,464,0.5043103448275862,0.6357758620689655,0.7327586206896551,0.5624167157920962,124,nested_algorithm_5_component,Flag off: exact phonetic rewrite rerank,Set only ENABLE_EXACT_PHONETIC_REWRITE_RERANK=False; every other Algorithm 5 switch remains enabled.,atomic_flag,0.0,0.0,0.0,0.0,ranking_changed_without_top_k_change,H,RIVO,999,999
ocr,development,algorithm_6_nested__without_flag__exact_phonetic_rewrite_rerank,371,0.5094339622641509,0.6253369272237197,0.7169811320754716,0.560125493659662,105,nested_algorithm_5_component,Flag off: exact phonetic rewrite rerank,Set only ENABLE_EXACT_PHONETIC_REWRITE_RERANK=False; every other Algorithm 5 switch remains enabled.,atomic_flag,0.0,0.0,0.0,0.0,ranking_changed_without_top_k_change,H,RIVO,999,999
ocr,holdout,algorithm_6_nested__without_flag__exact_phonetic_rewrite_rerank,93,0.4838709677419355,0.6774193548387096,0.7956989247311828,0.5715569675247093,19,nested_algorithm_5_component,Flag off: exact phonetic rewrite rerank,Set only ENABLE_EXACT_PHONETIC_REWRITE_RERANK=False; every other Algorithm 5 switch remains enabled.,atomic_flag,0.0,0.0,0.0,0.0,ranking_changed_without_top_k_change,IJ6EK,VIGOREX,999,999
ocr,all,algorithm_6_nested__without_flag__exact_transposition_dual_extension_rerank,464,0.5043103448275862,0.6357758620689655,0.7327586206896551,0.5624167157920962,124,nested_algorithm_5_component,Flag off: exact transposition dual extension rerank,Set only ENABLE_EXACT_TRANSPOSITION_DUAL_EXTENSION_RERANK=False; every other Algorithm 5 switch remains enabled.,atomic_flag,0.0,0.0,0.0,0.0,ranking_changed_without_top_k_change,H,RIVO,999,999
ocr,development,algorithm_6_nested__without_flag__exact_transposition_dual_extension_rerank,371,0.5094339622641509,0.6253369272237197,0.7169811320754716,0.560125493659662,105,nested_algorithm_5_component,Flag off: exact transposition dual extension rerank,Set only ENABLE_EXACT_TRANSPOSITION_DUAL_EXTENSION_RERANK=False; every other Algorithm 5 switch remains enabled.,atomic_flag,0.0,0.0,0.0,0.0,ranking_changed_without_top_k_change,H,RIVO,999,999
ocr,holdout,algorithm_6_nested__without_flag__exact_transposition_dual_extension_rerank,93,0.4838709677419355,0.6774193548387096,0.7956989247311828,0.5715569675247093,19,nested_algorithm_5_component,Flag off: exact transposition dual extension rerank,Set only ENABLE_EXACT_TRANSPOSITION_DUAL_EXTENSION_RERANK=False; every other Algorithm 5 switch remains enabled.,atomic_flag,0.0,0.0,0.0,0.0,ranking_changed_without_top_k_change,IJ6EK,VIGOREX,999,999
ocr,all,algorithm_6_nested__without_flag__exact_transposition_tie_rerank,464,0.5043103448275862,0.6357758620689655,0.7327586206896551,0.5624167157920962,124,nested_algorithm_5_component,Flag off: exact transposition tie rerank,Set only ENABLE_EXACT_TRANSPOSITION_TIE_RERANK=False; every other Algorithm 5 switch remains enabled.,atomic_flag,0.0,0.0,0.0,0.0,ranking_changed_without_top_k_change,H,RIVO,999,999
ocr,development,algorithm_6_nested__without_flag__exact_transposition_tie_rerank,371,0.5094339622641509,0.6253369272237197,0.7169811320754716,0.560125493659662,105,nested_algorithm_5_component,Flag off: exact transposition tie rerank,Set only ENABLE_EXACT_TRANSPOSITION_TIE_RERANK=False; every other Algorithm 5 switch remains enabled.,atomic_flag,0.0,0.0,0.0,0.0,ranking_changed_without_top_k_change,H,RIVO,999,999
ocr,holdout,algorithm_6_nested__without_flag__exact_transposition_tie_rerank,93,0.4838709677419355,0.6774193548387096,0.7956989247311828,0.5715569675247093,19,nested_algorithm_5_component,Flag off: exact transposition tie rerank,Set only ENABLE_EXACT_TRANSPOSITION_TIE_RERANK=False; every other Algorithm 5 switch remains enabled.,atomic_flag,0.0,0.0,0.0,0.0,ranking_changed_without_top_k_change,IJ6EK,VIGOREX,999,999
ocr,all,algorithm_6_nested__without_flag__exact_visual_edge_tie_rerank,464,0.5043103448275862,0.6357758620689655,0.7327586206896551,0.5624167157920962,124,nested_algorithm_5_component,Flag off: exact visual edge tie rerank,Set only ENABLE_EXACT_VISUAL_EDGE_TIE_RERANK=False; every other Algorithm 5 switch remains enabled.,atomic_flag,0.0,0.0,0.0,0.0,ranking_changed_without_top_k_change,H,RIVO,999,999
ocr,development,algorithm_6_nested__without_flag__exact_visual_edge_tie_rerank,371,0.5094339622641509,0.6253369272237197,0.7169811320754716,0.560125493659662,105,nested_algorithm_5_component,Flag off: exact visual edge tie rerank,Set only ENABLE_EXACT_VISUAL_EDGE_TIE_RERANK=False; every other Algorithm 5 switch remains enabled.,atomic_flag,0.0,0.0,0.0,0.0,ranking_changed_without_top_k_change,H,RIVO,999,999
ocr,holdout,algorithm_6_nested__without_flag__exact_visual_edge_tie_rerank,93,0.4838709677419355,0.6774193548387096,0.7956989247311828,0.5715569675247093,19,nested_algorithm_5_component,Flag off: exact visual edge tie rerank,Set only ENABLE_EXACT_VISUAL_EDGE_TIE_RERANK=False; every other Algorithm 5 switch remains enabled.,atomic_flag,0.0,0.0,0.0,0.0,ranking_changed_without_top_k_change,IJ6EK,VIGOREX,999,999
ocr,all,algorithm_6_nested__without_flag__guarded_top_score_dominant_chain_rerank,464,0.5043103448275862,0.6357758620689655,0.7327586206896551,0.5624167157920962,124,nested_algorithm_5_component,Flag off: guarded top score dominant chain rerank,Set only ENABLE_GUARDED_TOP_SCORE_DOMINANT_CHAIN_RERANK=False; every other Algorithm 5 switch remains enabled.,atomic_flag,0.0,0.0,0.0,0.0,ranking_changed_without_top_k_change,H,RIVO,999,999
ocr,development,algorithm_6_nested__without_flag__guarded_top_score_dominant_chain_rerank,371,0.5094339622641509,0.6253369272237197,0.7169811320754716,0.560125493659662,105,nested_algorithm_5_component,Flag off: guarded top score dominant chain rerank,Set only ENABLE_GUARDED_TOP_SCORE_DOMINANT_CHAIN_RERANK=False; every other Algorithm 5 switch remains enabled.,atomic_flag,0.0,0.0,0.0,0.0,ranking_changed_without_top_k_change,H,RIVO,999,999
ocr,holdout,algorithm_6_nested__without_flag__guarded_top_score_dominant_chain_rerank,93,0.4838709677419355,0.6774193548387096,0.7956989247311828,0.5715569675247093,19,nested_algorithm_5_component,Flag off: guarded top score dominant chain rerank,Set only ENABLE_GUARDED_TOP_SCORE_DOMINANT_CHAIN_RERANK=False; every other Algorithm 5 switch remains enabled.,atomic_flag,0.0,0.0,0.0,0.0,ranking_changed_without_top_k_change,IJ6EK,VIGOREX,999,999
ocr,all,algorithm_6_nested__without_flag__keyboard_exact_key_rerank,464,0.5043103448275862,0.6357758620689655,0.7327586206896551,0.5624167157920962,124,nested_algorithm_5_component,Flag off: keyboard exact key rerank,Set only ENABLE_KEYBOARD_EXACT_KEY_RERANK=False; every other Algorithm 5 switch remains enabled.,atomic_flag,0.0,0.0,0.0,0.0,ranking_changed_without_top_k_change,H,RIVO,999,999
ocr,development,algorithm_6_nested__without_flag__keyboard_exact_key_rerank,371,0.5094339622641509,0.6253369272237197,0.7169811320754716,0.560125493659662,105,nested_algorithm_5_component,Flag off: keyboard exact key rerank,Set only ENABLE_KEYBOARD_EXACT_KEY_RERANK=False; every other Algorithm 5 switch remains enabled.,atomic_flag,0.0,0.0,0.0,0.0,ranking_changed_without_top_k_change,H,RIVO,999,999
ocr,holdout,algorithm_6_nested__without_flag__keyboard_exact_key_rerank,93,0.4838709677419355,0.6774193548387096,0.7956989247311828,0.5715569675247093,19,nested_algorithm_5_component,Flag off: keyboard exact key rerank,Set only ENABLE_KEYBOARD_EXACT_KEY_RERANK=False; every other Algorithm 5 switch remains enabled.,atomic_flag,0.0,0.0,0.0,0.0,ranking_changed_without_top_k_change,IJ6EK,VIGOREX,999,999
ocr,all,algorithm_6_nested__without_flag__keyboard_vowel_delete_in_place_score,464,0.5043103448275862,0.6357758620689655,0.7327586206896551,0.5624223872984482,124,nested_algorithm_5_component,Flag off: keyboard vowel delete in place score,Set only ENABLE_KEYBOARD_VOWEL_DELETE_IN_PLACE_SCORE=False; every other Algorithm 5 switch remains enabled.,atomic_flag,0.0,0.0,0.0,0.0,ranking_changed_without_top_k_change,H,RIVO,999,999
ocr,development,algorithm_6_nested__without_flag__keyboard_vowel_delete_in_place_score,371,0.5094339622641509,0.6253369272237197,0.7169811320754716,0.560132586864372,105,nested_algorithm_5_component,Flag off: keyboard vowel delete in place score,Set only ENABLE_KEYBOARD_VOWEL_DELETE_IN_PLACE_SCORE=False; every other Algorithm 5 switch remains enabled.,atomic_flag,0.0,0.0,0.0,0.0,ranking_changed_without_top_k_change,H,RIVO,999,999
ocr,holdout,algorithm_6_nested__without_flag__keyboard_vowel_delete_in_place_score,93,0.4838709677419355,0.6774193548387096,0.7956989247311828,0.5715569675247093,19,nested_algorithm_5_component,Flag off: keyboard vowel delete in place score,Set only ENABLE_KEYBOARD_VOWEL_DELETE_IN_PLACE_SCORE=False; every other Algorithm 5 switch remains enabled.,atomic_flag,0.0,0.0,0.0,0.0,ranking_changed_without_top_k_change,IJ6EK,VIGOREX,999,999
ocr,all,algorithm_6_nested__without_flag__keyboard_vowel_delete_rerank,464,0.5043103448275862,0.6357758620689655,0.7327586206896551,0.5624167157920962,124,nested_algorithm_5_component,Flag off: keyboard vowel delete rerank,Set only ENABLE_KEYBOARD_VOWEL_DELETE_RERANK=False; every other Algorithm 5 switch remains enabled.,atomic_flag,0.0,0.0,0.0,0.0,ranking_changed_without_top_k_change,H,RIVO,999,999
ocr,development,algorithm_6_nested__without_flag__keyboard_vowel_delete_rerank,371,0.5094339622641509,0.6253369272237197,0.7169811320754716,0.560125493659662,105,nested_algorithm_5_component,Flag off: keyboard vowel delete rerank,Set only ENABLE_KEYBOARD_VOWEL_DELETE_RERANK=False; every other Algorithm 5 switch remains enabled.,atomic_flag,0.0,0.0,0.0,0.0,ranking_changed_without_top_k_change,H,RIVO,999,999
ocr,holdout,algorithm_6_nested__without_flag__keyboard_vowel_delete_rerank,93,0.4838709677419355,0.6774193548387096,0.7956989247311828,0.5715569675247093,19,nested_algorithm_5_component,Flag off: keyboard vowel delete rerank,Set only ENABLE_KEYBOARD_VOWEL_DELETE_RERANK=False; every other Algorithm 5 switch remains enabled.,atomic_flag,0.0,0.0,0.0,0.0,ranking_changed_without_top_k_change,IJ6EK,VIGOREX,999,999
ocr,all,algorithm_6_nested__without_flag__keyboard_vowel_delete_score_tuning,464,0.5043103448275862,0.6357758620689655,0.7327586206896551,0.5624167157920962,124,nested_algorithm_5_component,Flag off: keyboard vowel delete score tuning,Set only ENABLE_KEYBOARD_VOWEL_DELETE_SCORE_TUNING=False; every other Algorithm 5 switch remains enabled.,atomic_flag,0.0,0.0,0.0,0.0,ranking_changed_without_top_k_change,H,RIVO,999,999
ocr,development,algorithm_6_nested__without_flag__keyboard_vowel_delete_score_tuning,371,0.5094339622641509,0.6253369272237197,0.7169811320754716,0.560125493659662,105,nested_algorithm_5_component,Flag off: keyboard vowel delete score tuning,Set only ENABLE_KEYBOARD_VOWEL_DELETE_SCORE_TUNING=False; every other Algorithm 5 switch remains enabled.,atomic_flag,0.0,0.0,0.0,0.0,ranking_changed_without_top_k_change,H,RIVO,999,999
ocr,holdout,algorithm_6_nested__without_flag__keyboard_vowel_delete_score_tuning,93,0.4838709677419355,0.6774193548387096,0.7956989247311828,0.5715569675247093,19,nested_algorithm_5_component,Flag off: keyboard vowel delete score tuning,Set only ENABLE_KEYBOARD_VOWEL_DELETE_SCORE_TUNING=False; every other Algorithm 5 switch remains enabled.,atomic_flag,0.0,0.0,0.0,0.0,ranking_changed_without_top_k_change,IJ6EK,VIGOREX,999,999
ocr,all,algorithm_6_nested__without_flag__ligature_vowel_distance_extension_rerank,464,0.5043103448275862,0.6357758620689655,0.7327586206896551,0.5624167157920962,124,nested_algorithm_5_component,Flag off: ligature vowel distance extension rerank,Set only ENABLE_LIGATURE_VOWEL_DISTANCE_EXTENSION_RERANK=False; every other Algorithm 5 switch remains enabled.,atomic_flag,0.0,0.0,0.0,0.0,ranking_changed_without_top_k_change,H,RIVO,999,999
ocr,development,algorithm_6_nested__without_flag__ligature_vowel_distance_extension_rerank,371,0.5094339622641509,0.6253369272237197,0.7169811320754716,0.560125493659662,105,nested_algorithm_5_component,Flag off: ligature vowel distance extension rerank,Set only ENABLE_LIGATURE_VOWEL_DISTANCE_EXTENSION_RERANK=False; every other Algorithm 5 switch remains enabled.,atomic_flag,0.0,0.0,0.0,0.0,ranking_changed_without_top_k_change,H,RIVO,999,999
ocr,holdout,algorithm_6_nested__without_flag__ligature_vowel_distance_extension_rerank,93,0.4838709677419355,0.6774193548387096,0.7956989247311828,0.5715569675247093,19,nested_algorithm_5_component,Flag off: ligature vowel distance extension rerank,Set only ENABLE_LIGATURE_VOWEL_DISTANCE_EXTENSION_RERANK=False; every other Algorithm 5 switch remains enabled.,atomic_flag,0.0,0.0,0.0,0.0,ranking_changed_without_top_k_change,IJ6EK,VIGOREX,999,999
ocr,all,algorithm_6_nested__without_flag__ligature_vowel_edge_extension_rerank,464,0.5043103448275862,0.6357758620689655,0.7327586206896551,0.5624167157920962,124,nested_algorithm_5_component,Flag off: ligature vowel edge extension rerank,Set only ENABLE_LIGATURE_VOWEL_EDGE_EXTENSION_RERANK=False; every other Algorithm 5 switch remains enabled.,atomic_flag,0.0,0.0,0.0,0.0,ranking_changed_without_top_k_change,H,RIVO,999,999
ocr,development,algorithm_6_nested__without_flag__ligature_vowel_edge_extension_rerank,371,0.5094339622641509,0.6253369272237197,0.7169811320754716,0.560125493659662,105,nested_algorithm_5_component,Flag off: ligature vowel edge extension rerank,Set only ENABLE_LIGATURE_VOWEL_EDGE_EXTENSION_RERANK=False; every other Algorithm 5 switch remains enabled.,atomic_flag,0.0,0.0,0.0,0.0,ranking_changed_without_top_k_change,H,RIVO,999,999
ocr,holdout,algorithm_6_nested__without_flag__ligature_vowel_edge_extension_rerank,93,0.4838709677419355,0.6774193548387096,0.7956989247311828,0.5715569675247093,19,nested_algorithm_5_component,Flag off: ligature vowel edge extension rerank,Set only ENABLE_LIGATURE_VOWEL_EDGE_EXTENSION_RERANK=False; every other Algorithm 5 switch remains enabled.,atomic_flag,0.0,0.0,0.0,0.0,ranking_changed_without_top_k_change,IJ6EK,VIGOREX,999,999
ocr,all,algorithm_6_nested__without_flag__ligature_vowel_in_place_score,464,0.5043103448275862,0.6357758620689655,0.7327586206896551,0.5624167157920962,124,nested_algorithm_5_component,Flag off: ligature vowel in place score,Set only ENABLE_LIGATURE_VOWEL_IN_PLACE_SCORE=False; every other Algorithm 5 switch remains enabled.,atomic_flag,0.0,0.0,0.0,0.0,ranking_changed_without_top_k_change,H,RIVO,999,999
ocr,development,algorithm_6_nested__without_flag__ligature_vowel_in_place_score,371,0.5094339622641509,0.6253369272237197,0.7169811320754716,0.560125493659662,105,nested_algorithm_5_component,Flag off: ligature vowel in place score,Set only ENABLE_LIGATURE_VOWEL_IN_PLACE_SCORE=False; every other Algorithm 5 switch remains enabled.,atomic_flag,0.0,0.0,0.0,0.0,ranking_changed_without_top_k_change,H,RIVO,999,999
ocr,holdout,algorithm_6_nested__without_flag__ligature_vowel_in_place_score,93,0.4838709677419355,0.6774193548387096,0.7956989247311828,0.5715569675247093,19,nested_algorithm_5_component,Flag off: ligature vowel in place score,Set only ENABLE_LIGATURE_VOWEL_IN_PLACE_SCORE=False; every other Algorithm 5 switch remains enabled.,atomic_flag,0.0,0.0,0.0,0.0,ranking_changed_without_top_k_change,IJ6EK,VIGOREX,999,999
ocr,all,algorithm_6_nested__without_flag__ligature_vowel_multi_chain_extension_rerank,464,0.5043103448275862,0.6357758620689655,0.7327586206896551,0.5624167157920962,124,nested_algorithm_5_component,Flag off: ligature vowel multi chain extension rerank,Set only ENABLE_LIGATURE_VOWEL_MULTI_CHAIN_EXTENSION_RERANK=False; every other Algorithm 5 switch remains enabled.,atomic_flag,0.0,0.0,0.0,0.0,ranking_changed_without_top_k_change,H,RIVO,999,999
ocr,development,algorithm_6_nested__without_flag__ligature_vowel_multi_chain_extension_rerank,371,0.5094339622641509,0.6253369272237197,0.7169811320754716,0.560125493659662,105,nested_algorithm_5_component,Flag off: ligature vowel multi chain extension rerank,Set only ENABLE_LIGATURE_VOWEL_MULTI_CHAIN_EXTENSION_RERANK=False; every other Algorithm 5 switch remains enabled.,atomic_flag,0.0,0.0,0.0,0.0,ranking_changed_without_top_k_change,H,RIVO,999,999
ocr,holdout,algorithm_6_nested__without_flag__ligature_vowel_multi_chain_extension_rerank,93,0.4838709677419355,0.6774193548387096,0.7956989247311828,0.5715569675247093,19,nested_algorithm_5_component,Flag off: ligature vowel multi chain extension rerank,Set only ENABLE_LIGATURE_VOWEL_MULTI_CHAIN_EXTENSION_RERANK=False; every other Algorithm 5 switch remains enabled.,atomic_flag,0.0,0.0,0.0,0.0,ranking_changed_without_top_k_change,IJ6EK,VIGOREX,999,999
ocr,all,algorithm_6_nested__without_flag__ligature_vowel_rerank,464,0.5043103448275862,0.6357758620689655,0.7327586206896551,0.5624167157920962,124,nested_algorithm_5_component,Flag off: ligature vowel rerank,Set only ENABLE_LIGATURE_VOWEL_RERANK=False; every other Algorithm 5 switch remains enabled.,atomic_flag,0.0,0.0,0.0,0.0,ranking_changed_without_top_k_change,H,RIVO,999,999
ocr,development,algorithm_6_nested__without_flag__ligature_vowel_rerank,371,0.5094339622641509,0.6253369272237197,0.7169811320754716,0.560125493659662,105,nested_algorithm_5_component,Flag off: ligature vowel rerank,Set only ENABLE_LIGATURE_VOWEL_RERANK=False; every other Algorithm 5 switch remains enabled.,atomic_flag,0.0,0.0,0.0,0.0,ranking_changed_without_top_k_change,H,RIVO,999,999
ocr,holdout,algorithm_6_nested__without_flag__ligature_vowel_rerank,93,0.4838709677419355,0.6774193548387096,0.7956989247311828,0.5715569675247093,19,nested_algorithm_5_component,Flag off: ligature vowel rerank,Set only ENABLE_LIGATURE_VOWEL_RERANK=False; every other Algorithm 5 switch remains enabled.,atomic_flag,0.0,0.0,0.0,0.0,ranking_changed_without_top_k_change,IJ6EK,VIGOREX,999,999
ocr,all,algorithm_6_nested__without_flag__ligature_vowel_transpose_extension_rerank,464,0.5043103448275862,0.6357758620689655,0.7327586206896551,0.5624167157920962,124,nested_algorithm_5_component,Flag off: ligature vowel transpose extension rerank,Set only ENABLE_LIGATURE_VOWEL_TRANSPOSE_EXTENSION_RERANK=False; every other Algorithm 5 switch remains enabled.,atomic_flag,0.0,0.0,0.0,0.0,ranking_changed_without_top_k_change,H,RIVO,999,999
ocr,development,algorithm_6_nested__without_flag__ligature_vowel_transpose_extension_rerank,371,0.5094339622641509,0.6253369272237197,0.7169811320754716,0.560125493659662,105,nested_algorithm_5_component,Flag off: ligature vowel transpose extension rerank,Set only ENABLE_LIGATURE_VOWEL_TRANSPOSE_EXTENSION_RERANK=False; every other Algorithm 5 switch remains enabled.,atomic_flag,0.0,0.0,0.0,0.0,ranking_changed_without_top_k_change,H,RIVO,999,999
ocr,holdout,algorithm_6_nested__without_flag__ligature_vowel_transpose_extension_rerank,93,0.4838709677419355,0.6774193548387096,0.7956989247311828,0.5715569675247093,19,nested_algorithm_5_component,Flag off: ligature vowel transpose extension rerank,Set only ENABLE_LIGATURE_VOWEL_TRANSPOSE_EXTENSION_RERANK=False; every other Algorithm 5 switch remains enabled.,atomic_flag,0.0,0.0,0.0,0.0,ranking_changed_without_top_k_change,IJ6EK,VIGOREX,999,999
ocr,all,algorithm_6_nested__without_flag__ligature_vowel_transpose_in_place_score,464,0.5043103448275862,0.6357758620689655,0.7327586206896551,0.5624167157920962,124,nested_algorithm_5_component,Flag off: ligature vowel transpose in place score,Set only ENABLE_LIGATURE_VOWEL_TRANSPOSE_IN_PLACE_SCORE=False; every other Algorithm 5 switch remains enabled.,atomic_flag,0.0,0.0,0.0,0.0,ranking_changed_without_top_k_change,H,RIVO,999,999
ocr,development,algorithm_6_nested__without_flag__ligature_vowel_transpose_in_place_score,371,0.5094339622641509,0.6253369272237197,0.7169811320754716,0.560125493659662,105,nested_algorithm_5_component,Flag off: ligature vowel transpose in place score,Set only ENABLE_LIGATURE_VOWEL_TRANSPOSE_IN_PLACE_SCORE=False; every other Algorithm 5 switch remains enabled.,atomic_flag,0.0,0.0,0.0,0.0,ranking_changed_without_top_k_change,H,RIVO,999,999
ocr,holdout,algorithm_6_nested__without_flag__ligature_vowel_transpose_in_place_score,93,0.4838709677419355,0.6774193548387096,0.7956989247311828,0.5715569675247093,19,nested_algorithm_5_component,Flag off: ligature vowel transpose in place score,Set only ENABLE_LIGATURE_VOWEL_TRANSPOSE_IN_PLACE_SCORE=False; every other Algorithm 5 switch remains enabled.,atomic_flag,0.0,0.0,0.0,0.0,ranking_changed_without_top_k_change,IJ6EK,VIGOREX,999,999
ocr,all,algorithm_6_nested__without_flag__ligature_vowel_transpose_rerank,464,0.5043103448275862,0.6357758620689655,0.7327586206896551,0.5624167157920962,124,nested_algorithm_5_component,Flag off: ligature vowel transpose rerank,Set only ENABLE_LIGATURE_VOWEL_TRANSPOSE_RERANK=False; every other Algorithm 5 switch remains enabled.,atomic_flag,0.0,0.0,0.0,0.0,ranking_changed_without_top_k_change,H,RIVO,999,999
ocr,development,algorithm_6_nested__without_flag__ligature_vowel_transpose_rerank,371,0.5094339622641509,0.6253369272237197,0.7169811320754716,0.560125493659662,105,nested_algorithm_5_component,Flag off: ligature vowel transpose rerank,Set only ENABLE_LIGATURE_VOWEL_TRANSPOSE_RERANK=False; every other Algorithm 5 switch remains enabled.,atomic_flag,0.0,0.0,0.0,0.0,ranking_changed_without_top_k_change,H,RIVO,999,999
ocr,holdout,algorithm_6_nested__without_flag__ligature_vowel_transpose_rerank,93,0.4838709677419355,0.6774193548387096,0.7956989247311828,0.5715569675247093,19,nested_algorithm_5_component,Flag off: ligature vowel transpose rerank,Set only ENABLE_LIGATURE_VOWEL_TRANSPOSE_RERANK=False; every other Algorithm 5 switch remains enabled.,atomic_flag,0.0,0.0,0.0,0.0,ranking_changed_without_top_k_change,IJ6EK,VIGOREX,999,999
ocr,all,algorithm_6_nested__without_flag__phonetic_position_tie_rerank,464,0.5043103448275862,0.6357758620689655,0.7327586206896551,0.5624167157920962,124,nested_algorithm_5_component,Flag off: phonetic position tie rerank,Set only ENABLE_PHONETIC_POSITION_TIE_RERANK=False; every other Algorithm 5 switch remains enabled.,atomic_flag,0.0,0.0,0.0,0.0,ranking_changed_without_top_k_change,H,RIVO,999,999
ocr,development,algorithm_6_nested__without_flag__phonetic_position_tie_rerank,371,0.5094339622641509,0.6253369272237197,0.7169811320754716,0.560125493659662,105,nested_algorithm_5_component,Flag off: phonetic position tie rerank,Set only ENABLE_PHONETIC_POSITION_TIE_RERANK=False; every other Algorithm 5 switch remains enabled.,atomic_flag,0.0,0.0,0.0,0.0,ranking_changed_without_top_k_change,H,RIVO,999,999
ocr,holdout,algorithm_6_nested__without_flag__phonetic_position_tie_rerank,93,0.4838709677419355,0.6774193548387096,0.7956989247311828,0.5715569675247093,19,nested_algorithm_5_component,Flag off: phonetic position tie rerank,Set only ENABLE_PHONETIC_POSITION_TIE_RERANK=False; every other Algorithm 5 switch remains enabled.,atomic_flag,0.0,0.0,0.0,0.0,ranking_changed_without_top_k_change,IJ6EK,VIGOREX,999,999
ocr,all,algorithm_6_nested__without_flag__preserved_top_dominant_nearest_rerank,464,0.5043103448275862,0.6357758620689655,0.7327586206896551,0.5624167157920962,124,nested_algorithm_5_component,Flag off: preserved top dominant nearest rerank,Set only ENABLE_PRESERVED_TOP_DOMINANT_NEAREST_RERANK=False; every other Algorithm 5 switch remains enabled.,atomic_flag,0.0,0.0,0.0,0.0,ranking_changed_without_top_k_change,H,RIVO,999,999
ocr,development,algorithm_6_nested__without_flag__preserved_top_dominant_nearest_rerank,371,0.5094339622641509,0.6253369272237197,0.7169811320754716,0.560125493659662,105,nested_algorithm_5_component,Flag off: preserved top dominant nearest rerank,Set only ENABLE_PRESERVED_TOP_DOMINANT_NEAREST_RERANK=False; every other Algorithm 5 switch remains enabled.,atomic_flag,0.0,0.0,0.0,0.0,ranking_changed_without_top_k_change,H,RIVO,999,999
ocr,holdout,algorithm_6_nested__without_flag__preserved_top_dominant_nearest_rerank,93,0.4838709677419355,0.6774193548387096,0.7956989247311828,0.5715569675247093,19,nested_algorithm_5_component,Flag off: preserved top dominant nearest rerank,Set only ENABLE_PRESERVED_TOP_DOMINANT_NEAREST_RERANK=False; every other Algorithm 5 switch remains enabled.,atomic_flag,0.0,0.0,0.0,0.0,ranking_changed_without_top_k_change,IJ6EK,VIGOREX,999,999
ocr,all,algorithm_6_nested__without_flag__preserved_top_higher_score_nearest_rerank,464,0.5043103448275862,0.6357758620689655,0.7327586206896551,0.5624167157920962,124,nested_algorithm_5_component,Flag off: preserved top higher score nearest rerank,Set only ENABLE_PRESERVED_TOP_HIGHER_SCORE_NEAREST_RERANK=False; every other Algorithm 5 switch remains enabled.,atomic_flag,0.0,0.0,0.0,0.0,ranking_changed_without_top_k_change,H,RIVO,999,999
ocr,development,algorithm_6_nested__without_flag__preserved_top_higher_score_nearest_rerank,371,0.5094339622641509,0.6253369272237197,0.7169811320754716,0.560125493659662,105,nested_algorithm_5_component,Flag off: preserved top higher score nearest rerank,Set only ENABLE_PRESERVED_TOP_HIGHER_SCORE_NEAREST_RERANK=False; every other Algorithm 5 switch remains enabled.,atomic_flag,0.0,0.0,0.0,0.0,ranking_changed_without_top_k_change,H,RIVO,999,999
ocr,holdout,algorithm_6_nested__without_flag__preserved_top_higher_score_nearest_rerank,93,0.4838709677419355,0.6774193548387096,0.7956989247311828,0.5715569675247093,19,nested_algorithm_5_component,Flag off: preserved top higher score nearest rerank,Set only ENABLE_PRESERVED_TOP_HIGHER_SCORE_NEAREST_RERANK=False; every other Algorithm 5 switch remains enabled.,atomic_flag,0.0,0.0,0.0,0.0,ranking_changed_without_top_k_change,IJ6EK,VIGOREX,999,999
ocr,all,algorithm_6_nested__without_flag__score_dominant_chain_release_rerank,464,0.5043103448275862,0.6357758620689655,0.7327586206896551,0.5624167157920962,124,nested_algorithm_5_component,Flag off: score dominant chain release rerank,Set only ENABLE_SCORE_DOMINANT_CHAIN_RELEASE_RERANK=False; every other Algorithm 5 switch remains enabled.,atomic_flag,0.0,0.0,0.0,0.0,ranking_changed_without_top_k_change,H,RIVO,999,999
ocr,development,algorithm_6_nested__without_flag__score_dominant_chain_release_rerank,371,0.5094339622641509,0.6253369272237197,0.7169811320754716,0.560125493659662,105,nested_algorithm_5_component,Flag off: score dominant chain release rerank,Set only ENABLE_SCORE_DOMINANT_CHAIN_RELEASE_RERANK=False; every other Algorithm 5 switch remains enabled.,atomic_flag,0.0,0.0,0.0,0.0,ranking_changed_without_top_k_change,H,RIVO,999,999
ocr,holdout,algorithm_6_nested__without_flag__score_dominant_chain_release_rerank,93,0.4838709677419355,0.6774193548387096,0.7956989247311828,0.5715569675247093,19,nested_algorithm_5_component,Flag off: score dominant chain release rerank,Set only ENABLE_SCORE_DOMINANT_CHAIN_RELEASE_RERANK=False; every other Algorithm 5 switch remains enabled.,atomic_flag,0.0,0.0,0.0,0.0,ranking_changed_without_top_k_change,IJ6EK,VIGOREX,999,999
ocr,all,algorithm_6_nested__without_flag__shifted_edge_agreement_rerank,464,0.5043103448275862,0.6357758620689655,0.7327586206896551,0.5624167157920962,124,nested_algorithm_5_component,Flag off: shifted edge agreement rerank,Set only ENABLE_SHIFTED_EDGE_AGREEMENT_RERANK=False; every other Algorithm 5 switch remains enabled.,atomic_flag,0.0,0.0,0.0,0.0,ranking_changed_without_top_k_change,H,RIVO,999,999
ocr,development,algorithm_6_nested__without_flag__shifted_edge_agreement_rerank,371,0.5094339622641509,0.6253369272237197,0.7169811320754716,0.560125493659662,105,nested_algorithm_5_component,Flag off: shifted edge agreement rerank,Set only ENABLE_SHIFTED_EDGE_AGREEMENT_RERANK=False; every other Algorithm 5 switch remains enabled.,atomic_flag,0.0,0.0,0.0,0.0,ranking_changed_without_top_k_change,H,RIVO,999,999
ocr,holdout,algorithm_6_nested__without_flag__shifted_edge_agreement_rerank,93,0.4838709677419355,0.6774193548387096,0.7956989247311828,0.5715569675247093,19,nested_algorithm_5_component,Flag off: shifted edge agreement rerank,Set only ENABLE_SHIFTED_EDGE_AGREEMENT_RERANK=False; every other Algorithm 5 switch remains enabled.,atomic_flag,0.0,0.0,0.0,0.0,ranking_changed_without_top_k_change,IJ6EK,VIGOREX,999,999
ocr,all,algorithm_6_nested__without_flag__short_query_rescue,464,0.5043103448275862,0.6357758620689655,0.7327586206896551,0.5624167157920962,124,nested_algorithm_5_component,Flag off: short query rescue,Set only ENABLE_SHORT_QUERY_RESCUE=False; every other Algorithm 5 switch remains enabled.,atomic_flag,0.0,0.0,0.0,0.0,ranking_changed_without_top_k_change,H,RIVO,999,999
ocr,development,algorithm_6_nested__without_flag__short_query_rescue,371,0.5094339622641509,0.6253369272237197,0.7169811320754716,0.560125493659662,105,nested_algorithm_5_component,Flag off: short query rescue,Set only ENABLE_SHORT_QUERY_RESCUE=False; every other Algorithm 5 switch remains enabled.,atomic_flag,0.0,0.0,0.0,0.0,ranking_changed_without_top_k_change,H,RIVO,999,999
ocr,holdout,algorithm_6_nested__without_flag__short_query_rescue,93,0.4838709677419355,0.6774193548387096,0.7956989247311828,0.5715569675247093,19,nested_algorithm_5_component,Flag off: short query rescue,Set only ENABLE_SHORT_QUERY_RESCUE=False; every other Algorithm 5 switch remains enabled.,atomic_flag,0.0,0.0,0.0,0.0,ranking_changed_without_top_k_change,IJ6EK,VIGOREX,999,999
ocr,all,algorithm_6_nested__without_flag__skeleton_position_tie_rerank,464,0.5043103448275862,0.6357758620689655,0.7327586206896551,0.5624167157920962,124,nested_algorithm_5_component,Flag off: skeleton position tie rerank,Set only ENABLE_SKELETON_POSITION_TIE_RERANK=False; every other Algorithm 5 switch remains enabled.,atomic_flag,0.0,0.0,0.0,0.0,ranking_changed_without_top_k_change,H,RIVO,999,999
ocr,development,algorithm_6_nested__without_flag__skeleton_position_tie_rerank,371,0.5094339622641509,0.6253369272237197,0.7169811320754716,0.560125493659662,105,nested_algorithm_5_component,Flag off: skeleton position tie rerank,Set only ENABLE_SKELETON_POSITION_TIE_RERANK=False; every other Algorithm 5 switch remains enabled.,atomic_flag,0.0,0.0,0.0,0.0,ranking_changed_without_top_k_change,H,RIVO,999,999
ocr,holdout,algorithm_6_nested__without_flag__skeleton_position_tie_rerank,93,0.4838709677419355,0.6774193548387096,0.7956989247311828,0.5715569675247093,19,nested_algorithm_5_component,Flag off: skeleton position tie rerank,Set only ENABLE_SKELETON_POSITION_TIE_RERANK=False; every other Algorithm 5 switch remains enabled.,atomic_flag,0.0,0.0,0.0,0.0,ranking_changed_without_top_k_change,IJ6EK,VIGOREX,999,999
ocr,all,algorithm_6_nested__without_flag__strict_full_name_evidence_guard,464,0.5064655172413793,0.6379310344827587,0.7327586206896551,0.5639253364817512,124,nested_algorithm_5_component,Flag off: strict full name evidence guard,Set only ENABLE_STRICT_FULL_NAME_EVIDENCE_GUARD=False; every other Algorithm 5 switch remains enabled.,atomic_flag,2.0,1.0,0.0,0.0,lost_hit_at_1,OSOCAR,OSTOCAL,1,5
ocr,development,algorithm_6_nested__without_flag__strict_full_name_evidence_guard,371,0.5094339622641509,0.6253369272237197,0.7169811320754716,0.5597661046210277,105,nested_algorithm_5_component,Flag off: strict full name evidence guard,Set only ENABLE_STRICT_FULL_NAME_EVIDENCE_GUARD=False; every other Algorithm 5 switch remains enabled.,atomic_flag,1.0,1.0,0.0,0.0,lost_hit_at_1,OSOCAR,OSTOCAL,1,5
ocr,holdout,algorithm_6_nested__without_flag__strict_full_name_evidence_guard,93,0.4946236559139785,0.6881720430107527,0.7956989247311828,0.5805175410014118,19,nested_algorithm_5_component,Flag off: strict full name evidence guard,Set only ENABLE_STRICT_FULL_NAME_EVIDENCE_GUARD=False; every other Algorithm 5 switch remains enabled.,atomic_flag,1.0,0.0,0.0,0.0,gained_hit_at_1,INDOVAC,INDERAL,6,1
ocr,all,algorithm_6_nested__without_flag__strict_full_name_rerank,464,0.4956896551724138,0.6336206896551724,0.7327586206896551,0.5563822330334754,124,nested_algorithm_5_component,Flag off: strict full name rerank,Set only ENABLE_STRICT_FULL_NAME_RERANK=False; every other Algorithm 5 switch remains enabled.,atomic_flag,0.0,4.0,0.0,0.0,lost_hit_at_1,MYOLANA,MYOLAX,1,2
ocr,development,algorithm_6_nested__without_flag__strict_full_name_rerank,371,0.49865229110512127,0.6226415094339622,0.7169811320754716,0.5525783238483413,105,nested_algorithm_5_component,Flag off: strict full name rerank,Set only ENABLE_STRICT_FULL_NAME_RERANK=False; every other Algorithm 5 switch remains enabled.,atomic_flag,0.0,4.0,0.0,0.0,lost_hit_at_1,MYOLANA,MYOLAX,1,2
ocr,holdout,algorithm_6_nested__without_flag__strict_full_name_rerank,93,0.4838709677419355,0.6774193548387096,0.7956989247311828,0.5715569675247093,19,nested_algorithm_5_component,Flag off: strict full name rerank,Set only ENABLE_STRICT_FULL_NAME_RERANK=False; every other Algorithm 5 switch remains enabled.,atomic_flag,0.0,0.0,0.0,0.0,ranking_changed_without_top_k_change,IJ6EK,VIGOREX,999,999
ocr,all,algorithm_6_nested__without_flag__stutter_prefix_rerank,464,0.5043103448275862,0.6357758620689655,0.7327586206896551,0.5624167157920962,124,nested_algorithm_5_component,Flag off: stutter prefix rerank,Set only ENABLE_STUTTER_PREFIX_RERANK=False; every other Algorithm 5 switch remains enabled.,atomic_flag,0.0,0.0,0.0,0.0,ranking_changed_without_top_k_change,H,RIVO,999,999
ocr,development,algorithm_6_nested__without_flag__stutter_prefix_rerank,371,0.5094339622641509,0.6253369272237197,0.7169811320754716,0.560125493659662,105,nested_algorithm_5_component,Flag off: stutter prefix rerank,Set only ENABLE_STUTTER_PREFIX_RERANK=False; every other Algorithm 5 switch remains enabled.,atomic_flag,0.0,0.0,0.0,0.0,ranking_changed_without_top_k_change,H,RIVO,999,999
ocr,holdout,algorithm_6_nested__without_flag__stutter_prefix_rerank,93,0.4838709677419355,0.6774193548387096,0.7956989247311828,0.5715569675247093,19,nested_algorithm_5_component,Flag off: stutter prefix rerank,Set only ENABLE_STUTTER_PREFIX_RERANK=False; every other Algorithm 5 switch remains enabled.,atomic_flag,0.0,0.0,0.0,0.0,ranking_changed_without_top_k_change,IJ6EK,VIGOREX,999,999
ocr,all,algorithm_6_nested__without_flag__transpose_vowel_delete_in_place_score,464,0.5043103448275862,0.6357758620689655,0.7327586206896551,0.5624167157920962,124,nested_algorithm_5_component,Flag off: transpose vowel delete in place score,Set only ENABLE_TRANSPOSE_VOWEL_DELETE_IN_PLACE_SCORE=False; every other Algorithm 5 switch remains enabled.,atomic_flag,0.0,0.0,0.0,0.0,ranking_changed_without_top_k_change,H,RIVO,999,999
ocr,development,algorithm_6_nested__without_flag__transpose_vowel_delete_in_place_score,371,0.5094339622641509,0.6253369272237197,0.7169811320754716,0.560125493659662,105,nested_algorithm_5_component,Flag off: transpose vowel delete in place score,Set only ENABLE_TRANSPOSE_VOWEL_DELETE_IN_PLACE_SCORE=False; every other Algorithm 5 switch remains enabled.,atomic_flag,0.0,0.0,0.0,0.0,ranking_changed_without_top_k_change,H,RIVO,999,999
ocr,holdout,algorithm_6_nested__without_flag__transpose_vowel_delete_in_place_score,93,0.4838709677419355,0.6774193548387096,0.7956989247311828,0.5715569675247093,19,nested_algorithm_5_component,Flag off: transpose vowel delete in place score,Set only ENABLE_TRANSPOSE_VOWEL_DELETE_IN_PLACE_SCORE=False; every other Algorithm 5 switch remains enabled.,atomic_flag,0.0,0.0,0.0,0.0,ranking_changed_without_top_k_change,IJ6EK,VIGOREX,999,999
ocr,all,algorithm_6_nested__without_flag__transpose_vowel_delete_rerank,464,0.5043103448275862,0.6357758620689655,0.7327586206896551,0.5624167157920962,124,nested_algorithm_5_component,Flag off: transpose vowel delete rerank,Set only ENABLE_TRANSPOSE_VOWEL_DELETE_RERANK=False; every other Algorithm 5 switch remains enabled.,atomic_flag,0.0,0.0,0.0,0.0,ranking_changed_without_top_k_change,H,RIVO,999,999
ocr,development,algorithm_6_nested__without_flag__transpose_vowel_delete_rerank,371,0.5094339622641509,0.6253369272237197,0.7169811320754716,0.560125493659662,105,nested_algorithm_5_component,Flag off: transpose vowel delete rerank,Set only ENABLE_TRANSPOSE_VOWEL_DELETE_RERANK=False; every other Algorithm 5 switch remains enabled.,atomic_flag,0.0,0.0,0.0,0.0,ranking_changed_without_top_k_change,H,RIVO,999,999
ocr,holdout,algorithm_6_nested__without_flag__transpose_vowel_delete_rerank,93,0.4838709677419355,0.6774193548387096,0.7956989247311828,0.5715569675247093,19,nested_algorithm_5_component,Flag off: transpose vowel delete rerank,Set only ENABLE_TRANSPOSE_VOWEL_DELETE_RERANK=False; every other Algorithm 5 switch remains enabled.,atomic_flag,0.0,0.0,0.0,0.0,ranking_changed_without_top_k_change,IJ6EK,VIGOREX,999,999
ocr,all,algorithm_6_nested__without_flag__transpose_vowel_delete_score_tuning,464,0.5043103448275862,0.6357758620689655,0.7327586206896551,0.5624167157920962,124,nested_algorithm_5_component,Flag off: transpose vowel delete score tuning,Set only ENABLE_TRANSPOSE_VOWEL_DELETE_SCORE_TUNING=False; every other Algorithm 5 switch remains enabled.,atomic_flag,0.0,0.0,0.0,0.0,ranking_changed_without_top_k_change,H,RIVO,999,999
ocr,development,algorithm_6_nested__without_flag__transpose_vowel_delete_score_tuning,371,0.5094339622641509,0.6253369272237197,0.7169811320754716,0.560125493659662,105,nested_algorithm_5_component,Flag off: transpose vowel delete score tuning,Set only ENABLE_TRANSPOSE_VOWEL_DELETE_SCORE_TUNING=False; every other Algorithm 5 switch remains enabled.,atomic_flag,0.0,0.0,0.0,0.0,ranking_changed_without_top_k_change,H,RIVO,999,999
ocr,holdout,algorithm_6_nested__without_flag__transpose_vowel_delete_score_tuning,93,0.4838709677419355,0.6774193548387096,0.7956989247311828,0.5715569675247093,19,nested_algorithm_5_component,Flag off: transpose vowel delete score tuning,Set only ENABLE_TRANSPOSE_VOWEL_DELETE_SCORE_TUNING=False; every other Algorithm 5 switch remains enabled.,atomic_flag,0.0,0.0,0.0,0.0,ranking_changed_without_top_k_change,IJ6EK,VIGOREX,999,999
ocr,all,algorithm_6_nested__without_flag__transposition_delete_rerank,464,0.5043103448275862,0.6357758620689655,0.7327586206896551,0.5624167157920962,124,nested_algorithm_5_component,Flag off: transposition delete rerank,Set only ENABLE_TRANSPOSITION_DELETE_RERANK=False; every other Algorithm 5 switch remains enabled.,atomic_flag,0.0,0.0,0.0,0.0,ranking_changed_without_top_k_change,H,RIVO,999,999
ocr,development,algorithm_6_nested__without_flag__transposition_delete_rerank,371,0.5094339622641509,0.6253369272237197,0.7169811320754716,0.560125493659662,105,nested_algorithm_5_component,Flag off: transposition delete rerank,Set only ENABLE_TRANSPOSITION_DELETE_RERANK=False; every other Algorithm 5 switch remains enabled.,atomic_flag,0.0,0.0,0.0,0.0,ranking_changed_without_top_k_change,H,RIVO,999,999
ocr,holdout,algorithm_6_nested__without_flag__transposition_delete_rerank,93,0.4838709677419355,0.6774193548387096,0.7956989247311828,0.5715569675247093,19,nested_algorithm_5_component,Flag off: transposition delete rerank,Set only ENABLE_TRANSPOSITION_DELETE_RERANK=False; every other Algorithm 5 switch remains enabled.,atomic_flag,0.0,0.0,0.0,0.0,ranking_changed_without_top_k_change,IJ6EK,VIGOREX,999,999
ocr,all,algorithm_6_nested__without_flag__transposition_deletion_exact_chain,464,0.5043103448275862,0.6357758620689655,0.7327586206896551,0.5624167157920962,124,nested_algorithm_5_component,Flag off: transposition deletion exact chain,Set only ENABLE_TRANSPOSITION_DELETION_EXACT_CHAIN=False; every other Algorithm 5 switch remains enabled.,atomic_flag,0.0,0.0,0.0,0.0,ranking_changed_without_top_k_change,H,RIVO,999,999
ocr,development,algorithm_6_nested__without_flag__transposition_deletion_exact_chain,371,0.5094339622641509,0.6253369272237197,0.7169811320754716,0.560125493659662,105,nested_algorithm_5_component,Flag off: transposition deletion exact chain,Set only ENABLE_TRANSPOSITION_DELETION_EXACT_CHAIN=False; every other Algorithm 5 switch remains enabled.,atomic_flag,0.0,0.0,0.0,0.0,ranking_changed_without_top_k_change,H,RIVO,999,999
ocr,holdout,algorithm_6_nested__without_flag__transposition_deletion_exact_chain,93,0.4838709677419355,0.6774193548387096,0.7956989247311828,0.5715569675247093,19,nested_algorithm_5_component,Flag off: transposition deletion exact chain,Set only ENABLE_TRANSPOSITION_DELETION_EXACT_CHAIN=False; every other Algorithm 5 switch remains enabled.,atomic_flag,0.0,0.0,0.0,0.0,ranking_changed_without_top_k_change,IJ6EK,VIGOREX,999,999
ocr,all,algorithm_6_nested__without_flag__unique_nearest_rerank,464,0.5043103448275862,0.6357758620689655,0.7327586206896551,0.5624167157920962,124,nested_algorithm_5_component,Flag off: unique nearest rerank,Set only ENABLE_UNIQUE_NEAREST_RERANK=False; every other Algorithm 5 switch remains enabled.,atomic_flag,0.0,0.0,0.0,0.0,ranking_changed_without_top_k_change,H,RIVO,999,999
ocr,development,algorithm_6_nested__without_flag__unique_nearest_rerank,371,0.5094339622641509,0.6253369272237197,0.7169811320754716,0.560125493659662,105,nested_algorithm_5_component,Flag off: unique nearest rerank,Set only ENABLE_UNIQUE_NEAREST_RERANK=False; every other Algorithm 5 switch remains enabled.,atomic_flag,0.0,0.0,0.0,0.0,ranking_changed_without_top_k_change,H,RIVO,999,999
ocr,holdout,algorithm_6_nested__without_flag__unique_nearest_rerank,93,0.4838709677419355,0.6774193548387096,0.7956989247311828,0.5715569675247093,19,nested_algorithm_5_component,Flag off: unique nearest rerank,Set only ENABLE_UNIQUE_NEAREST_RERANK=False; every other Algorithm 5 switch remains enabled.,atomic_flag,0.0,0.0,0.0,0.0,ranking_changed_without_top_k_change,IJ6EK,VIGOREX,999,999
ocr,all,algorithm_6_nested__without_flag__visual_distance_tie_rerank,464,0.5043103448275862,0.6357758620689655,0.7327586206896551,0.5624167157920962,124,nested_algorithm_5_component,Flag off: visual distance tie rerank,Set only ENABLE_VISUAL_DISTANCE_TIE_RERANK=False; every other Algorithm 5 switch remains enabled.,atomic_flag,0.0,0.0,0.0,0.0,ranking_changed_without_top_k_change,H,RIVO,999,999
ocr,development,algorithm_6_nested__without_flag__visual_distance_tie_rerank,371,0.5094339622641509,0.6253369272237197,0.7169811320754716,0.560125493659662,105,nested_algorithm_5_component,Flag off: visual distance tie rerank,Set only ENABLE_VISUAL_DISTANCE_TIE_RERANK=False; every other Algorithm 5 switch remains enabled.,atomic_flag,0.0,0.0,0.0,0.0,ranking_changed_without_top_k_change,H,RIVO,999,999
ocr,holdout,algorithm_6_nested__without_flag__visual_distance_tie_rerank,93,0.4838709677419355,0.6774193548387096,0.7956989247311828,0.5715569675247093,19,nested_algorithm_5_component,Flag off: visual distance tie rerank,Set only ENABLE_VISUAL_DISTANCE_TIE_RERANK=False; every other Algorithm 5 switch remains enabled.,atomic_flag,0.0,0.0,0.0,0.0,ranking_changed_without_top_k_change,IJ6EK,VIGOREX,999,999
ocr,all,algorithm_6_nested__without_flag__visual_multi_chain_rerank,464,0.5043103448275862,0.6357758620689655,0.7327586206896551,0.5624167157920962,124,nested_algorithm_5_component,Flag off: visual multi chain rerank,Set only ENABLE_VISUAL_MULTI_CHAIN_RERANK=False; every other Algorithm 5 switch remains enabled.,atomic_flag,0.0,0.0,0.0,0.0,ranking_changed_without_top_k_change,H,RIVO,999,999
ocr,development,algorithm_6_nested__without_flag__visual_multi_chain_rerank,371,0.5094339622641509,0.6253369272237197,0.7169811320754716,0.560125493659662,105,nested_algorithm_5_component,Flag off: visual multi chain rerank,Set only ENABLE_VISUAL_MULTI_CHAIN_RERANK=False; every other Algorithm 5 switch remains enabled.,atomic_flag,0.0,0.0,0.0,0.0,ranking_changed_without_top_k_change,H,RIVO,999,999
ocr,holdout,algorithm_6_nested__without_flag__visual_multi_chain_rerank,93,0.4838709677419355,0.6774193548387096,0.7956989247311828,0.5715569675247093,19,nested_algorithm_5_component,Flag off: visual multi chain rerank,Set only ENABLE_VISUAL_MULTI_CHAIN_RERANK=False; every other Algorithm 5 switch remains enabled.,atomic_flag,0.0,0.0,0.0,0.0,ranking_changed_without_top_k_change,IJ6EK,VIGOREX,999,999
ocr,all,algorithm_6_nested__without_flag__visual_phonetic_chain_rerank,464,0.5043103448275862,0.6357758620689655,0.7327586206896551,0.5624167157920962,124,nested_algorithm_5_component,Flag off: visual phonetic chain rerank,Set only ENABLE_VISUAL_PHONETIC_CHAIN_RERANK=False; every other Algorithm 5 switch remains enabled.,atomic_flag,0.0,0.0,0.0,0.0,ranking_changed_without_top_k_change,H,RIVO,999,999
ocr,development,algorithm_6_nested__without_flag__visual_phonetic_chain_rerank,371,0.5094339622641509,0.6253369272237197,0.7169811320754716,0.560125493659662,105,nested_algorithm_5_component,Flag off: visual phonetic chain rerank,Set only ENABLE_VISUAL_PHONETIC_CHAIN_RERANK=False; every other Algorithm 5 switch remains enabled.,atomic_flag,0.0,0.0,0.0,0.0,ranking_changed_without_top_k_change,H,RIVO,999,999
ocr,holdout,algorithm_6_nested__without_flag__visual_phonetic_chain_rerank,93,0.4838709677419355,0.6774193548387096,0.7956989247311828,0.5715569675247093,19,nested_algorithm_5_component,Flag off: visual phonetic chain rerank,Set only ENABLE_VISUAL_PHONETIC_CHAIN_RERANK=False; every other Algorithm 5 switch remains enabled.,atomic_flag,0.0,0.0,0.0,0.0,ranking_changed_without_top_k_change,IJ6EK,VIGOREX,999,999
ocr,all,algorithm_6_nested__without_flag__visual_phonetic_dual_extension_rerank,464,0.5043103448275862,0.6357758620689655,0.7327586206896551,0.5624167157920962,124,nested_algorithm_5_component,Flag off: visual phonetic dual extension rerank,Set only ENABLE_VISUAL_PHONETIC_DUAL_EXTENSION_RERANK=False; every other Algorithm 5 switch remains enabled.,atomic_flag,0.0,0.0,0.0,0.0,ranking_changed_without_top_k_change,H,RIVO,999,999
ocr,development,algorithm_6_nested__without_flag__visual_phonetic_dual_extension_rerank,371,0.5094339622641509,0.6253369272237197,0.7169811320754716,0.560125493659662,105,nested_algorithm_5_component,Flag off: visual phonetic dual extension rerank,Set only ENABLE_VISUAL_PHONETIC_DUAL_EXTENSION_RERANK=False; every other Algorithm 5 switch remains enabled.,atomic_flag,0.0,0.0,0.0,0.0,ranking_changed_without_top_k_change,H,RIVO,999,999
ocr,holdout,algorithm_6_nested__without_flag__visual_phonetic_dual_extension_rerank,93,0.4838709677419355,0.6774193548387096,0.7956989247311828,0.5715569675247093,19,nested_algorithm_5_component,Flag off: visual phonetic dual extension rerank,Set only ENABLE_VISUAL_PHONETIC_DUAL_EXTENSION_RERANK=False; every other Algorithm 5 switch remains enabled.,atomic_flag,0.0,0.0,0.0,0.0,ranking_changed_without_top_k_change,IJ6EK,VIGOREX,999,999
ocr,all,algorithm_6_nested__without_flag__visual_phonetic_exact_key_extension_rerank,464,0.5043103448275862,0.6357758620689655,0.7327586206896551,0.5624167157920962,124,nested_algorithm_5_component,Flag off: visual phonetic exact key extension rerank,Set only ENABLE_VISUAL_PHONETIC_EXACT_KEY_EXTENSION_RERANK=False; every other Algorithm 5 switch remains enabled.,atomic_flag,0.0,0.0,0.0,0.0,ranking_changed_without_top_k_change,H,RIVO,999,999
ocr,development,algorithm_6_nested__without_flag__visual_phonetic_exact_key_extension_rerank,371,0.5094339622641509,0.6253369272237197,0.7169811320754716,0.560125493659662,105,nested_algorithm_5_component,Flag off: visual phonetic exact key extension rerank,Set only ENABLE_VISUAL_PHONETIC_EXACT_KEY_EXTENSION_RERANK=False; every other Algorithm 5 switch remains enabled.,atomic_flag,0.0,0.0,0.0,0.0,ranking_changed_without_top_k_change,H,RIVO,999,999
ocr,holdout,algorithm_6_nested__without_flag__visual_phonetic_exact_key_extension_rerank,93,0.4838709677419355,0.6774193548387096,0.7956989247311828,0.5715569675247093,19,nested_algorithm_5_component,Flag off: visual phonetic exact key extension rerank,Set only ENABLE_VISUAL_PHONETIC_EXACT_KEY_EXTENSION_RERANK=False; every other Algorithm 5 switch remains enabled.,atomic_flag,0.0,0.0,0.0,0.0,ranking_changed_without_top_k_change,IJ6EK,VIGOREX,999,999
ocr,all,algorithm_6_nested__without_flag__visual_phonetic_in_place_score,464,0.5043103448275862,0.6357758620689655,0.7327586206896551,0.5624167157920962,124,nested_algorithm_5_component,Flag off: visual phonetic in place score,Set only ENABLE_VISUAL_PHONETIC_IN_PLACE_SCORE=False; every other Algorithm 5 switch remains enabled.,atomic_flag,0.0,0.0,0.0,0.0,ranking_changed_without_top_k_change,H,RIVO,999,999
ocr,development,algorithm_6_nested__without_flag__visual_phonetic_in_place_score,371,0.5094339622641509,0.6253369272237197,0.7169811320754716,0.560125493659662,105,nested_algorithm_5_component,Flag off: visual phonetic in place score,Set only ENABLE_VISUAL_PHONETIC_IN_PLACE_SCORE=False; every other Algorithm 5 switch remains enabled.,atomic_flag,0.0,0.0,0.0,0.0,ranking_changed_without_top_k_change,H,RIVO,999,999
ocr,holdout,algorithm_6_nested__without_flag__visual_phonetic_in_place_score,93,0.4838709677419355,0.6774193548387096,0.7956989247311828,0.5715569675247093,19,nested_algorithm_5_component,Flag off: visual phonetic in place score,Set only ENABLE_VISUAL_PHONETIC_IN_PLACE_SCORE=False; every other Algorithm 5 switch remains enabled.,atomic_flag,0.0,0.0,0.0,0.0,ranking_changed_without_top_k_change,IJ6EK,VIGOREX,999,999
ocr,all,algorithm_6_nested__without_flag__visual_phonetic_score_tuning,464,0.5043103448275862,0.6357758620689655,0.7327586206896551,0.5624167157920962,124,nested_algorithm_5_component,Flag off: visual phonetic score tuning,Set only ENABLE_VISUAL_PHONETIC_SCORE_TUNING=False; every other Algorithm 5 switch remains enabled.,atomic_flag,0.0,0.0,0.0,0.0,ranking_changed_without_top_k_change,H,RIVO,999,999
ocr,development,algorithm_6_nested__without_flag__visual_phonetic_score_tuning,371,0.5094339622641509,0.6253369272237197,0.7169811320754716,0.560125493659662,105,nested_algorithm_5_component,Flag off: visual phonetic score tuning,Set only ENABLE_VISUAL_PHONETIC_SCORE_TUNING=False; every other Algorithm 5 switch remains enabled.,atomic_flag,0.0,0.0,0.0,0.0,ranking_changed_without_top_k_change,H,RIVO,999,999
ocr,holdout,algorithm_6_nested__without_flag__visual_phonetic_score_tuning,93,0.4838709677419355,0.6774193548387096,0.7956989247311828,0.5715569675247093,19,nested_algorithm_5_component,Flag off: visual phonetic score tuning,Set only ENABLE_VISUAL_PHONETIC_SCORE_TUNING=False; every other Algorithm 5 switch remains enabled.,atomic_flag,0.0,0.0,0.0,0.0,ranking_changed_without_top_k_change,IJ6EK,VIGOREX,999,999
ocr,all,algorithm_6_nested__without_flag__visual_visual_delete_rerank,464,0.5043103448275862,0.6357758620689655,0.7327586206896551,0.5624167157920962,124,nested_algorithm_5_component,Flag off: visual visual delete rerank,Set only ENABLE_VISUAL_VISUAL_DELETE_RERANK=False; every other Algorithm 5 switch remains enabled.,atomic_flag,0.0,0.0,0.0,0.0,ranking_changed_without_top_k_change,H,RIVO,999,999
ocr,development,algorithm_6_nested__without_flag__visual_visual_delete_rerank,371,0.5094339622641509,0.6253369272237197,0.7169811320754716,0.560125493659662,105,nested_algorithm_5_component,Flag off: visual visual delete rerank,Set only ENABLE_VISUAL_VISUAL_DELETE_RERANK=False; every other Algorithm 5 switch remains enabled.,atomic_flag,0.0,0.0,0.0,0.0,ranking_changed_without_top_k_change,H,RIVO,999,999
ocr,holdout,algorithm_6_nested__without_flag__visual_visual_delete_rerank,93,0.4838709677419355,0.6774193548387096,0.7956989247311828,0.5715569675247093,19,nested_algorithm_5_component,Flag off: visual visual delete rerank,Set only ENABLE_VISUAL_VISUAL_DELETE_RERANK=False; every other Algorithm 5 switch remains enabled.,atomic_flag,0.0,0.0,0.0,0.0,ranking_changed_without_top_k_change,IJ6EK,VIGOREX,999,999
ocr,all,algorithm_6_nested__without_flag__visual_visual_deletion_chain,464,0.5043103448275862,0.6357758620689655,0.7327586206896551,0.5624167157920962,124,nested_algorithm_5_component,Flag off: visual visual deletion chain,Set only ENABLE_VISUAL_VISUAL_DELETION_CHAIN=False; every other Algorithm 5 switch remains enabled.,atomic_flag,0.0,0.0,0.0,0.0,ranking_changed_without_top_k_change,H,RIVO,999,999
ocr,development,algorithm_6_nested__without_flag__visual_visual_deletion_chain,371,0.5094339622641509,0.6253369272237197,0.7169811320754716,0.560125493659662,105,nested_algorithm_5_component,Flag off: visual visual deletion chain,Set only ENABLE_VISUAL_VISUAL_DELETION_CHAIN=False; every other Algorithm 5 switch remains enabled.,atomic_flag,0.0,0.0,0.0,0.0,ranking_changed_without_top_k_change,H,RIVO,999,999
ocr,holdout,algorithm_6_nested__without_flag__visual_visual_deletion_chain,93,0.4838709677419355,0.6774193548387096,0.7956989247311828,0.5715569675247093,19,nested_algorithm_5_component,Flag off: visual visual deletion chain,Set only ENABLE_VISUAL_VISUAL_DELETION_CHAIN=False; every other Algorithm 5 switch remains enabled.,atomic_flag,0.0,0.0,0.0,0.0,ranking_changed_without_top_k_change,IJ6EK,VIGOREX,999,999
ocr,all,algorithm_6_nested__without_flag__vowel_phonetic_delete_rerank,464,0.5043103448275862,0.6357758620689655,0.7327586206896551,0.5624167157920962,124,nested_algorithm_5_component,Flag off: vowel phonetic delete rerank,Set only ENABLE_VOWEL_PHONETIC_DELETE_RERANK=False; every other Algorithm 5 switch remains enabled.,atomic_flag,0.0,0.0,0.0,0.0,ranking_changed_without_top_k_change,H,RIVO,999,999
ocr,development,algorithm_6_nested__without_flag__vowel_phonetic_delete_rerank,371,0.5094339622641509,0.6253369272237197,0.7169811320754716,0.560125493659662,105,nested_algorithm_5_component,Flag off: vowel phonetic delete rerank,Set only ENABLE_VOWEL_PHONETIC_DELETE_RERANK=False; every other Algorithm 5 switch remains enabled.,atomic_flag,0.0,0.0,0.0,0.0,ranking_changed_without_top_k_change,H,RIVO,999,999
ocr,holdout,algorithm_6_nested__without_flag__vowel_phonetic_delete_rerank,93,0.4838709677419355,0.6774193548387096,0.7956989247311828,0.5715569675247093,19,nested_algorithm_5_component,Flag off: vowel phonetic delete rerank,Set only ENABLE_VOWEL_PHONETIC_DELETE_RERANK=False; every other Algorithm 5 switch remains enabled.,atomic_flag,0.0,0.0,0.0,0.0,ranking_changed_without_top_k_change,IJ6EK,VIGOREX,999,999
ocr,all,algorithm_6_nested__without_flag__vowel_phonetic_multi_chain_extension_rerank,464,0.5043103448275862,0.6357758620689655,0.7327586206896551,0.5624167157920962,124,nested_algorithm_5_component,Flag off: vowel phonetic multi chain extension rerank,Set only ENABLE_VOWEL_PHONETIC_MULTI_CHAIN_EXTENSION_RERANK=False; every other Algorithm 5 switch remains enabled.,atomic_flag,0.0,0.0,0.0,0.0,ranking_changed_without_top_k_change,H,RIVO,999,999
ocr,development,algorithm_6_nested__without_flag__vowel_phonetic_multi_chain_extension_rerank,371,0.5094339622641509,0.6253369272237197,0.7169811320754716,0.560125493659662,105,nested_algorithm_5_component,Flag off: vowel phonetic multi chain extension rerank,Set only ENABLE_VOWEL_PHONETIC_MULTI_CHAIN_EXTENSION_RERANK=False; every other Algorithm 5 switch remains enabled.,atomic_flag,0.0,0.0,0.0,0.0,ranking_changed_without_top_k_change,H,RIVO,999,999
ocr,holdout,algorithm_6_nested__without_flag__vowel_phonetic_multi_chain_extension_rerank,93,0.4838709677419355,0.6774193548387096,0.7956989247311828,0.5715569675247093,19,nested_algorithm_5_component,Flag off: vowel phonetic multi chain extension rerank,Set only ENABLE_VOWEL_PHONETIC_MULTI_CHAIN_EXTENSION_RERANK=False; every other Algorithm 5 switch remains enabled.,atomic_flag,0.0,0.0,0.0,0.0,ranking_changed_without_top_k_change,IJ6EK,VIGOREX,999,999
ocr,all,algorithm_6_nested__without_flag__weighted_edge_advantage_rerank,464,0.5043103448275862,0.6357758620689655,0.7327586206896551,0.5624167157920962,124,nested_algorithm_5_component,Flag off: weighted edge advantage rerank,Set only ENABLE_WEIGHTED_EDGE_ADVANTAGE_RERANK=False; every other Algorithm 5 switch remains enabled.,atomic_flag,0.0,0.0,0.0,0.0,ranking_changed_without_top_k_change,H,RIVO,999,999
ocr,development,algorithm_6_nested__without_flag__weighted_edge_advantage_rerank,371,0.5094339622641509,0.6253369272237197,0.7169811320754716,0.560125493659662,105,nested_algorithm_5_component,Flag off: weighted edge advantage rerank,Set only ENABLE_WEIGHTED_EDGE_ADVANTAGE_RERANK=False; every other Algorithm 5 switch remains enabled.,atomic_flag,0.0,0.0,0.0,0.0,ranking_changed_without_top_k_change,H,RIVO,999,999
ocr,holdout,algorithm_6_nested__without_flag__weighted_edge_advantage_rerank,93,0.4838709677419355,0.6774193548387096,0.7956989247311828,0.5715569675247093,19,nested_algorithm_5_component,Flag off: weighted edge advantage rerank,Set only ENABLE_WEIGHTED_EDGE_ADVANTAGE_RERANK=False; every other Algorithm 5 switch remains enabled.,atomic_flag,0.0,0.0,0.0,0.0,ranking_changed_without_top_k_change,IJ6EK,VIGOREX,999,999
ocr,all,algorithm_6_nested__without_flag__weighted_edge_tie_rerank,464,0.5043103448275862,0.6357758620689655,0.7327586206896551,0.5624167157920962,124,nested_algorithm_5_component,Flag off: weighted edge tie rerank,Set only ENABLE_WEIGHTED_EDGE_TIE_RERANK=False; every other Algorithm 5 switch remains enabled.,atomic_flag,0.0,0.0,0.0,0.0,ranking_changed_without_top_k_change,H,RIVO,999,999
ocr,development,algorithm_6_nested__without_flag__weighted_edge_tie_rerank,371,0.5094339622641509,0.6253369272237197,0.7169811320754716,0.560125493659662,105,nested_algorithm_5_component,Flag off: weighted edge tie rerank,Set only ENABLE_WEIGHTED_EDGE_TIE_RERANK=False; every other Algorithm 5 switch remains enabled.,atomic_flag,0.0,0.0,0.0,0.0,ranking_changed_without_top_k_change,H,RIVO,999,999
ocr,holdout,algorithm_6_nested__without_flag__weighted_edge_tie_rerank,93,0.4838709677419355,0.6774193548387096,0.7956989247311828,0.5715569675247093,19,nested_algorithm_5_component,Flag off: weighted edge tie rerank,Set only ENABLE_WEIGHTED_EDGE_TIE_RERANK=False; every other Algorithm 5 switch remains enabled.,atomic_flag,0.0,0.0,0.0,0.0,ranking_changed_without_top_k_change,IJ6EK,VIGOREX,999,999
ocr,all,algorithm_6_nested__without_flag__weighted_exact_key_tie_rerank,464,0.5043103448275862,0.6357758620689655,0.7327586206896551,0.5624167157920962,124,nested_algorithm_5_component,Flag off: weighted exact key tie rerank,Set only ENABLE_WEIGHTED_EXACT_KEY_TIE_RERANK=False; every other Algorithm 5 switch remains enabled.,atomic_flag,0.0,0.0,0.0,0.0,ranking_changed_without_top_k_change,H,RIVO,999,999
ocr,development,algorithm_6_nested__without_flag__weighted_exact_key_tie_rerank,371,0.5094339622641509,0.6253369272237197,0.7169811320754716,0.560125493659662,105,nested_algorithm_5_component,Flag off: weighted exact key tie rerank,Set only ENABLE_WEIGHTED_EXACT_KEY_TIE_RERANK=False; every other Algorithm 5 switch remains enabled.,atomic_flag,0.0,0.0,0.0,0.0,ranking_changed_without_top_k_change,H,RIVO,999,999
ocr,holdout,algorithm_6_nested__without_flag__weighted_exact_key_tie_rerank,93,0.4838709677419355,0.6774193548387096,0.7956989247311828,0.5715569675247093,19,nested_algorithm_5_component,Flag off: weighted exact key tie rerank,Set only ENABLE_WEIGHTED_EXACT_KEY_TIE_RERANK=False; every other Algorithm 5 switch remains enabled.,atomic_flag,0.0,0.0,0.0,0.0,ranking_changed_without_top_k_change,IJ6EK,VIGOREX,999,999
ocr,all,algorithm_6_nested__without_in_place_chain_score_tuning,464,0.5043103448275862,0.6357758620689655,0.7327586206896551,0.5624286889721727,124,nested_algorithm_5_component,in-place chain score tuning,Keep chain retrieval but prevent it from replacing an existing candidate score.,scoring,0.0,0.0,0.0,0.0,ranking_changed_without_top_k_change,H,RIVO,999,999
ocr,development,algorithm_6_nested__without_in_place_chain_score_tuning,371,0.5094339622641509,0.6253369272237197,0.7169811320754716,0.5601404682029384,105,nested_algorithm_5_component,in-place chain score tuning,Keep chain retrieval but prevent it from replacing an existing candidate score.,scoring,0.0,0.0,0.0,0.0,ranking_changed_without_top_k_change,H,RIVO,999,999
ocr,holdout,algorithm_6_nested__without_in_place_chain_score_tuning,93,0.4838709677419355,0.6774193548387096,0.7956989247311828,0.5715569675247093,19,nested_algorithm_5_component,in-place chain score tuning,Keep chain retrieval but prevent it from replacing an existing candidate score.,scoring,0.0,0.0,0.0,0.0,ranking_changed_without_top_k_change,IJ6EK,VIGOREX,999,999
ocr,all,algorithm_6_nested__without_keyboard_variant_rescue,464,0.5043103448275862,0.6357758620689655,0.7327586206896551,0.5624436554472685,124,nested_algorithm_5_component,keyboard rescue,Remove keyboard-neighbor variants and keyboard-plus-deletion chains.,retrieval,0.0,0.0,0.0,0.0,ranking_changed_without_top_k_change,H,RIVO,999,999
ocr,development,algorithm_6_nested__without_keyboard_variant_rescue,371,0.5094339622641509,0.6253369272237197,0.7169811320754716,0.560159186382034,105,nested_algorithm_5_component,keyboard rescue,Remove keyboard-neighbor variants and keyboard-plus-deletion chains.,retrieval,0.0,0.0,0.0,0.0,ranking_changed_without_top_k_change,H,RIVO,999,999
ocr,holdout,algorithm_6_nested__without_keyboard_variant_rescue,93,0.4838709677419355,0.6774193548387096,0.7956989247311828,0.5715569675247093,19,nested_algorithm_5_component,keyboard rescue,Remove keyboard-neighbor variants and keyboard-plus-deletion chains.,retrieval,0.0,0.0,0.0,0.0,ranking_changed_without_top_k_change,IJ6EK,VIGOREX,999,999
ocr,all,algorithm_6_nested__without_length_bucket_scan,464,0.4978448275862069,0.6314655172413793,0.7176724137931034,0.5557472268758399,131,nested_algorithm_5_component,compatible-length scan,Suppress fallback scanning of compatible-length family buckets.,retrieval,0.0,3.0,0.0,7.0,lost_hit_at_20,INDULGENCE,INDERAL,10,999
ocr,development,algorithm_6_nested__without_length_bucket_scan,371,0.5040431266846361,0.6226415094339622,0.7088948787061995,0.5550989576021287,108,nested_algorithm_5_component,compatible-length scan,Suppress fallback scanning of compatible-length family buckets.,retrieval,0.0,2.0,0.0,3.0,lost_hit_at_20,KUTORECALAE,KETOROLAC,1,999
ocr,holdout,algorithm_6_nested__without_length_bucket_scan,93,0.4731182795698925,0.6666666666666666,0.7526881720430108,0.5583333333333333,23,nested_algorithm_5_component,compatible-length scan,Suppress fallback scanning of compatible-length family buckets.,retrieval,0.0,1.0,0.0,4.0,lost_hit_at_20,INDULGENCE,INDERAL,10,999
ocr,all,algorithm_6_nested__without_length_coverage_signal,464,0.5021551724137931,0.6314655172413793,0.7025862068965517,0.5571552486137932,138,nested_algorithm_5_component,length coverage,Set query-to-family length coverage to zero.,signal,1.0,2.0,1.0,15.0,lost_hit_at_20,TUTORIALAE,KETOROLAC,7,999
ocr,development,algorithm_6_nested__without_length_coverage_signal,371,0.5040431266846361,0.6199460916442049,0.6846361185983828,0.5527831141692724,117,nested_algorithm_5_component,length coverage,Set query-to-family length coverage to zero.,signal,0.0,2.0,1.0,13.0,lost_hit_at_20,TUTORIALAE,KETOROLAC,7,999
ocr,holdout,algorithm_6_nested__without_length_coverage_signal,93,0.4946236559139785,0.6774193548387096,0.7741935483870968,0.5745967741935483,21,nested_algorithm_5_component,length coverage,Set query-to-family length coverage to zero.,signal,1.0,0.0,0.0,2.0,lost_hit_at_20,INDULGENCE,INDERAL,10,999
ocr,all,algorithm_6_nested__without_ligature_variant_rescue,464,0.5043103448275862,0.6379310344827587,0.7327586206896551,0.5626578121000028,124,nested_algorithm_5_component,ligature rescue,Remove direct ligature variants and ligature-plus-vowel/transposition chains.,retrieval,0.0,0.0,0.0,0.0,ranking_changed_without_top_k_change,H,RIVO,999,999
ocr,development,algorithm_6_nested__without_ligature_variant_rescue,371,0.5094339622641509,0.628032345013477,0.7169811320754716,0.5604270265083647,105,nested_algorithm_5_component,ligature rescue,Remove direct ligature variants and ligature-plus-vowel/transposition chains.,retrieval,0.0,0.0,0.0,0.0,ranking_changed_without_top_k_change,H,RIVO,999,999
ocr,holdout,algorithm_6_nested__without_ligature_variant_rescue,93,0.4838709677419355,0.6774193548387096,0.7956989247311828,0.5715569675247093,19,nested_algorithm_5_component,ligature rescue,Remove direct ligature variants and ligature-plus-vowel/transposition chains.,retrieval,0.0,0.0,0.0,0.0,ranking_changed_without_top_k_change,IJ6EK,VIGOREX,999,999
ocr,all,algorithm_6_nested__without_nearest_fallback,464,0.5043103448275862,0.6379310344827587,0.7327586206896551,0.5627887396016199,124,nested_algorithm_5_component,bounded-nearest fallback,Remove the bounded exhaustive nearest-family fallback.,retrieval,0.0,0.0,0.0,0.0,ranking_changed_without_top_k_change,H,RIVO,999,999
ocr,development,algorithm_6_nested__without_nearest_fallback,371,0.5094339622641509,0.628032345013477,0.7169811320754716,0.5605907741114654,105,nested_algorithm_5_component,bounded-nearest fallback,Remove the bounded exhaustive nearest-family fallback.,retrieval,0.0,0.0,0.0,0.0,ranking_changed_without_top_k_change,H,RIVO,999,999
ocr,holdout,algorithm_6_nested__without_nearest_fallback,93,0.4838709677419355,0.6774193548387096,0.7956989247311828,0.5715569675247093,19,nested_algorithm_5_component,bounded-nearest fallback,Remove the bounded exhaustive nearest-family fallback.,retrieval,0.0,0.0,0.0,0.0,ranking_changed_without_top_k_change,FVH,ENTECAVIR,999,999
ocr,all,algorithm_6_nested__without_nearest_rerankers,464,0.5043103448275862,0.6357758620689655,0.7327586206896551,0.5624167157920962,124,nested_algorithm_5_component,nearest-candidate rerankers,Disable all bounded-nearest promotion variants after initial ranking.,reranker,0.0,0.0,0.0,0.0,ranking_changed_without_top_k_change,H,RIVO,999,999
ocr,development,algorithm_6_nested__without_nearest_rerankers,371,0.5094339622641509,0.6253369272237197,0.7169811320754716,0.560125493659662,105,nested_algorithm_5_component,nearest-candidate rerankers,Disable all bounded-nearest promotion variants after initial ranking.,reranker,0.0,0.0,0.0,0.0,ranking_changed_without_top_k_change,H,RIVO,999,999
ocr,holdout,algorithm_6_nested__without_nearest_rerankers,93,0.4838709677419355,0.6774193548387096,0.7956989247311828,0.5715569675247093,19,nested_algorithm_5_component,nearest-candidate rerankers,Disable all bounded-nearest promotion variants after initial ranking.,reranker,0.0,0.0,0.0,0.0,ranking_changed_without_top_k_change,IJ6EK,VIGOREX,999,999
ocr,all,algorithm_6_nested__without_ngram_signal,464,0.48060344827586204,0.6228448275862069,0.7198275862068966,0.5457117331198214,130,nested_algorithm_5_component,character n-grams,Remove character n-gram retrieval and scoring evidence.,signal,0.0,11.0,2.0,8.0,lost_hit_at_20,TUTORIALAE,KETOROLAC,7,999
ocr,development,algorithm_6_nested__without_ngram_signal,371,0.48787061994609165,0.6118598382749326,0.706199460916442,0.5436356215530149,109,nested_algorithm_5_component,character n-grams,Remove character n-gram retrieval and scoring evidence.,signal,0.0,8.0,2.0,6.0,lost_hit_at_20,TUTORIALAE,KETOROLAC,7,999
ocr,holdout,algorithm_6_nested__without_ngram_signal,93,0.45161290322580644,0.6666666666666666,0.7741935483870968,0.5539938556067587,21,nested_algorithm_5_component,character n-grams,Remove character n-gram retrieval and scoring evidence.,signal,0.0,3.0,0.0,2.0,lost_hit_at_20,INDULGENCE,INDERAL,10,999
ocr,all,algorithm_6_nested__without_phonetic_signal,464,0.4956896551724138,0.6422413793103449,0.7327586206896551,0.5603991823550013,124,nested_algorithm_5_component,phonetic evidence,Remove the phonetic key from candidate retrieval and scoring.,signal,0.0,4.0,0.0,0.0,lost_hit_at_1,ECOFIXIM,CEFIXIME,1,2
ocr,development,algorithm_6_nested__without_phonetic_signal,371,0.5013477088948787,0.633423180592992,0.7169811320754716,0.5591241754651458,105,nested_algorithm_5_component,phonetic evidence,Remove the phonetic key from candidate retrieval and scoring.,signal,0.0,3.0,0.0,0.0,lost_hit_at_1,OSTEOCL,OSTOCAL,1,2
ocr,holdout,algorithm_6_nested__without_phonetic_signal,93,0.4731182795698925,0.6774193548387096,0.7956989247311828,0.5654855001629194,19,nested_algorithm_5_component,phonetic evidence,Remove the phonetic key from candidate retrieval and scoring.,signal,0.0,1.0,0.0,0.0,lost_hit_at_1,ECOFIXIM,CEFIXIME,1,2
ocr,all,algorithm_6_nested__without_positional_signal,464,0.4892241379310345,0.625,0.7133620689655172,0.5479047338973643,133,nested_algorithm_5_component,positional evidence,Set same-position character evidence to zero.,signal,1.0,8.0,1.0,10.0,lost_hit_at_20,TEFAXATE,TELFAST,16,999
ocr,development,algorithm_6_nested__without_positional_signal,371,0.48787061994609165,0.6145552560646901,0.6981132075471698,0.5412569592504377,112,nested_algorithm_5_component,positional evidence,Set same-position character evidence to zero.,signal,0.0,8.0,1.0,8.0,lost_hit_at_20,TEFAXATE,TELFAST,16,999
ocr,holdout,algorithm_6_nested__without_positional_signal,93,0.4946236559139785,0.6666666666666666,0.7741935483870968,0.5744243510372543,21,nested_algorithm_5_component,positional evidence,Set same-position character evidence to zero.,signal,1.0,0.0,0.0,2.0,lost_hit_at_20,INDULGENCE,INDERAL,10,999
ocr,all,algorithm_6_nested__without_prefix_signal,464,0.4870689655172414,0.6185344827586207,0.7133620689655172,0.5451845665803243,133,nested_algorithm_5_component,prefix evidence,"Set prefix similarity to zero in retrieval, scoring, and corrections.",signal,3.0,11.0,0.0,9.0,lost_hit_at_20,RIVITAM,RIVOTRIL,17,999
ocr,development,algorithm_6_nested__without_prefix_signal,371,0.48517520215633425,0.6037735849056604,0.6954177897574124,0.5372776917286777,113,nested_algorithm_5_component,prefix evidence,"Set prefix similarity to zero in retrieval, scoring, and corrections.",signal,2.0,11.0,0.0,8.0,lost_hit_at_20,RIVITAM,RIVOTRIL,17,999
ocr,holdout,algorithm_6_nested__without_prefix_signal,93,0.4946236559139785,0.6774193548387096,0.7849462365591398,0.5767270458272156,20,nested_algorithm_5_component,prefix evidence,"Set prefix similarity to zero in retrieval, scoring, and corrections.",signal,1.0,0.0,0.0,1.0,lost_hit_at_20,INDULGENCE,INDERAL,10,999
ocr,all,algorithm_6_nested__without_raw_edit_similarity,464,0.49353448275862066,0.6185344827586207,0.6788793103448276,0.5455062057366022,149,nested_algorithm_5_component,raw edit similarity,Set unweighted normalized edit similarity to zero while retaining distances used by guards.,signal,1.0,6.0,2.0,27.0,lost_hit_at_20,TUTORIALAE,KETOROLAC,7,999
ocr,development,algorithm_6_nested__without_raw_edit_similarity,371,0.49595687331536387,0.6118598382749326,0.6657681940700808,0.5431562594551922,124,nested_algorithm_5_component,raw edit similarity,Set unweighted normalized edit similarity to zero while retaining distances used by guards.,signal,0.0,5.0,2.0,21.0,lost_hit_at_20,TUTORIALAE,KETOROLAC,7,999
ocr,holdout,algorithm_6_nested__without_raw_edit_similarity,93,0.4838709677419355,0.6451612903225806,0.7311827956989247,0.5548807226226581,25,nested_algorithm_5_component,raw edit similarity,Set unweighted normalized edit similarity to zero while retaining distances used by guards.,signal,1.0,1.0,0.0,6.0,lost_hit_at_20,INDULGENCE,INDERAL,10,999
ocr,all,algorithm_6_nested__without_rescue_layer,464,0.36637931034482757,0.47629310344827586,0.5603448275862069,0.4108312664347147,204,nested_algorithm_5_component,family rescue,Remove the complete Algorithm 5 family-rescue result list.,component,5.0,69.0,3.0,83.0,lost_hit_at_20,TUTORIALAE,KETOROLAC,7,999
ocr,development,algorithm_6_nested__without_rescue_layer,371,0.3665768194070081,0.477088948787062,0.555256064690027,0.41127817600189576,165,nested_algorithm_5_component,family rescue,Remove the complete Algorithm 5 family-rescue result list.,component,5.0,58.0,3.0,63.0,lost_hit_at_20,TUTORIALAE,KETOROLAC,7,999
ocr,holdout,algorithm_6_nested__without_rescue_layer,93,0.3655913978494624,0.4731182795698925,0.5806451612903226,0.4090484336452079,39,nested_algorithm_5_component,family rescue,Remove the complete Algorithm 5 family-rescue result list.,component,0.0,11.0,0.0,20.0,lost_hit_at_20,INDULGENCE,INDERAL,10,999
ocr,all,algorithm_6_nested__without_retrieval_agreement_bonus,464,0.5021551724137931,0.6379310344827587,0.7327586206896551,0.5637876538817842,124,nested_algorithm_5_component,retriever agreement,Remove external/context and external/rescue agreement bonuses.,signal,1.0,2.0,0.0,0.0,lost_hit_at_1,OSSETIA,OSSICA,1,3
ocr,development,algorithm_6_nested__without_retrieval_agreement_bonus,371,0.5067385444743935,0.628032345013477,0.7169811320754716,0.5606423884151013,105,nested_algorithm_5_component,retriever agreement,Remove external/context and external/rescue agreement bonuses.,signal,1.0,2.0,0.0,0.0,lost_hit_at_1,OSSETIA,OSSICA,1,3
ocr,holdout,algorithm_6_nested__without_retrieval_agreement_bonus,93,0.4838709677419355,0.6774193548387096,0.7956989247311828,0.5763348956897344,19,nested_algorithm_5_component,retriever agreement,Remove external/context and external/rescue agreement bonuses.,signal,0.0,0.0,0.0,0.0,ranking_changed_without_top_k_change,IJ6EK,VIGOREX,999,999
ocr,all,algorithm_6_nested__without_safety_clarification_gate,464,0.5043103448275862,0.6357758620689655,0.7327586206896551,0.5624167157920962,124,nested_algorithm_5_component,safety clarification gate,Return the same ranking without Algorithm 5 clarification flags.,safety,0.0,0.0,0.0,0.0,ranking_changed_without_top_k_change,H,RIVO,999,999
ocr,development,algorithm_6_nested__without_safety_clarification_gate,371,0.5094339622641509,0.6253369272237197,0.7169811320754716,0.560125493659662,105,nested_algorithm_5_component,safety clarification gate,Return the same ranking without Algorithm 5 clarification flags.,safety,0.0,0.0,0.0,0.0,ranking_changed_without_top_k_change,H,RIVO,999,999
ocr,holdout,algorithm_6_nested__without_safety_clarification_gate,93,0.4838709677419355,0.6774193548387096,0.7956989247311828,0.5715569675247093,19,nested_algorithm_5_component,safety clarification gate,Return the same ranking without Algorithm 5 clarification flags.,safety,0.0,0.0,0.0,0.0,ranking_changed_without_top_k_change,IJ6EK,VIGOREX,999,999
ocr,all,algorithm_6_nested__without_short_edge_retrieval,464,0.4978448275862069,0.6228448275862069,0.7025862068965517,0.5531460895174598,138,nested_algorithm_5_component,short-edge retrieval,Remove short-query prefix and suffix retrieval.,retrieval,0.0,3.0,0.0,14.0,lost_hit_at_20,RICOHIL,RIVOTRIL,3,999
ocr,development,algorithm_6_nested__without_short_edge_retrieval,371,0.5067385444743935,0.6145552560646901,0.6900269541778976,0.554551124227674,115,nested_algorithm_5_component,short-edge retrieval,Remove short-query prefix and suffix retrieval.,retrieval,0.0,1.0,0.0,10.0,lost_hit_at_20,RICOHIL,RIVOTRIL,3,999
ocr,holdout,algorithm_6_nested__without_short_edge_retrieval,93,0.46236559139784944,0.6559139784946236,0.7526881720430108,0.5475410585767122,23,nested_algorithm_5_component,short-edge retrieval,Remove short-query prefix and suffix retrieval.,retrieval,0.0,2.0,0.0,4.0,lost_hit_at_20,NIGROHEX,VIGOREX,1,999
ocr,all,algorithm_6_nested__without_short_frame_rescue,464,0.5043103448275862,0.6336206896551724,0.7327586206896551,0.5621514638027062,124,nested_algorithm_5_component,short-frame rescue,Remove short consonant/phonetic frames and two-deletion frame candidates.,retrieval,0.0,0.0,1.0,1.0,lost_hit_at_20,LAE,LACTO,5,999
ocr,development,algorithm_6_nested__without_short_frame_rescue,371,0.5094339622641509,0.6226415094339622,0.7169811320754716,0.5597937499316918,105,nested_algorithm_5_component,short-frame rescue,Remove short consonant/phonetic frames and two-deletion frame candidates.,retrieval,0.0,0.0,1.0,1.0,lost_hit_at_20,LAE,LACTO,5,999
ocr,holdout,algorithm_6_nested__without_short_frame_rescue,93,0.4838709677419355,0.6774193548387096,0.7956989247311828,0.5715569675247093,19,nested_algorithm_5_component,short-frame rescue,Remove short consonant/phonetic frames and two-deletion frame candidates.,retrieval,0.0,0.0,0.0,0.0,ranking_changed_without_top_k_change,IJ6EK,VIGOREX,999,999
ocr,all,algorithm_6_nested__without_short_query_rescue,464,0.5043103448275862,0.6357758620689655,0.7327586206896551,0.5624167157920962,124,nested_algorithm_5_component,short-query rescue,Disable rescue triggered only because the compact query has three or four characters.,retrieval,0.0,0.0,0.0,0.0,ranking_changed_without_top_k_change,H,RIVO,999,999
ocr,development,algorithm_6_nested__without_short_query_rescue,371,0.5094339622641509,0.6253369272237197,0.7169811320754716,0.560125493659662,105,nested_algorithm_5_component,short-query rescue,Disable rescue triggered only because the compact query has three or four characters.,retrieval,0.0,0.0,0.0,0.0,ranking_changed_without_top_k_change,H,RIVO,999,999
ocr,holdout,algorithm_6_nested__without_short_query_rescue,93,0.4838709677419355,0.6774193548387096,0.7956989247311828,0.5715569675247093,19,nested_algorithm_5_component,short-query rescue,Disable rescue triggered only because the compact query has three or four characters.,retrieval,0.0,0.0,0.0,0.0,ranking_changed_without_top_k_change,IJ6EK,VIGOREX,999,999
ocr,all,algorithm_6_nested__without_short_visible_head_rescue,464,0.5043103448275862,0.6357758620689655,0.7306034482758621,0.5623089571714065,125,nested_algorithm_5_component,short visible-head rescue,Remove candidates supported by a short visible catalog-family head.,retrieval,0.0,0.0,0.0,1.0,lost_hit_at_20,LANS,LANTUS,20,999
ocr,development,algorithm_6_nested__without_short_visible_head_rescue,371,0.5094339622641509,0.6253369272237197,0.7169811320754716,0.560125493659662,105,nested_algorithm_5_component,short visible-head rescue,Remove candidates supported by a short visible catalog-family head.,retrieval,0.0,0.0,0.0,0.0,ranking_changed_without_top_k_change,H,RIVO,999,999
ocr,holdout,algorithm_6_nested__without_short_visible_head_rescue,93,0.4838709677419355,0.6774193548387096,0.7849462365591398,0.5710193331161072,20,nested_algorithm_5_component,short visible-head rescue,Remove candidates supported by a short visible catalog-family head.,retrieval,0.0,0.0,0.0,1.0,lost_hit_at_20,LANS,LANTUS,20,999
ocr,all,algorithm_6_nested__without_skeleton_signal,464,0.4978448275862069,0.6400862068965517,0.7306034482758621,0.5604623124368306,125,nested_algorithm_5_component,consonant skeleton,Remove the consonant-skeleton key from candidate retrieval and scoring.,signal,0.0,3.0,0.0,1.0,lost_hit_at_20,TUTORIALAE,KETOROLAC,7,999
ocr,development,algorithm_6_nested__without_skeleton_signal,371,0.5040431266846361,0.6307277628032345,0.7142857142857143,0.5596727867379524,106,nested_algorithm_5_component,consonant skeleton,Remove the consonant-skeleton key from candidate retrieval and scoring.,signal,0.0,2.0,0.0,1.0,lost_hit_at_20,TUTORIALAE,KETOROLAC,7,999
ocr,holdout,algorithm_6_nested__without_skeleton_signal,93,0.4731182795698925,0.6774193548387096,0.7956989247311828,0.5636119257086999,19,nested_algorithm_5_component,consonant skeleton,Remove the consonant-skeleton key from candidate retrieval and scoring.,signal,0.0,1.0,0.0,0.0,lost_hit_at_1,ECOFIXIM,CEFIXIME,1,3
ocr,all,algorithm_6_nested__without_strict_full_name_correction,464,0.4956896551724138,0.6336206896551724,0.7327586206896551,0.5563822330334754,124,nested_algorithm_5_component,strict full-name correction,Suppress the bounded promotion of a strictly closer rescue-only full name.,reranker,0.0,4.0,0.0,0.0,lost_hit_at_1,MYOLANA,MYOLAX,1,2
ocr,development,algorithm_6_nested__without_strict_full_name_correction,371,0.49865229110512127,0.6226415094339622,0.7169811320754716,0.5525783238483413,105,nested_algorithm_5_component,strict full-name correction,Suppress the bounded promotion of a strictly closer rescue-only full name.,reranker,0.0,4.0,0.0,0.0,lost_hit_at_1,MYOLANA,MYOLAX,1,2
ocr,holdout,algorithm_6_nested__without_strict_full_name_correction,93,0.4838709677419355,0.6774193548387096,0.7956989247311828,0.5715569675247093,19,nested_algorithm_5_component,strict full-name correction,Suppress the bounded promotion of a strictly closer rescue-only full name.,reranker,0.0,0.0,0.0,0.0,ranking_changed_without_top_k_change,IJ6EK,VIGOREX,999,999
ocr,all,algorithm_6_nested__without_subsequence_signal,464,0.5,0.6314655172413793,0.7306034482758621,0.5604675295464768,125,nested_algorithm_5_component,subsequence evidence,Set ordered-subsequence similarity to zero.,signal,1.0,3.0,1.0,2.0,lost_hit_at_20,TUTORIALAE,KETOROLAC,7,999
ocr,development,algorithm_6_nested__without_subsequence_signal,371,0.5040431266846361,0.6199460916442049,0.7142857142857143,0.5579950695889127,106,nested_algorithm_5_component,subsequence evidence,Set ordered-subsequence similarity to zero.,signal,1.0,3.0,1.0,2.0,lost_hit_at_20,TUTORIALAE,KETOROLAC,7,999
ocr,holdout,algorithm_6_nested__without_subsequence_signal,93,0.4838709677419355,0.6774193548387096,0.7956989247311828,0.5703307837857923,19,nested_algorithm_5_component,subsequence evidence,Set ordered-subsequence similarity to zero.,signal,0.0,0.0,0.0,0.0,ranking_changed_without_top_k_change,LECITHIN,CEFIXIME,999,999
ocr,all,algorithm_6_nested__without_suffix_signal,464,0.4956896551724138,0.6314655172413793,0.7327586206896551,0.5566989889295757,124,nested_algorithm_5_component,suffix evidence,"Set suffix similarity to zero in retrieval, scoring, and corrections.",signal,1.0,5.0,0.0,0.0,lost_hit_at_1,RIVOFLURAL,RIVOTRIL,1,2
ocr,development,algorithm_6_nested__without_suffix_signal,371,0.5013477088948787,0.6199460916442049,0.7169811320754716,0.5552515952365117,105,nested_algorithm_5_component,suffix evidence,"Set suffix similarity to zero in retrieval, scoring, and corrections.",signal,0.0,3.0,0.0,0.0,lost_hit_at_1,RIVOFLURAL,RIVOTRIL,1,2
ocr,holdout,algorithm_6_nested__without_suffix_signal,93,0.4731182795698925,0.6774193548387096,0.7956989247311828,0.5624730003287878,19,nested_algorithm_5_component,suffix evidence,"Set suffix similarity to zero in retrieval, scoring, and corrections.",signal,1.0,2.0,0.0,0.0,lost_hit_at_1,CEFAXIME,CEFIXIME,1,2
ocr,all,algorithm_6_nested__without_transposition_variant_rescue,464,0.5043103448275862,0.6357758620689655,0.7327586206896551,0.562488554872556,124,nested_algorithm_5_component,transposition rescue,Remove adjacent-transposition variants and transposition-plus-deletion chains.,retrieval,0.0,0.0,0.0,0.0,ranking_changed_without_top_k_change,H,RIVO,999,999
ocr,development,algorithm_6_nested__without_transposition_variant_rescue,371,0.5094339622641509,0.6253369272237197,0.7169811320754716,0.5599907227701741,105,nested_algorithm_5_component,transposition rescue,Remove adjacent-transposition variants and transposition-plus-deletion chains.,retrieval,0.0,0.0,0.0,0.0,ranking_changed_without_top_k_change,H,RIVO,999,999
ocr,holdout,algorithm_6_nested__without_transposition_variant_rescue,93,0.4838709677419355,0.6774193548387096,0.7956989247311828,0.5724530248723796,19,nested_algorithm_5_component,transposition rescue,Remove adjacent-transposition variants and transposition-plus-deletion chains.,retrieval,0.0,0.0,0.0,0.0,ranking_changed_without_top_k_change,IJ6EK,VIGOREX,999,999
ocr,all,algorithm_6_nested__without_variant_head_rescue,464,0.48060344827586204,0.6056034482758621,0.709051724137931,0.5368404242675286,135,nested_algorithm_5_component,family-head rescue,Remove matching against validated catalog family heads.,retrieval,1.0,12.0,0.0,11.0,lost_hit_at_20,LANYU,LANTUS,2,999
ocr,development,algorithm_6_nested__without_variant_head_rescue,371,0.49056603773584906,0.6091644204851752,0.7115902964959568,0.544400248554363,107,nested_algorithm_5_component,family-head rescue,Remove matching against validated catalog family heads.,retrieval,1.0,8.0,0.0,2.0,lost_hit_at_20,AVASADLAR,ABASAGLAR,1,999
ocr,holdout,algorithm_6_nested__without_variant_head_rescue,93,0.44086021505376344,0.5913978494623656,0.6989247311827957,0.5066824155533832,28,nested_algorithm_5_component,family-head rescue,Remove matching against validated catalog family heads.,retrieval,0.0,4.0,0.0,9.0,lost_hit_at_20,LANYU,LANTUS,2,999
ocr,all,algorithm_6_nested__without_visual_deletion_chain_rescue,464,0.5043103448275862,0.6357758620689655,0.7327586206896551,0.5624167157920962,124,nested_algorithm_5_component,visual-deletion chains,Remove exact candidates requiring visual confusions plus a missing character.,retrieval,0.0,0.0,0.0,0.0,ranking_changed_without_top_k_change,H,RIVO,999,999
ocr,development,algorithm_6_nested__without_visual_deletion_chain_rescue,371,0.5094339622641509,0.6253369272237197,0.7169811320754716,0.560125493659662,105,nested_algorithm_5_component,visual-deletion chains,Remove exact candidates requiring visual confusions plus a missing character.,retrieval,0.0,0.0,0.0,0.0,ranking_changed_without_top_k_change,H,RIVO,999,999
ocr,holdout,algorithm_6_nested__without_visual_deletion_chain_rescue,93,0.4838709677419355,0.6774193548387096,0.7956989247311828,0.5715569675247093,19,nested_algorithm_5_component,visual-deletion chains,Remove exact candidates requiring visual confusions plus a missing character.,retrieval,0.0,0.0,0.0,0.0,ranking_changed_without_top_k_change,IJ6EK,VIGOREX,999,999
ocr,all,algorithm_6_nested__without_visual_phonetic_chain_rescue,464,0.5043103448275862,0.6357758620689655,0.7327586206896551,0.5624286889721727,124,nested_algorithm_5_component,visual-phonetic chains,Remove exact candidates requiring a visual replacement followed by a phonetic replacement.,retrieval,0.0,0.0,0.0,0.0,ranking_changed_without_top_k_change,H,RIVO,999,999
ocr,development,algorithm_6_nested__without_visual_phonetic_chain_rescue,371,0.5094339622641509,0.6253369272237197,0.7169811320754716,0.5601404682029384,105,nested_algorithm_5_component,visual-phonetic chains,Remove exact candidates requiring a visual replacement followed by a phonetic replacement.,retrieval,0.0,0.0,0.0,0.0,ranking_changed_without_top_k_change,H,RIVO,999,999
ocr,holdout,algorithm_6_nested__without_visual_phonetic_chain_rescue,93,0.4838709677419355,0.6774193548387096,0.7956989247311828,0.5715569675247093,19,nested_algorithm_5_component,visual-phonetic chains,Remove exact candidates requiring a visual replacement followed by a phonetic replacement.,retrieval,0.0,0.0,0.0,0.0,ranking_changed_without_top_k_change,IJ6EK,VIGOREX,999,999
ocr,all,algorithm_6_nested__without_weighted_confusion_cost,464,0.4870689655172414,0.625,0.728448275862069,0.5489466897440869,126,nested_algorithm_5_component,weighted confusion costs,Give every non-identical replacement unit cost.,signal,1.0,9.0,3.0,5.0,lost_hit_at_20,KETOMAN,KATOMOR,14,999
ocr,development,algorithm_6_nested__without_weighted_confusion_cost,371,0.49326145552560646,0.6172506738544474,0.7142857142857143,0.5493774315674376,106,nested_algorithm_5_component,weighted confusion costs,Give every non-identical replacement unit cost.,signal,1.0,7.0,3.0,4.0,lost_hit_at_20,KETOMAN,KATOMOR,14,999
ocr,holdout,algorithm_6_nested__without_weighted_confusion_cost,93,0.46236559139784944,0.6559139784946236,0.7849462365591398,0.5472283540831928,20,nested_algorithm_5_component,weighted confusion costs,Give every non-identical replacement unit cost.,signal,0.0,2.0,0.0,1.0,lost_hit_at_20,CEFTRIAXONE,CEFIXIME,18,999
ocr,all,algorithm_6_nested__without_weighted_edge_rerankers,464,0.5043103448275862,0.6357758620689655,0.7327586206896551,0.5624167157920962,124,nested_algorithm_5_component,weighted-edge rerankers,Disable weighted-distance and prefix/suffix tie corrections.,reranker,0.0,0.0,0.0,0.0,ranking_changed_without_top_k_change,H,RIVO,999,999
ocr,development,algorithm_6_nested__without_weighted_edge_rerankers,371,0.5094339622641509,0.6253369272237197,0.7169811320754716,0.560125493659662,105,nested_algorithm_5_component,weighted-edge rerankers,Disable weighted-distance and prefix/suffix tie corrections.,reranker,0.0,0.0,0.0,0.0,ranking_changed_without_top_k_change,H,RIVO,999,999
ocr,holdout,algorithm_6_nested__without_weighted_edge_rerankers,93,0.4838709677419355,0.6774193548387096,0.7956989247311828,0.5715569675247093,19,nested_algorithm_5_component,weighted-edge rerankers,Disable weighted-distance and prefix/suffix tie corrections.,reranker,0.0,0.0,0.0,0.0,ranking_changed_without_top_k_change,IJ6EK,VIGOREX,999,999
ocr,all,algorithm_6_nested__without_weighted_edit_similarity,464,0.4956896551724138,0.6056034482758621,0.6616379310344828,0.5410072981817537,157,nested_algorithm_5_component,weighted edit similarity,Set confusion-weighted normalized edit similarity to zero.,signal,4.0,8.0,2.0,35.0,lost_hit_at_20,TUTORIALAE,KETOROLAC,7,999
ocr,development,algorithm_6_nested__without_weighted_edit_similarity,371,0.49326145552560646,0.601078167115903,0.6495956873315364,0.5368600524331834,130,nested_algorithm_5_component,weighted edit similarity,Set confusion-weighted normalized edit similarity to zero.,signal,1.0,7.0,2.0,27.0,lost_hit_at_20,TUTORIALAE,KETOROLAC,7,999
ocr,holdout,algorithm_6_nested__without_weighted_edit_similarity,93,0.5053763440860215,0.6236559139784946,0.7096774193548387,0.5575516871357279,27,nested_algorithm_5_component,weighted edit similarity,Set confusion-weighted normalized edit similarity to zero.,signal,3.0,1.0,0.0,8.0,lost_hit_at_20,INDULGENCE,INDERAL,10,999
synthetic,all,algorithm_6_nested__without_all_multi_step_chain_rescue,66257,0.976757172827022,0.9939629020329928,0.9972983986597642,0.9843027376407709,179,nested_algorithm_5_component,all multi-step chains,Remove every Algorithm 5 multi-operation variant and exact-chain retrieval path.,retrieval,3.0,343.0,0.0,178.0,lost_hit_at_20,uraranx,ORAMAX,1,999
synthetic,development,algorithm_6_nested__without_all_multi_step_chain_rescue,52906,0.9769780365175973,0.994008241031263,0.9973726987487241,0.9844596879014856,139,nested_algorithm_5_component,all multi-step chains,Remove every Algorithm 5 multi-operation variant and exact-chain retrieval path.,retrieval,2.0,264.0,0.0,138.0,lost_hit_at_20,uraranx,ORAMAX,1,999
synthetic,holdout,algorithm_6_nested__without_all_multi_step_chain_rescue,13351,0.9758819564077598,0.9937832372106958,0.9970039697400944,0.9836807909331553,40,nested_algorithm_5_component,all multi-step chains,Remove every Algorithm 5 multi-operation variant and exact-chain retrieval path.,retrieval,1.0,79.0,0.0,40.0,lost_hit_at_20,zrtil,ROZTEL,3,999
synthetic,all,algorithm_6_nested__without_all_reranking,66257,0.9717312887694886,0.9951854143713117,0.9999547217652475,0.982246396852434,3,nested_algorithm_5_component,all reranking,Keep merged score order and remove Algorithm 5 top-rank corrections.,reranker,110.0,783.0,0.0,2.0,lost_hit_at_20,betavds,BETAVAL S,3,999
synthetic,development,algorithm_6_nested__without_all_reranking,52906,0.97202585718066,0.9951045250066155,0.9999621971042982,0.9823891070143332,2,nested_algorithm_5_component,all reranking,Keep merged score order and remove Algorithm 5 top-rank corrections.,reranker,91.0,615.0,0.0,1.0,lost_hit_at_20,varvd,VAVRA D,10,999
synthetic,holdout,algorithm_6_nested__without_all_reranking,13351,0.9705640026964273,0.9955059546101416,0.9999250992435024,0.9816808793761825,1,nested_algorithm_5_component,all reranking,Keep merged score order and remove Algorithm 5 top-rank corrections.,reranker,19.0,168.0,0.0,1.0,lost_hit_at_20,betavds,BETAVAL S,3,999
synthetic,all,algorithm_6_nested__without_context_cleanup,66257,0.9818887060989783,0.9965286686689708,0.9999849072550825,0.9884128043253494,1,nested_algorithm_5_component,context cleanup,Suppress the second external search on context-cleaned query text.,component,0.0,0.0,0.0,0.0,,,,,
synthetic,development,algorithm_6_nested__without_context_cleanup,52906,0.9819302158545344,0.9965599364911352,0.9999810985521491,0.9884662926884283,1,nested_algorithm_5_component,context cleanup,Suppress the second external search on context-cleaned query text.,component,0.0,0.0,0.0,0.0,,,,,
synthetic,holdout,algorithm_6_nested__without_context_cleanup,13351,0.9817242154145757,0.9964047636881133,1.0,0.988200846019824,0,nested_algorithm_5_component,context cleanup,Suppress the second external search on context-cleaned query text.,component,0.0,0.0,0.0,0.0,,,,,
synthetic,all,algorithm_6_nested__without_external_retriever,66257,0.9800322984741235,0.9965890396486409,0.9999849072550825,0.9874778153803475,1,nested_algorithm_5_component,external retriever,"Remove Algorithm 2 candidate retrieval, including its cleaned-context pass.",component,59.0,182.0,0.0,0.0,lost_hit_at_1,pnasonex,PRAZONEX,1,2
synthetic,development,algorithm_6_nested__without_external_retriever,52906,0.9800400710694439,0.9966733451782407,0.9999810985521491,0.9875026418077772,1,nested_algorithm_5_component,external retriever,"Remove Algorithm 2 candidate retrieval, including its cleaned-context pass.",component,43.0,143.0,0.0,0.0,lost_hit_at_1,calcynox,CALCYBOX,1,2
synthetic,holdout,algorithm_6_nested__without_external_retriever,13351,0.9800014980151299,0.996254962175118,1.0,0.987379435710691,0,nested_algorithm_5_component,external retriever,"Remove Algorithm 2 candidate retrieval, including its cleaned-context pass.",component,16.0,39.0,0.0,0.0,lost_hit_at_1,pnasonex,PRAZONEX,1,2
synthetic,all,algorithm_6_nested__without_ngram_signal,66257,0.98120953257769,0.9953363418204869,0.9995472176524745,0.9876634454731273,30,nested_algorithm_5_component,character n-grams,Remove character n-gram retrieval and scoring evidence.,signal,106.0,151.0,1.0,30.0,lost_hit_at_20,curnano,CUMINO,12,999
synthetic,development,algorithm_6_nested__without_ngram_signal,52906,0.9812686651797528,0.9954825539636336,0.9995085623558765,0.9877214821861778,26,nested_algorithm_5_component,character n-grams,Remove character n-gram retrieval and scoring evidence.,signal,85.0,120.0,1.0,26.0,lost_hit_at_20,curnano,CUMINO,12,999
synthetic,holdout,algorithm_6_nested__without_ngram_signal,13351,0.9809752078495992,0.9947569470451652,0.9997003969740095,0.987433463423794,4,nested_algorithm_5_component,character n-grams,Remove character n-gram retrieval and scoring evidence.,signal,21.0,31.0,0.0,4.0,lost_hit_at_20,mudira,MUCLEAR,14,999
synthetic,all,algorithm_6_nested__without_phonetic_signal,66257,0.9806058227809892,0.9956683822086723,0.9994264756931344,0.9874037810364447,38,nested_algorithm_5_component,phonetic evidence,Remove the phonetic key from candidate retrieval and scoring.,signal,55.0,140.0,1.0,38.0,lost_hit_at_20,ivetsn,OVESTIN,2,999
synthetic,development,algorithm_6_nested__without_phonetic_signal,52906,0.9805693116092693,0.9957093713378444,0.9994329565644728,0.9874358128482894,30,nested_algorithm_5_component,phonetic evidence,Remove the phonetic key from candidate retrieval and scoring.,signal,43.0,115.0,1.0,30.0,lost_hit_at_20,ivetsn,OVESTIN,2,999
synthetic,holdout,algorithm_6_nested__without_phonetic_signal,13351,0.9807505055801063,0.9955059546101416,0.9994007939480188,0.9872768485941209,8,nested_algorithm_5_component,phonetic evidence,Remove the phonetic key from candidate retrieval and scoring.,signal,12.0,25.0,0.0,8.0,lost_hit_at_20,epiy,OPIE,5,999
synthetic,all,algorithm_6_nested__without_raw_edit_similarity,66257,0.980832213954752,0.9953061563306519,0.9992000845193716,0.9874051321722309,53,nested_algorithm_5_component,raw edit similarity,Set unweighted normalized edit similarity to zero while retaining distances used by guards.,signal,79.0,149.0,0.0,52.0,lost_hit_at_20,bnut,BONE D,4,999
synthetic,development,algorithm_6_nested__without_raw_edit_similarity,52906,0.9808717347748838,0.9953313423808263,0.9992628435338147,0.9874731270195839,39,nested_algorithm_5_component,raw edit similarity,Set unweighted normalized edit similarity to zero while retaining distances used by guards.,signal,60.0,116.0,0.0,38.0,lost_hit_at_20,bnut,BONE D,4,999
synthetic,holdout,algorithm_6_nested__without_raw_edit_similarity,13351,0.9806756048236087,0.995206351584151,0.998951389409033,0.9871356890298405,14,nested_algorithm_5_component,raw edit similarity,Set unweighted normalized edit similarity to zero while retaining distances used by guards.,signal,19.0,33.0,0.0,14.0,lost_hit_at_20,epro,PEDRO,14,999
synthetic,all,algorithm_6_nested__without_rescue_layer,66257,0.9534690674192915,0.9693768205623556,0.977164676939795,0.9605494161770762,1513,nested_algorithm_5_component,family rescue,Remove the complete Algorithm 5 family-rescue result list.,component,219.0,2102.0,0.0,1512.0,lost_hit_at_20,uraranx,ORAMAX,1,999
synthetic,development,algorithm_6_nested__without_rescue_layer,52906,0.9544286092314671,0.9700979094998677,0.9776773900880807,0.9614205348789235,1181,nested_algorithm_5_component,family rescue,Remove the complete Algorithm 5 family-rescue result list.,component,177.0,1632.0,0.0,1180.0,lost_hit_at_20,uraranx,ORAMAX,1,999
synthetic,holdout,algorithm_6_nested__without_rescue_layer,13351,0.9496666916335855,0.9665193618455546,0.9751329488427833,0.9570974345996706,332,nested_algorithm_5_component,family rescue,Remove the complete Algorithm 5 family-rescue result list.,component,42.0,470.0,0.0,332.0,lost_hit_at_20,bwbvo,BEBOVI,1,999
synthetic,all,algorithm_6_nested__without_safety_clarification_gate,66257,0.9818887060989783,0.9965286686689708,0.9999849072550825,0.9884128043253494,1,nested_algorithm_5_component,safety clarification gate,Return the same ranking without Algorithm 5 clarification flags.,safety,0.0,0.0,0.0,0.0,,,,,
synthetic,development,algorithm_6_nested__without_safety_clarification_gate,52906,0.9819302158545344,0.9965599364911352,0.9999810985521491,0.9884662926884283,1,nested_algorithm_5_component,safety clarification gate,Return the same ranking without Algorithm 5 clarification flags.,safety,0.0,0.0,0.0,0.0,,,,,
synthetic,holdout,algorithm_6_nested__without_safety_clarification_gate,13351,0.9817242154145757,0.9964047636881133,1.0,0.988200846019824,0,nested_algorithm_5_component,safety clarification gate,Return the same ranking without Algorithm 5 clarification flags.,safety,0.0,0.0,0.0,0.0,,,,,
synthetic,all,algorithm_6_nested__without_skeleton_signal,66257,0.9815113874760403,0.9959098661273525,0.9995019394177219,0.9880420852570784,33,nested_algorithm_5_component,consonant skeleton,Remove the consonant-skeleton key from candidate retrieval and scoring.,signal,78.0,103.0,1.0,33.0,lost_hit_at_20,ivetsn,OVESTIN,2,999
synthetic,development,algorithm_6_nested__without_skeleton_signal,52906,0.9815143840018146,0.9960306959513099,0.9995274638037274,0.98812017908296,25,nested_algorithm_5_component,consonant skeleton,Remove the consonant-skeleton key from candidate retrieval and scoring.,signal,58.0,80.0,1.0,25.0,lost_hit_at_20,ivetsn,OVESTIN,2,999
synthetic,holdout,algorithm_6_nested__without_skeleton_signal,13351,0.9814995131450828,0.9954310538536439,0.9994007939480188,0.9877326228982961,8,nested_algorithm_5_component,consonant skeleton,Remove the consonant-skeleton key from candidate retrieval and scoring.,signal,20.0,23.0,0.0,8.0,lost_hit_at_20,epiy,OPIE,5,999
synthetic,all,algorithm_6_nested__without_variant_head_rescue,66257,0.9822207464871636,0.9966343178833934,1.0,0.9886578834448027,0,nested_algorithm_5_component,family-head rescue,Remove matching against validated catalog family heads.,retrieval,27.0,5.0,1.0,0.0,gained_hit_at_20,aclox,ADOX,999,20
synthetic,development,algorithm_6_nested__without_variant_head_rescue,52906,0.9823271462594034,0.9966733451782407,1.0,0.98875076199626,0,nested_algorithm_5_component,family-head rescue,Remove matching against validated catalog family heads.,retrieval,24.0,3.0,1.0,0.0,gained_hit_at_20,aclox,ADOX,999,20
synthetic,holdout,algorithm_6_nested__without_variant_head_rescue,13351,0.9817991161710733,0.9964796644446109,1.0,0.9882898336625091,0,nested_algorithm_5_component,family-head rescue,Remove matching against validated catalog family heads.,retrieval,3.0,2.0,0.0,0.0,lost_hit_at_1,skalo,KASELO,1,6
synthetic,all,algorithm_6_nested__without_weighted_edit_similarity,66257,0.9782362618289389,0.9935101196854672,0.9967852453325686,0.9849890619597679,213,nested_algorithm_5_component,weighted edit similarity,Set confusion-weighted normalized edit similarity to zero.,signal,126.0,368.0,0.0,212.0,lost_hit_at_20,ccttex,COLDEX,8,999
synthetic,development,algorithm_6_nested__without_weighted_edit_similarity,52906,0.9783011378671607,0.9934600990435868,0.9968623596567497,0.9849909842184927,166,nested_algorithm_5_component,weighted edit similarity,Set confusion-weighted normalized edit similarity to zero.,signal,99.0,291.0,0.0,165.0,lost_hit_at_20,ccttex,COLDEX,8,999
synthetic,holdout,algorithm_6_nested__without_weighted_edit_similarity,13351,0.9779791775896937,0.9937083364541982,0.9964796644446109,0.9849814446262273,47,nested_algorithm_5_component,weighted edit similarity,Set confusion-weighted normalized edit similarity to zero.,signal,27.0,77.0,0.0,47.0,lost_hit_at_20,htoraso,BIORAZO,3,999
