{
  "accepted_cases": 248,
  "case_mode": "accepted",
  "algorithms": [
    "algorithm_1_current_app",
    "algorithm_2_external_fast",
    "algorithm_3_rank_fusion",
    "algorithm_4_family_rescue"
  ],
  "result_rows": 992,
  "all_scope_metrics": [
    {
      "algorithm": "algorithm_1_current_app",
      "scope": "all",
      "cases": 248,
      "hit_at_1": 0.2661290322580645,
      "hit_at_5": 0.38306451612903225,
      "hit_at_10": 0.4314516129032258,
      "hit_at_20": 0.45161290322580644,
      "mrr_at_20": 0.3148190665322581,
      "unsafe_confident_top1_rate": 0.0,
      "clarification_rate": 0.9435483870967742,
      "mean_latency_ms": 1.5303951612903226,
      "median_latency_ms": 0.983
    },
    {
      "algorithm": "algorithm_2_external_fast",
      "scope": "all",
      "cases": 248,
      "hit_at_1": 0.6008064516129032,
      "hit_at_5": 0.7620967741935484,
      "hit_at_10": 0.8064516129032258,
      "hit_at_20": 0.842741935483871,
      "mrr_at_20": 0.6632401570564516,
      "unsafe_confident_top1_rate": 0.0,
      "clarification_rate": 1.0,
      "mean_latency_ms": 20.10385483870968,
      "median_latency_ms": 18.238999999999997
    },
    {
      "algorithm": "algorithm_3_rank_fusion",
      "scope": "all",
      "cases": 248,
      "hit_at_1": 0.6008064516129032,
      "hit_at_5": 0.7620967741935484,
      "hit_at_10": 0.8064516129032258,
      "hit_at_20": 0.842741935483871,
      "mrr_at_20": 0.6632401570564516,
      "unsafe_confident_top1_rate": 0.0,
      "clarification_rate": 1.0,
      "mean_latency_ms": 20.272620967741933,
      "median_latency_ms": 18.451
    },
    {
      "algorithm": "algorithm_4_family_rescue",
      "scope": "all",
      "cases": 248,
      "hit_at_1": 0.6008064516129032,
      "hit_at_5": 0.7620967741935484,
      "hit_at_10": 0.8064516129032258,
      "hit_at_20": 0.842741935483871,
      "mrr_at_20": 0.6632401570564516,
      "unsafe_confident_top1_rate": 0.0,
      "clarification_rate": 1.0,
      "mean_latency_ms": 20.209056451612906,
      "median_latency_ms": 18.5575
    }
  ]
}
