algorithm,algorithm_label,denominator,cases,hit_at_1,hit_at_20,behavior_success,unsafe_confident_top1_rate,delta_hit_at_1_vs_inclusive,delta_hit_at_20_vs_inclusive,delta_behavior_success_vs_inclusive
algorithm_1_current_app,"Algorithm 1, current app",inclusive_115000,115000,0.7525652173913043,0.8840434782608696,0.8866086956521739,0.00016521739130434784,0.0,0.0,0.0
algorithm_1_current_app,"Algorithm 1, current app",fair_collision_excluded,109974,0.7868405259424955,0.9065779184170804,0.9092603706330588,0.00017276810882572245,0.03427530855119121,0.022534440156210755,0.02265167498088483
algorithm_2_external_fast,"Algorithm 2, external fast",inclusive_115000,115000,0.7930086956521739,0.9183739130434783,0.9128608695652174,0.06395652173913044,0.0,0.0,0.0
algorithm_2_external_fast,"Algorithm 2, external fast",fair_collision_excluded,109974,0.8292505501300307,0.9397403022532599,0.9339753032534963,0.02840671431429247,0.03624185447785677,0.021366389209781622,0.021114433688278922
algorithm_3_rank_fusion,"Algorithm 3, rank fusion",inclusive_115000,115000,0.8103478260869565,0.9309478260869565,0.9332521739130435,0.0,0.0,0.0,0.0
algorithm_3_rank_fusion,"Algorithm 3, rank fusion",fair_collision_excluded,109974,0.8473730154400131,0.9533889828504919,0.9557986433156928,0.0,0.03702518935305654,0.02244115676353542,0.02254646940264926
algorithm_4_family_rescue,"Algorithm 4, family rescue",inclusive_115000,115000,0.8211652173913043,0.9341217391304348,0.9363739130434783,0.0,0.0,0.0,0.0
algorithm_4_family_rescue,"Algorithm 4, family rescue",fair_collision_excluded,109974,0.8586938730972775,0.9564897157509957,0.958844817866041,0.0,0.03752865570597319,0.022367976620560892,0.022470904822562754
