mistake_type,failures,failure_share,hit_at_20,behavior_success,unsafe_confident_top1
type_2_equal_edit_evidence,1954,0.12574002574002574,0.8915046059365405,0.8915046059365405,0.0
type_3_unreadable_continuation,1792,0.11531531531531532,0.65625,0.65625,0.0
type_4_family_variant,721,0.046396396396396394,0.7739251040221914,0.7739251040221914,0.0
type_5_candidate_generation,3794,0.24414414414414415,0.0,0.06826568265682657,0.0
type_6_candidate_ranking,7279,0.4684041184041184,1.0,1.0,0.0
