model,representation,rows,exact_matches,exact_accuracy,mean_normalized_edit_distance,median_latency_ms,mean_latency_ms,p95_latency_ms,empty_outputs,empty_output_rate,runtime_errors
Fine-tuned TrOCR Base,data4_processed84,780,259,0.33205128205128204,0.2653250641025641,130.392,168.05513333333332,183.731,0,0.0,0
Fine-tuned TrOCR Base,data5_original,780,313,0.4012820512820513,0.22224966153846154,111.17,162.66095384615386,587.648,0,0.0,0
PaddleOCR PP-OCRv6 medium,data4_processed84,780,164,0.21025641025641026,0.3337148794871794,76.71,96.08455384615385,79.226,4,0.005128205128205128,0
PaddleOCR PP-OCRv6 medium,data5_original,780,352,0.4512820512820513,0.17613397435897435,75.979,116.57293333333334,138.837,0,0.0,0
Zero-shot TrOCR Base,data4_processed84,780,166,0.2128205128205128,0.4421825282051282,128.825,173.81876923076922,248.069,0,0.0,0
Zero-shot TrOCR Base,data5_original,780,201,0.25769230769230766,0.40923990897435897,131.152,224.5083435897436,1066.126,0,0.0,0
Tesseract 5.5.1,data4_processed84,780,3,0.0038461538461538464,0.8004350064102563,65.42,73.28604358974358,95.976,58,0.07435897435897436,0
Tesseract 5.5.1,data5_original,780,49,0.06282051282051282,0.5910394051282052,66.6745,69.8723858974359,94.138,48,0.06153846153846154,0
