model,paired_rows,data4_exact,data5_exact,accuracy_delta_data5_minus_data4,both_exact,data4_only_exact,data5_only_exact,neither_exact,data4_mean_normalized_edit_distance,data5_mean_normalized_edit_distance,mean_distance_delta_data5_minus_data4
Fine-tuned TrOCR Base,780,259,313,0.06923076923076923,221,38,92,429,0.2653250641025641,0.22224966153846154,-0.04307540256410258
PaddleOCR PP-OCRv6 medium,780,164,352,0.24102564102564103,156,8,196,420,0.3337148794871794,0.17613397435897435,-0.15758090512820508
Zero-shot TrOCR Base,780,166,201,0.04487179487179487,145,21,56,558,0.4421825282051282,0.40923990897435897,-0.03294261923076924
Tesseract 5.5.1,780,3,49,0.05897435897435897,0,3,49,728,0.8004350064102563,0.5910394051282052,-0.20939560128205115
