mistake_type,failures,failure_share,hit_at_20,behavior_success,unsafe_confident_top1
type_2_equal_edit_evidence,102,0.09147982062780269,0.8921568627450981,0.8921568627450981,0.0
type_4_family_variant,122,0.10941704035874439,0.8524590163934426,0.8524590163934426,0.0
type_5_candidate_generation,374,0.33542600896860986,0.0,0.026737967914438502,0.0
type_6_candidate_ranking,517,0.46367713004484307,1.0,1.0,0.0
